event_id,event_type,severity,department,employee_id,location,created_at,resolved_at,status,requires_approval
EVTFC9DD6AA,Customer Escalation,Warning,Finance,EMP5BB7C262,Austin,2024-12-03 00:00:00,2024-12-06 00:00:00,Resolved,No
EVT4E70FD8B,Purchase Request,Normal,Sales,EMP287DA7B4,New York,2024-04-10 00:00:00,2024-04-18 00:00:00,Escalated,Yes
EVTB3CF8B02,Employee Injury,Critical,IT,EMP1652834A,Phoenix,2024-11-24 00:00:00,2024-11-26 00:00:00,Resolved,Yes
EVT7BBC101E,Compliance Issue,Critical,Operations,EMP190354FD,Dallas,2024-11-09 00:00:00,2024-11-12 00:00:00,Resolved,Yes
EVT5AA1211A,Customer Escalation,Normal,Marketing,EMP343F0BD5,San Antonio,2024-04-29 00:00:00,2024-05-12 00:00:00,Resolved,No
EVT4558636D,Machine Breakdown,Warning,Manufacturing,EMPFA8EDC9B,Jacksonville,2024-09-01 00:00:00,2024-09-04 00:00:00,Resolved,No
EVT5B745E0E,Cyber Alert,Critical,Sales,EMPE2E2BC1B,Chicago,2024-06-02 00:00:00,2024-06-04 00:00:00,Resolved,Yes
EVT1D8935B8,Purchase Request,Warning,Manufacturing,EMPB994A18F,Dallas,2024-04-23 00:00:00,2024-04-27 00:00:00,Escalated,Yes
EVTC65B0B52,Machine Breakdown,Critical,Logistics,EMP47A7189A,Dallas,2024-03-25 00:00:00,,Pending,No
EVT88C55ABB,Inventory Shortage,Warning,Sales,EMP00FAB26B,Chicago,2024-11-13 00:00:00,,Pending,Yes
EVTF1331C7B,Machine Breakdown,Critical,Procurement,EMP425F23E3,Dallas,2024-04-06 00:00:00,,Pending,No
EVT33B870A1,Power Outage,Critical,Operations,EMP2649ABCA,Philadelphia,2024-12-28 00:00:00,2024-12-31 00:00:00,Resolved,Yes
EVT7D5D5409,Equipment Failure,Critical,Finance,EMPC43040EE,Phoenix,2024-09-26 00:00:00,2024-09-27 00:00:00,Resolved,No
EVTC684475A,Power Outage,Critical,IT,EMP1EA588B9,San Diego,2024-07-22 00:00:00,2024-07-23 00:00:00,Resolved,Yes
EVT1157F13C,Purchase Request,Normal,Manufacturing,EMP1E9D029D,San Jose,2024-05-04 00:00:00,2024-05-19 00:00:00,Resolved,Yes
EVTEB51C22B,Equipment Failure,Critical,IT,EMP98C2294E,Dallas,2024-09-25 00:00:00,2024-09-28 00:00:00,Resolved,Yes
EVTF9982AE7,Purchase Request,Normal,Finance,EMPA607C19C,Los Angeles,2024-05-28 00:00:00,2024-06-11 00:00:00,Resolved,Yes
EVT613F021A,Customer Escalation,Warning,Marketing,EMP9404F5CC,Houston,2024-10-03 00:00:00,2024-10-10 00:00:00,Resolved,No
EVT42C46105,Compliance Issue,Warning,Logistics,EMP200D0008,Chicago,2024-08-17 00:00:00,,Pending,No
EVT169B757D,Inventory Shortage,Critical,Quality,EMP2A1E43F7,New York,2024-03-28 00:00:00,2024-03-29 00:00:00,Resolved,Yes
EVT371DB310,Power Outage,Critical,IT,EMP326F19F8,Austin,2024-05-23 00:00:00,2024-05-25 00:00:00,Resolved,No
EVT5795A0EA,Machine Breakdown,Warning,Quality,EMP50791BD9,Houston,2024-10-02 00:00:00,2024-10-08 00:00:00,Resolved,No
EVT2CB19D14,Purchase Request,Normal,Procurement,EMPD8F6940A,Houston,2024-12-13 00:00:00,2024-12-28 00:00:00,Escalated,No
EVT2C2B820A,Compliance Issue,Critical,Marketing,EMP65CD4A9F,Chicago,2024-09-21 00:00:00,,Pending,No
EVT36CE9589,Purchase Request,Normal,HR,EMP9FB0A12C,San Antonio,2024-08-09 00:00:00,,Pending,Yes
EVTC2540A38,Customer Escalation,Critical,Procurement,EMPF3966B90,Phoenix,2024-06-23 00:00:00,2024-06-25 00:00:00,Resolved,No
EVT29D5923B,Employee Injury,Critical,Manufacturing,EMP42361493,New York,2024-10-07 00:00:00,2024-10-08 00:00:00,Resolved,Yes
EVT45B18814,Inventory Shortage,Normal,HR,EMPC2DDB4AE,Austin,2024-11-30 00:00:00,,Pending,No
EVTDF0C8F56,Cyber Alert,Warning,Logistics,EMPDCA73E9A,Houston,2024-02-10 00:00:00,2024-02-15 00:00:00,Resolved,No
EVT846D181F,Purchase Request,Normal,Sales,EMP200D0008,San Antonio,2024-01-02 00:00:00,2024-01-15 00:00:00,Resolved,No
EVT807B0A60,Inventory Shortage,Normal,Logistics,EMP43AB5565,Austin,2024-11-20 00:00:00,2024-11-29 00:00:00,Resolved,No
EVT8DB033E3,Machine Breakdown,Warning,IT,EMPD40CAFC0,Los Angeles,2024-12-05 00:00:00,,Pending,No
EVT94478C91,Machine Breakdown,Critical,Logistics,EMPB2296F0F,Houston,2024-05-06 00:00:00,,Pending,No
EVT95108834,Purchase Request,Normal,Manufacturing,EMPBEED9B0E,Philadelphia,2024-06-21 00:00:00,2024-06-29 00:00:00,Resolved,Yes
EVT8AA381CF,Power Outage,Critical,Manufacturing,EMP75006318,Jacksonville,2024-04-29 00:00:00,2024-04-30 00:00:00,Resolved,No
EVT87FF7073,Cyber Alert,Critical,Manufacturing,EMP5B4D3726,Austin,2024-11-10 00:00:00,2024-11-13 00:00:00,Resolved,No
EVTC19F5BD0,Customer Escalation,Critical,Finance,EMP50B4F8C8,Houston,2024-05-17 00:00:00,,Pending,Yes
EVTDC2CBB79,Purchase Request,Normal,Manufacturing,EMP948CC254,Philadelphia,2024-02-08 00:00:00,,Pending,No
EVTA16B7C7C,Machine Breakdown,Critical,Sales,EMPB124EDA1,Austin,2024-06-19 00:00:00,2024-06-21 00:00:00,Resolved,No
EVT255E714E,Cyber Alert,Critical,Logistics,EMP2979D55A,Phoenix,2024-04-10 00:00:00,2024-04-11 00:00:00,Resolved,No
EVT2DE534BC,Purchase Request,Normal,Operations,EMP0D31773D,Los Angeles,2024-07-29 00:00:00,2024-08-12 00:00:00,Resolved,Yes
EVT2D8A278D,Compliance Issue,Warning,Logistics,EMPA81FFF0F,Philadelphia,2024-07-07 00:00:00,2024-07-11 00:00:00,Resolved,No
EVTE3057A9E,Cyber Alert,Critical,Quality,EMPD884CBC9,New York,2024-01-09 00:00:00,,Pending,No
EVT317B3D4D,Power Outage,Warning,Logistics,EMP90174353,Jacksonville,2024-05-11 00:00:00,,Pending,Yes
EVTF65BAACD,Equipment Failure,Critical,Logistics,EMP858A9484,Chicago,2024-03-30 00:00:00,,Pending,Yes
EVT8CE4FA50,Inventory Shortage,Critical,Sales,EMP5D1D6E90,San Jose,2024-12-29 00:00:00,2024-12-30 00:00:00,Resolved,No
EVT163D77FD,Compliance Issue,Warning,Procurement,EMP1DB91339,Houston,2024-07-06 00:00:00,2024-07-13 00:00:00,Resolved,No
EVTB8816DBE,Equipment Failure,Critical,Logistics,EMP5C375EFA,San Jose,2024-09-26 00:00:00,2024-09-29 00:00:00,Resolved,No
EVT15E470BD,Machine Breakdown,Normal,Manufacturing,EMP86F5BECD,Chicago,2024-10-10 00:00:00,,Pending,Yes
EVT2AFBEC02,Equipment Failure,Critical,Sales,EMP63B5ABA3,San Antonio,2024-11-22 00:00:00,2024-11-23 00:00:00,Resolved,No
EVTAB9BC0F7,Inventory Shortage,Warning,Finance,EMP60BBACA4,Austin,2024-07-14 00:00:00,2024-07-20 00:00:00,Resolved,No
EVTBC6EE731,Cyber Alert,Warning,Marketing,EMP5157FCEC,Dallas,2024-02-21 00:00:00,,Pending,Yes
EVT920BFD3A,Machine Breakdown,Critical,Manufacturing,EMP2E201CBF,Los Angeles,2024-12-30 00:00:00,2025-01-02 00:00:00,Resolved,No
EVTD3336D3E,Equipment Failure,Normal,Sales,EMP81D82BD9,San Antonio,2024-04-18 00:00:00,2024-04-30 00:00:00,Resolved,No
EVT04701D7F,Purchase Request,Normal,Manufacturing,EMP470CFC63,Los Angeles,2024-09-26 00:00:00,2024-10-07 00:00:00,Resolved,Yes
EVT2CDDF84D,Power Outage,Critical,Marketing,EMPF132F327,Austin,2024-09-28 00:00:00,2024-10-01 00:00:00,Resolved,No
EVT4B1D1E16,Purchase Request,Normal,Finance,EMPCEB118DF,Chicago,2024-07-13 00:00:00,,Pending,No
EVT0B4E3789,Equipment Failure,Critical,Manufacturing,EMP25E3B2F0,Phoenix,2024-05-25 00:00:00,2024-05-27 00:00:00,Resolved,No
EVT0E7251F9,Cyber Alert,Warning,Finance,EMPCFA44E08,San Jose,2024-12-15 00:00:00,2024-12-22 00:00:00,Escalated,No
EVTF478296F,Compliance Issue,Normal,Procurement,EMPAC8608BD,Chicago,2024-08-22 00:00:00,2024-09-05 00:00:00,Resolved,Yes
EVT885592C8,Inventory Shortage,Critical,IT,EMP280BD588,Dallas,2024-03-27 00:00:00,2024-03-28 00:00:00,Resolved,No
EVT793ACFEC,Equipment Failure,Warning,Finance,EMP26E04025,Chicago,2024-09-19 00:00:00,2024-09-25 00:00:00,Resolved,Yes
EVT819F1DA2,Employee Injury,Critical,Quality,EMP968D6105,Phoenix,2024-09-02 00:00:00,2024-09-05 00:00:00,Resolved,Yes
EVT098DFD6F,Compliance Issue,Critical,Sales,EMPFCC31417,Philadelphia,2024-01-05 00:00:00,2024-01-07 00:00:00,Resolved,No
EVT17123472,Employee Injury,Warning,HR,EMP47E23C9C,Dallas,2024-10-10 00:00:00,2024-10-16 00:00:00,Resolved,Yes
EVTE157BA8A,Power Outage,Critical,IT,EMPCC904819,Jacksonville,2024-10-09 00:00:00,,Pending,Yes
EVTB95A8127,Cyber Alert,Warning,Sales,EMP320516AE,Philadelphia,2024-10-06 00:00:00,,Pending,No
EVTE9B86411,Vendor Delay,Critical,Sales,EMP3171E9C1,Austin,2024-03-13 00:00:00,,Pending,No
EVT35C38579,Power Outage,Critical,Operations,EMP6D15312E,San Antonio,2024-08-24 00:00:00,2024-08-27 00:00:00,Resolved,No
EVT55B33264,Inventory Shortage,Warning,Operations,EMP07712ACB,Houston,2024-05-28 00:00:00,2024-06-04 00:00:00,Resolved,Yes
EVT4678AB9E,Customer Escalation,Normal,Finance,EMP40C28BFC,San Diego,2024-04-01 00:00:00,2024-04-13 00:00:00,Escalated,No
EVT83566D4F,Employee Injury,Warning,IT,EMPD7C43B3E,New York,2024-07-27 00:00:00,2024-08-02 00:00:00,Resolved,No
EVTD65122F0,Employee Injury,Critical,Procurement,EMPD7DA0A21,Phoenix,2024-12-07 00:00:00,2024-12-08 00:00:00,Resolved,Yes
EVT458F9E07,Equipment Failure,Critical,Logistics,EMPA89E7E6F,Chicago,2024-03-29 00:00:00,2024-03-31 00:00:00,Resolved,Yes
EVTD0464354,Equipment Failure,Warning,Logistics,EMP0C906274,New York,2024-09-29 00:00:00,2024-10-05 00:00:00,Resolved,Yes
EVTCE01832E,Cyber Alert,Warning,Marketing,EMPE13D5555,Los Angeles,2024-07-06 00:00:00,2024-07-10 00:00:00,Resolved,Yes
EVTBFAA6668,Vendor Delay,Warning,Logistics,EMPA3360406,New York,2024-07-09 00:00:00,2024-07-14 00:00:00,Resolved,No
EVTD320F7D3,Machine Breakdown,Critical,Sales,EMP56755065,New York,2024-06-21 00:00:00,,Pending,Yes
EVT4719D1E8,Machine Breakdown,Warning,IT,EMP2D8E1AAE,Chicago,2024-05-10 00:00:00,2024-05-13 00:00:00,Resolved,Yes
EVT1F62D1F4,Employee Injury,Warning,Logistics,EMP6C3B07A7,Austin,2024-07-01 00:00:00,2024-07-07 00:00:00,Resolved,Yes
EVT58129487,Purchase Request,Normal,Manufacturing,EMP56299863,New York,2024-12-01 00:00:00,,Pending,Yes
EVTA20F7CBF,Cyber Alert,Normal,Quality,EMPB915B341,Austin,2024-01-12 00:00:00,2024-01-21 00:00:00,Resolved,No
EVTB085BE38,Vendor Delay,Warning,Sales,EMP190A4315,Phoenix,2024-09-30 00:00:00,,Pending,Yes
EVT9B929B15,Purchase Request,Warning,Sales,EMP3E013FEB,Phoenix,2024-09-09 00:00:00,2024-09-12 00:00:00,Resolved,No
EVT0D336045,Employee Injury,Critical,Finance,EMP452BA220,Los Angeles,2024-05-31 00:00:00,2024-06-03 00:00:00,Resolved,No
EVT333432B0,Cyber Alert,Critical,Marketing,EMP53912D7A,Austin,2024-07-30 00:00:00,2024-08-01 00:00:00,Resolved,No
EVTCF912C18,Inventory Shortage,Critical,Procurement,EMPF9C1A28A,San Antonio,2024-01-22 00:00:00,2024-01-25 00:00:00,Resolved,Yes
EVT860E55D5,Compliance Issue,Warning,Sales,EMPEBF6E82F,San Diego,2024-01-29 00:00:00,2024-02-01 00:00:00,Resolved,Yes
EVTEA07ADB2,Purchase Request,Warning,Procurement,EMP357993D7,San Jose,2024-06-18 00:00:00,2024-06-22 00:00:00,Resolved,No
EVTB45F92F7,Employee Injury,Warning,Sales,EMP27DEF90C,San Jose,2024-06-05 00:00:00,2024-06-12 00:00:00,Resolved,Yes
EVTE6ADAE9E,Purchase Request,Normal,HR,EMP30CBE43D,New York,2024-08-24 00:00:00,2024-09-01 00:00:00,Resolved,Yes
EVTFF16FCE0,Employee Injury,Normal,IT,EMP9FC5204E,San Diego,2024-12-13 00:00:00,2024-12-21 00:00:00,Resolved,No
EVTD077D776,Machine Breakdown,Normal,Sales,EMPF2CF4638,Houston,2024-10-17 00:00:00,,Pending,No
EVTEF3BBD8F,Power Outage,Critical,Quality,EMP5ED24F8E,San Jose,2024-06-27 00:00:00,,Pending,No
EVT524F3CD4,Machine Breakdown,Critical,HR,EMPA0A998A0,Jacksonville,2024-06-22 00:00:00,2024-06-24 00:00:00,Resolved,No
EVTB4A79F7E,Customer Escalation,Warning,Operations,EMPB55BD896,Dallas,2024-10-01 00:00:00,2024-10-08 00:00:00,Resolved,No
EVT6DD5C955,Compliance Issue,Warning,HR,EMP5C9CFBAC,Austin,2024-07-04 00:00:00,2024-07-11 00:00:00,Resolved,Yes
EVTD822F520,Cyber Alert,Warning,Sales,EMPA82AA68A,San Diego,2024-11-09 00:00:00,,Pending,No
EVTA29A0118,Equipment Failure,Critical,Logistics,EMP1F8AFD62,San Jose,2024-06-19 00:00:00,2024-06-21 00:00:00,Resolved,Yes
EVT8A2D3E56,Inventory Shortage,Normal,Logistics,EMPC66C3DE2,Jacksonville,2024-01-03 00:00:00,2024-01-12 00:00:00,Resolved,Yes
EVT79B1B020,Employee Injury,Normal,Finance,EMP5DCEA1AA,Los Angeles,2024-03-06 00:00:00,,Pending,Yes
EVT11816A99,Compliance Issue,Critical,Sales,EMPC1CBA014,San Jose,2024-01-04 00:00:00,,Pending,No
EVTB8D104C9,Vendor Delay,Normal,Quality,EMPAC1CB991,Jacksonville,2024-07-04 00:00:00,2024-07-16 00:00:00,Resolved,No
EVTE9B377F2,Employee Injury,Warning,Sales,EMPD55FE967,San Antonio,2024-09-28 00:00:00,2024-10-03 00:00:00,Resolved,No
EVT15F2F854,Equipment Failure,Critical,HR,EMP9133B9E2,Philadelphia,2024-07-17 00:00:00,2024-07-18 00:00:00,Resolved,No
EVT65DC1598,Inventory Shortage,Warning,IT,EMP2ECECB2D,New York,2024-05-09 00:00:00,2024-05-14 00:00:00,Resolved,No
EVT2443DAD0,Cyber Alert,Warning,Operations,EMPC8BFB27F,Austin,2024-02-12 00:00:00,2024-02-17 00:00:00,Resolved,No
EVTCEA0FECC,Cyber Alert,Critical,Quality,EMP4A5A9B83,Phoenix,2024-12-29 00:00:00,,Pending,Yes
EVTFE67424E,Vendor Delay,Warning,Logistics,EMP4CF49135,Philadelphia,2024-01-28 00:00:00,2024-02-03 00:00:00,Resolved,Yes
EVT89172726,Customer Escalation,Critical,HR,EMP20A874B2,San Diego,2024-07-16 00:00:00,2024-07-17 00:00:00,Resolved,No
EVT888295F2,Customer Escalation,Warning,HR,EMP0211FB47,Phoenix,2024-05-28 00:00:00,,Pending,No
EVT2881952A,Inventory Shortage,Warning,Sales,EMPDB182E9D,San Antonio,2024-08-01 00:00:00,2024-08-05 00:00:00,Resolved,Yes
EVTB9F29A0F,Power Outage,Critical,IT,EMPA3808D38,Jacksonville,2024-06-09 00:00:00,,Pending,Yes
EVT3849B714,Machine Breakdown,Critical,Quality,EMP15CDC007,New York,2024-01-15 00:00:00,2024-01-16 00:00:00,Resolved,No
EVT18234850,Compliance Issue,Warning,Logistics,EMP13E7B9EA,Philadelphia,2024-03-21 00:00:00,,Pending,No
EVTF539D93A,Vendor Delay,Normal,Finance,EMP2A7056E0,San Antonio,2024-09-02 00:00:00,,Pending,No
EVT9B3B2681,Customer Escalation,Normal,Manufacturing,EMPE9DF42C0,San Diego,2024-08-27 00:00:00,2024-09-09 00:00:00,Resolved,No
EVT22858A0A,Purchase Request,Normal,HR,EMP58C9B5A2,Jacksonville,2024-11-10 00:00:00,2024-11-21 00:00:00,Resolved,No
EVTEDFD4E92,Equipment Failure,Critical,HR,EMP83521911,Houston,2024-06-25 00:00:00,2024-06-28 00:00:00,Resolved,No
EVT795B39ED,Cyber Alert,Warning,Quality,EMP811FDB76,Dallas,2024-12-29 00:00:00,2025-01-03 00:00:00,Resolved,No
EVT66F85E03,Inventory Shortage,Warning,Quality,EMP2A059E13,Dallas,2024-01-15 00:00:00,2024-01-18 00:00:00,Resolved,No
EVT01CE9EF2,Power Outage,Normal,Manufacturing,EMPAB1AC7EB,Phoenix,2024-02-05 00:00:00,2024-02-12 00:00:00,Resolved,No
EVT1B6F4843,Cyber Alert,Critical,Manufacturing,EMPD80F9195,Los Angeles,2024-11-04 00:00:00,2024-11-05 00:00:00,Resolved,No
EVTFF80CCC6,Customer Escalation,Warning,Quality,EMPA55A2B7D,Los Angeles,2024-05-13 00:00:00,,Pending,Yes
EVTA7077453,Power Outage,Warning,Operations,EMPA9FECFD7,San Diego,2024-02-18 00:00:00,2024-02-21 00:00:00,Resolved,Yes
EVTB574CB97,Power Outage,Critical,HR,EMPE6041286,San Antonio,2024-06-28 00:00:00,2024-07-01 00:00:00,Resolved,No
EVT3BE65385,Inventory Shortage,Normal,Operations,EMP2E512AE1,Phoenix,2024-11-30 00:00:00,2024-12-14 00:00:00,Resolved,No
EVTB3666AF0,Machine Breakdown,Warning,Finance,EMP3A80A3B6,Philadelphia,2024-03-13 00:00:00,,Pending,No
EVT2D019FAB,Employee Injury,Critical,Quality,EMP6F19105E,Chicago,2024-04-05 00:00:00,2024-04-08 00:00:00,Resolved,No
EVTCD6F42F8,Equipment Failure,Critical,Logistics,EMP1994E236,Jacksonville,2024-06-27 00:00:00,2024-06-29 00:00:00,Resolved,Yes
EVTEAE5447B,Vendor Delay,Warning,Procurement,EMP0DBB486F,New York,2024-09-10 00:00:00,,Pending,No
EVT9E659660,Compliance Issue,Warning,Procurement,EMP4ACFA3D3,Chicago,2024-09-22 00:00:00,,Pending,No
EVTC991EEF6,Employee Injury,Warning,Finance,EMPD53FC38F,Los Angeles,2024-02-27 00:00:00,,Pending,No
EVT35AB2E7C,Employee Injury,Critical,Finance,EMP512700CC,Philadelphia,2024-01-01 00:00:00,,Pending,No
EVT96966393,Cyber Alert,Warning,Procurement,EMP1146242E,Chicago,2024-01-26 00:00:00,2024-01-31 00:00:00,Resolved,No
EVT87169BF2,Equipment Failure,Normal,Procurement,EMPEDEAD351,San Jose,2024-09-09 00:00:00,,Pending,No
EVT6E1C79DF,Employee Injury,Normal,Marketing,EMPBCCFC4FF,Houston,2024-10-25 00:00:00,,Pending,Yes
EVT3334E996,Power Outage,Warning,Procurement,EMPE0D43422,Chicago,2024-07-20 00:00:00,2024-07-26 00:00:00,Resolved,No
EVT324F5056,Power Outage,Critical,Sales,EMPC0CA9173,Chicago,2024-10-21 00:00:00,2024-10-22 00:00:00,Resolved,Yes
EVT32097A38,Compliance Issue,Normal,Sales,EMP9945ACDE,Phoenix,2024-06-29 00:00:00,2024-07-14 00:00:00,Resolved,No
EVT95B1F094,Employee Injury,Critical,Sales,EMPDA53DB9B,Phoenix,2024-01-16 00:00:00,2024-01-18 00:00:00,Resolved,No
EVT8D3AA25F,Machine Breakdown,Warning,Marketing,EMPA1313006,San Antonio,2024-08-04 00:00:00,2024-08-10 00:00:00,Resolved,Yes
EVT35F48816,Employee Injury,Critical,Manufacturing,EMP7EC19525,San Jose,2024-08-06 00:00:00,2024-08-08 00:00:00,Resolved,No
EVT9EAF0EE9,Compliance Issue,Normal,Finance,EMP9FE5B486,Los Angeles,2024-05-07 00:00:00,2024-05-22 00:00:00,Resolved,No
EVTBE1B83AB,Equipment Failure,Critical,Marketing,EMP97A2A684,Austin,2024-01-03 00:00:00,2024-01-04 00:00:00,Escalated,No
EVT12630C45,Compliance Issue,Warning,HR,EMPF202D858,Austin,2024-09-05 00:00:00,2024-09-09 00:00:00,Resolved,Yes
EVTF7DF323B,Machine Breakdown,Warning,Manufacturing,EMPF6B5A80A,Austin,2024-08-31 00:00:00,,Pending,No
EVTA21E4AD8,Purchase Request,Normal,Quality,EMP622918A9,Dallas,2024-01-07 00:00:00,,Pending,Yes
EVT34E23C82,Machine Breakdown,Warning,IT,EMPB924478F,San Diego,2024-01-11 00:00:00,,Pending,No
EVTE189CD79,Inventory Shortage,Normal,Quality,EMPEF04A963,Phoenix,2024-02-09 00:00:00,2024-02-18 00:00:00,Resolved,Yes
EVTF4690B50,Vendor Delay,Warning,Manufacturing,EMPCEA459AD,Austin,2024-11-16 00:00:00,2024-11-20 00:00:00,Resolved,Yes
EVTB8904253,Cyber Alert,Critical,Procurement,EMPF31D457D,Los Angeles,2024-01-06 00:00:00,2024-01-09 00:00:00,Resolved,No
EVT53ED55BD,Inventory Shortage,Warning,Quality,EMPE74CB660,Chicago,2024-04-26 00:00:00,2024-04-29 00:00:00,Resolved,No
EVT39CE1AFC,Inventory Shortage,Normal,Procurement,EMP5E9AFDC6,Austin,2024-12-16 00:00:00,2024-12-31 00:00:00,Resolved,No
EVTD428463A,Employee Injury,Critical,Sales,EMPEBF2D786,New York,2024-07-22 00:00:00,,Pending,No
EVTC5CB1B93,Power Outage,Normal,HR,EMPDBA053DD,Jacksonville,2024-09-03 00:00:00,2024-09-12 00:00:00,Resolved,Yes
EVT02E4AD15,Compliance Issue,Critical,Sales,EMPF7542BEF,New York,2024-04-26 00:00:00,2024-04-29 00:00:00,Resolved,No
EVTE77136F2,Employee Injury,Critical,Procurement,EMP418A4849,Chicago,2024-05-26 00:00:00,2024-05-27 00:00:00,Resolved,Yes
EVTE5481CA1,Cyber Alert,Critical,Logistics,EMP8CC4BD7C,San Jose,2024-10-23 00:00:00,2024-10-24 00:00:00,Escalated,Yes
EVT7CCEFF5C,Purchase Request,Normal,Quality,EMP6CF71A0D,Austin,2024-07-09 00:00:00,2024-07-24 00:00:00,Escalated,No
EVT5D984AFD,Inventory Shortage,Warning,Operations,EMP246A62B7,San Jose,2024-01-11 00:00:00,2024-01-18 00:00:00,Resolved,No
EVT472739FE,Power Outage,Critical,Manufacturing,EMP3B681129,San Jose,2024-12-24 00:00:00,2024-12-25 00:00:00,Resolved,Yes
EVTEF647833,Inventory Shortage,Critical,Quality,EMP8B529BB7,Houston,2024-11-20 00:00:00,2024-11-22 00:00:00,Resolved,No
EVT5B25D6DD,Machine Breakdown,Critical,Finance,EMP31B2EA90,Chicago,2024-08-07 00:00:00,2024-08-09 00:00:00,Resolved,Yes
EVT85F85EAB,Vendor Delay,Warning,Quality,EMP0E6F5CF2,Los Angeles,2024-10-24 00:00:00,2024-10-27 00:00:00,Resolved,Yes
EVTD5C359ED,Power Outage,Normal,Operations,EMP4A8886A7,New York,2024-11-06 00:00:00,2024-11-19 00:00:00,Resolved,No
EVTF154E707,Purchase Request,Normal,IT,EMP30D8FDC9,Jacksonville,2024-02-17 00:00:00,,Pending,No
EVT09AF7FC0,Cyber Alert,Critical,Marketing,EMP8B267502,Chicago,2024-01-10 00:00:00,2024-01-11 00:00:00,Resolved,Yes
EVTF71E626D,Equipment Failure,Critical,Sales,EMPCB4F7B43,Austin,2024-05-04 00:00:00,,Pending,No
EVT0BF72DE9,Purchase Request,Normal,Procurement,EMP32C81B0A,Dallas,2024-06-28 00:00:00,2024-07-11 00:00:00,Resolved,Yes
EVTB8B6AF27,Inventory Shortage,Normal,HR,EMPF1045444,Chicago,2024-04-30 00:00:00,2024-05-13 00:00:00,Resolved,No
EVT7A1224F0,Equipment Failure,Critical,Quality,EMP0AACA25D,Houston,2024-03-30 00:00:00,2024-04-01 00:00:00,Resolved,No
EVT3A77B5F5,Customer Escalation,Normal,Marketing,EMPAB653633,Phoenix,2024-04-09 00:00:00,,Pending,Yes
EVTEECB2B4E,Cyber Alert,Critical,Procurement,EMPAB9CF802,Houston,2024-01-09 00:00:00,2024-01-12 00:00:00,Resolved,Yes
EVTFFCBA148,Inventory Shortage,Normal,Quality,EMP148B1119,Philadelphia,2024-05-03 00:00:00,2024-05-15 00:00:00,Escalated,Yes
EVT717A4020,Cyber Alert,Critical,Marketing,EMP07CCAD5E,Dallas,2024-06-21 00:00:00,2024-06-24 00:00:00,Escalated,No
EVTBAADCCCE,Compliance Issue,Warning,Quality,EMPA8A88A72,San Antonio,2024-02-22 00:00:00,2024-02-27 00:00:00,Escalated,No
EVT4BCB38C4,Power Outage,Warning,Logistics,EMPC027B805,Austin,2024-05-01 00:00:00,2024-05-05 00:00:00,Resolved,Yes
EVTD54A778B,Compliance Issue,Critical,Operations,EMP9F9F74E1,Austin,2024-07-26 00:00:00,2024-07-27 00:00:00,Resolved,Yes
EVT2E2B7D04,Power Outage,Critical,HR,EMPA13670AA,Philadelphia,2024-02-21 00:00:00,,Pending,No
EVTA6D74926,Customer Escalation,Warning,Finance,EMPDCEFF7B6,Austin,2024-01-16 00:00:00,2024-01-19 00:00:00,Resolved,Yes
EVT6F58D097,Inventory Shortage,Warning,IT,EMPE49FD8D1,Phoenix,2024-05-01 00:00:00,2024-05-07 00:00:00,Escalated,No
EVTB2FF295C,Equipment Failure,Critical,Marketing,EMP881397BA,San Antonio,2024-03-09 00:00:00,2024-03-10 00:00:00,Resolved,No
EVTE7C6B313,Vendor Delay,Warning,Sales,EMPAF9B2310,Houston,2024-09-14 00:00:00,,Pending,No
EVTE3F9E02C,Machine Breakdown,Critical,Quality,EMP3373FE39,Phoenix,2024-02-07 00:00:00,,Pending,No
EVT7D8A8C71,Vendor Delay,Warning,Finance,EMP6969662C,New York,2024-05-11 00:00:00,2024-05-14 00:00:00,Resolved,No
EVTDFA6D581,Vendor Delay,Warning,Finance,EMPC246D5BA,Los Angeles,2024-10-27 00:00:00,2024-10-31 00:00:00,Resolved,Yes
EVTECD95FC7,Vendor Delay,Warning,HR,EMP5178E4F5,Dallas,2024-06-12 00:00:00,2024-06-17 00:00:00,Resolved,No
EVT80AA07C1,Customer Escalation,Normal,Sales,EMPC351DD0E,Jacksonville,2024-01-06 00:00:00,,Pending,No
EVTF18076A4,Power Outage,Critical,HR,EMP2A950851,Dallas,2024-01-11 00:00:00,2024-01-14 00:00:00,Resolved,Yes
EVTFFFDDEEB,Inventory Shortage,Critical,Procurement,EMP7F08D1B3,Philadelphia,2024-01-16 00:00:00,2024-01-18 00:00:00,Resolved,Yes
EVTEAC2EDFF,Vendor Delay,Normal,Finance,EMP1B09BF39,New York,2024-05-04 00:00:00,2024-05-17 00:00:00,Resolved,No
EVT6E32EC71,Customer Escalation,Warning,Manufacturing,EMPCCC9E938,Houston,2024-06-30 00:00:00,,Pending,No
EVTFF39B1E5,Customer Escalation,Normal,Procurement,EMP1FE985AD,Houston,2024-01-28 00:00:00,2024-02-11 00:00:00,Escalated,Yes
EVT445148E4,Power Outage,Critical,Manufacturing,EMP0D1E5883,Phoenix,2024-12-12 00:00:00,2024-12-15 00:00:00,Resolved,No
EVT963BFA81,Employee Injury,Critical,Operations,EMPEC91D9A3,Dallas,2024-06-11 00:00:00,2024-06-13 00:00:00,Resolved,Yes
EVT75EF0942,Vendor Delay,Warning,HR,EMPEBF6E82F,San Diego,2024-07-24 00:00:00,2024-07-29 00:00:00,Resolved,No
EVT3C923D12,Equipment Failure,Warning,Sales,EMP1B1BDD16,San Jose,2024-02-16 00:00:00,2024-02-21 00:00:00,Resolved,Yes
EVT50F31ECB,Power Outage,Warning,Procurement,EMP3764A7EA,Houston,2024-05-25 00:00:00,2024-05-31 00:00:00,Resolved,No
EVT9CAC9C56,Employee Injury,Critical,Manufacturing,EMPB907FFB3,Austin,2024-05-29 00:00:00,,Pending,Yes
EVTB37A7D73,Employee Injury,Critical,Operations,EMP47F34106,Philadelphia,2024-05-31 00:00:00,2024-06-02 00:00:00,Resolved,No
EVT8DF2A4F0,Employee Injury,Warning,Marketing,EMP010B4052,Phoenix,2024-02-27 00:00:00,,Pending,Yes
EVT041C2F3A,Power Outage,Critical,Marketing,EMP2598E685,San Diego,2024-01-20 00:00:00,2024-01-21 00:00:00,Resolved,Yes
EVT552DDD33,Power Outage,Critical,HR,EMPFA8EDC9B,Austin,2024-01-06 00:00:00,2024-01-08 00:00:00,Escalated,Yes
EVT2A4BF204,Compliance Issue,Normal,IT,EMPFC726D88,Austin,2024-05-27 00:00:00,2024-06-07 00:00:00,Resolved,No
EVTE86EE11F,Vendor Delay,Warning,Quality,EMP0E77EDE9,Phoenix,2024-04-16 00:00:00,2024-04-20 00:00:00,Resolved,Yes
EVT91374F71,Inventory Shortage,Warning,Quality,EMPE2754CE4,San Jose,2024-10-23 00:00:00,,Pending,No
EVT90E8D2A5,Employee Injury,Critical,HR,EMP62499BA2,Philadelphia,2024-07-05 00:00:00,,Pending,No
EVTC948EFE8,Inventory Shortage,Warning,Logistics,EMP1A03AE5C,Phoenix,2024-09-27 00:00:00,2024-10-04 00:00:00,Escalated,Yes
EVT82C4E0F0,Inventory Shortage,Warning,Manufacturing,EMPA6B09F45,Jacksonville,2024-01-02 00:00:00,2024-01-07 00:00:00,Resolved,No
EVT5256C828,Purchase Request,Normal,HR,EMP8E1F93A6,Los Angeles,2024-02-08 00:00:00,,Pending,No
EVT5D0C2CCC,Compliance Issue,Warning,Sales,EMP044DE662,San Jose,2024-08-09 00:00:00,,Pending,No
EVT50547E85,Inventory Shortage,Warning,HR,EMP29F7D3FA,San Jose,2024-01-19 00:00:00,2024-01-24 00:00:00,Resolved,No
EVTB42FA2E0,Equipment Failure,Critical,Manufacturing,EMP9DE18332,Philadelphia,2024-03-14 00:00:00,,Pending,No
EVT980B90C6,Compliance Issue,Critical,Operations,EMPDCE5BBD8,Dallas,2024-11-06 00:00:00,2024-11-07 00:00:00,Resolved,Yes
EVT821B3F20,Compliance Issue,Warning,Finance,EMPDEA0B09D,Dallas,2024-09-03 00:00:00,2024-09-09 00:00:00,Resolved,Yes
EVT11F88A3C,Machine Breakdown,Critical,Sales,EMP131E516A,Dallas,2024-03-28 00:00:00,2024-03-30 00:00:00,Resolved,No
EVT3B6407F0,Compliance Issue,Warning,Quality,EMPE3ACA855,Los Angeles,2024-02-21 00:00:00,2024-02-28 00:00:00,Resolved,No
EVT31426E18,Machine Breakdown,Normal,IT,EMPBACBF633,Phoenix,2024-08-27 00:00:00,,Pending,No
EVT0564BE52,Cyber Alert,Warning,Sales,EMPA5D83A9F,Houston,2024-05-06 00:00:00,2024-05-11 00:00:00,Resolved,No
EVTC465F967,Equipment Failure,Warning,HR,EMP65F4218A,New York,2024-09-20 00:00:00,,Pending,No
EVT34AEFB88,Compliance Issue,Warning,Logistics,EMP8EA23A4C,Phoenix,2024-01-26 00:00:00,2024-02-02 00:00:00,Resolved,No
EVTA810A3C9,Cyber Alert,Critical,Manufacturing,EMP98FACA86,Austin,2024-09-27 00:00:00,2024-09-28 00:00:00,Resolved,No
EVT6BE27FFC,Compliance Issue,Warning,Procurement,EMPEC75BD7F,Philadelphia,2024-01-24 00:00:00,,Pending,No
EVTEDC74635,Purchase Request,Warning,HR,EMP93031646,Los Angeles,2024-05-10 00:00:00,2024-05-16 00:00:00,Resolved,No
EVT8CAF808A,Equipment Failure,Critical,Logistics,EMP1112411F,San Diego,2024-09-30 00:00:00,2024-10-02 00:00:00,Resolved,No
EVTB9B46346,Purchase Request,Normal,Manufacturing,EMP87F861A1,San Jose,2024-07-14 00:00:00,2024-07-26 00:00:00,Resolved,No
EVT571DAE0A,Purchase Request,Normal,Procurement,EMP699DF2F1,Houston,2024-09-10 00:00:00,,Pending,Yes
EVTCA778FCB,Purchase Request,Normal,IT,EMP870DB1F0,Philadelphia,2024-11-05 00:00:00,,Pending,No
EVT012146A9,Employee Injury,Critical,HR,EMP8FBFBC71,San Diego,2024-09-24 00:00:00,2024-09-25 00:00:00,Resolved,Yes
EVT77081E52,Machine Breakdown,Warning,Marketing,EMP10A43969,San Diego,2024-10-14 00:00:00,,Pending,Yes
EVT9DD3133C,Machine Breakdown,Warning,HR,EMPC9948797,San Antonio,2024-11-11 00:00:00,2024-11-17 00:00:00,Resolved,No
EVT2FDE62F3,Employee Injury,Critical,HR,EMP17FF8CA7,Chicago,2024-01-31 00:00:00,,Pending,Yes
EVT711B2554,Equipment Failure,Normal,Procurement,EMPE7A0A343,San Diego,2024-01-07 00:00:00,2024-01-21 00:00:00,Resolved,Yes
EVT76AA54D9,Purchase Request,Warning,Finance,EMPC3C7E82C,New York,2024-02-17 00:00:00,2024-02-22 00:00:00,Resolved,No
EVTC25CE877,Cyber Alert,Normal,Quality,EMPFFC69297,Houston,2024-10-07 00:00:00,2024-10-14 00:00:00,Resolved,Yes
EVT4A9E2E6C,Employee Injury,Critical,Logistics,EMP3111D7E7,Houston,2024-11-01 00:00:00,2024-11-02 00:00:00,Escalated,Yes
EVT7F57BE9A,Power Outage,Warning,Finance,EMPC72F4ECF,Austin,2024-02-14 00:00:00,,Pending,Yes
EVTEC8C44F9,Employee Injury,Critical,IT,EMPFEF18781,New York,2024-01-19 00:00:00,2024-01-22 00:00:00,Escalated,No
EVT0B8EA8AC,Vendor Delay,Normal,Quality,EMP8ED5C24A,San Diego,2024-08-08 00:00:00,,Pending,No
EVTF8EF4A1A,Vendor Delay,Normal,Sales,EMP12407DF8,Houston,2024-03-06 00:00:00,2024-03-21 00:00:00,Resolved,Yes
EVTF42D7D85,Cyber Alert,Critical,Operations,EMP9B42FE63,New York,2024-09-29 00:00:00,2024-09-30 00:00:00,Escalated,Yes
EVTEFBBFBC1,Employee Injury,Normal,Sales,EMP5ADC544A,Austin,2024-09-08 00:00:00,,Pending,No
EVT6CD8A0C0,Customer Escalation,Warning,Quality,EMP25BF3802,Philadelphia,2024-07-10 00:00:00,2024-07-14 00:00:00,Escalated,No
EVT905BAF56,Customer Escalation,Critical,Operations,EMPDA429404,Houston,2024-02-06 00:00:00,2024-02-07 00:00:00,Resolved,Yes
EVTD634FFDC,Equipment Failure,Normal,IT,EMPBBECF3DA,Phoenix,2024-09-05 00:00:00,,Pending,No
EVT6DBFE921,Inventory Shortage,Warning,Procurement,EMP60E72565,Houston,2024-03-16 00:00:00,,Pending,No
EVTAE336E71,Machine Breakdown,Critical,Procurement,EMPE5332137,Dallas,2024-09-27 00:00:00,2024-09-29 00:00:00,Resolved,No
EVT2E48AB21,Machine Breakdown,Critical,Logistics,EMPD70DAB12,Los Angeles,2024-06-10 00:00:00,2024-06-11 00:00:00,Resolved,Yes
EVTA14B28F2,Employee Injury,Critical,Manufacturing,EMPBF00851F,San Antonio,2024-08-12 00:00:00,2024-08-13 00:00:00,Resolved,No
EVTACF01657,Customer Escalation,Critical,Operations,EMPC1CBDCE2,San Diego,2024-11-03 00:00:00,2024-11-05 00:00:00,Resolved,No
EVTE41078EF,Inventory Shortage,Warning,Finance,EMP6C884BFA,San Diego,2024-06-27 00:00:00,2024-07-04 00:00:00,Resolved,No
EVTFF17102F,Cyber Alert,Critical,Manufacturing,EMP63A1C27A,New York,2024-04-19 00:00:00,2024-04-21 00:00:00,Resolved,Yes
EVT1A8C45C6,Power Outage,Critical,Logistics,EMPD2EA6610,San Antonio,2024-08-27 00:00:00,,Pending,No
EVT9AA55BDA,Compliance Issue,Warning,IT,EMPA3C23B19,Austin,2024-05-20 00:00:00,2024-05-26 00:00:00,Resolved,No
EVTE2942064,Compliance Issue,Normal,Manufacturing,EMP0086439B,Phoenix,2024-03-29 00:00:00,2024-04-06 00:00:00,Resolved,No
EVT51EEAF5D,Employee Injury,Critical,Operations,EMPE177EFA2,Phoenix,2024-08-27 00:00:00,2024-08-28 00:00:00,Resolved,Yes
EVT1AEDCED0,Purchase Request,Normal,Marketing,EMPAF418C32,Austin,2024-03-20 00:00:00,2024-03-31 00:00:00,Resolved,No
EVT014CDBAF,Customer Escalation,Warning,Marketing,EMP4C0CF949,San Diego,2024-01-13 00:00:00,2024-01-18 00:00:00,Resolved,Yes
EVT31732837,Machine Breakdown,Critical,Manufacturing,EMP9896937B,Chicago,2024-09-20 00:00:00,,Pending,No
EVT1E14AB2B,Employee Injury,Critical,Operations,EMP48A71D66,New York,2024-02-07 00:00:00,2024-02-09 00:00:00,Resolved,Yes
EVT35B051A4,Inventory Shortage,Critical,Operations,EMP511DA982,Los Angeles,2024-08-07 00:00:00,2024-08-09 00:00:00,Resolved,No
EVT4382EB5D,Power Outage,Critical,HR,EMP689CCEF2,San Antonio,2024-05-25 00:00:00,2024-05-27 00:00:00,Resolved,Yes
EVTBABCF308,Machine Breakdown,Critical,HR,EMPE38B4CEE,San Antonio,2024-10-28 00:00:00,2024-10-31 00:00:00,Resolved,Yes
EVT378D262B,Equipment Failure,Critical,Manufacturing,EMP3E14909B,Chicago,2024-06-24 00:00:00,2024-06-26 00:00:00,Resolved,No
EVTD00735EC,Power Outage,Warning,Procurement,EMP5693D3D3,Philadelphia,2024-04-26 00:00:00,,Pending,No
EVTAF2513A7,Power Outage,Critical,IT,EMPFFCC5248,San Jose,2024-10-14 00:00:00,2024-10-15 00:00:00,Resolved,Yes
EVT524673F8,Cyber Alert,Critical,Manufacturing,EMP7061767F,Austin,2024-12-10 00:00:00,2024-12-13 00:00:00,Resolved,Yes
EVT515B64C8,Purchase Request,Normal,Procurement,EMP2DE5EBE5,San Jose,2024-07-03 00:00:00,2024-07-14 00:00:00,Resolved,Yes
EVT9ED5AD7A,Purchase Request,Normal,Marketing,EMP3EF9BED1,Phoenix,2024-03-23 00:00:00,2024-03-30 00:00:00,Resolved,Yes
EVT650E76E7,Machine Breakdown,Warning,Procurement,EMP46A583AB,Phoenix,2024-07-25 00:00:00,2024-07-31 00:00:00,Resolved,No
EVTBCF14EFC,Employee Injury,Warning,IT,EMPA92CF9A7,San Diego,2024-08-31 00:00:00,,Pending,No
EVT35C6B36D,Vendor Delay,Warning,Finance,EMP0872BC1A,San Diego,2024-02-12 00:00:00,2024-02-18 00:00:00,Resolved,Yes
EVTD9A8839F,Machine Breakdown,Critical,HR,EMPF7698A68,San Antonio,2024-07-23 00:00:00,2024-07-26 00:00:00,Resolved,No
EVT8E264D5A,Vendor Delay,Warning,Quality,EMPEEE38BFA,Chicago,2024-08-23 00:00:00,2024-08-29 00:00:00,Resolved,No
EVT7D9BD00B,Machine Breakdown,Critical,Operations,EMP70A9078D,San Jose,2024-05-12 00:00:00,2024-05-15 00:00:00,Escalated,No
EVTA7BCA089,Customer Escalation,Normal,Quality,EMP25253D09,San Jose,2024-02-23 00:00:00,2024-03-08 00:00:00,Resolved,Yes
EVT463077B0,Customer Escalation,Warning,Marketing,EMPB9F62B0C,Phoenix,2024-05-20 00:00:00,2024-05-26 00:00:00,Resolved,No
EVTCE2006DA,Purchase Request,Normal,Sales,EMP0ED568C7,Austin,2024-03-12 00:00:00,2024-03-19 00:00:00,Resolved,No
EVTCB25D57A,Cyber Alert,Critical,Quality,EMP69659557,Los Angeles,2024-03-03 00:00:00,2024-03-05 00:00:00,Resolved,No
EVT1F27CF52,Machine Breakdown,Warning,Finance,EMP4B8CD94B,San Diego,2024-01-22 00:00:00,2024-01-27 00:00:00,Resolved,Yes
EVT5E7A5A69,Customer Escalation,Critical,Quality,EMP32C8388B,Phoenix,2024-03-15 00:00:00,2024-03-18 00:00:00,Resolved,Yes
EVTD40AE9A6,Equipment Failure,Normal,Finance,EMPACCF9E4F,Austin,2024-11-12 00:00:00,2024-11-25 00:00:00,Resolved,No
EVTB01C6B84,Employee Injury,Critical,Finance,EMP1523078B,Houston,2024-10-09 00:00:00,,Pending,No
EVTB9ABD495,Customer Escalation,Warning,Operations,EMP8D7E61C4,Dallas,2024-11-18 00:00:00,,Pending,No
EVTE7274DB4,Employee Injury,Normal,IT,EMP6113B65D,New York,2024-01-11 00:00:00,2024-01-18 00:00:00,Escalated,Yes
EVT448558F7,Machine Breakdown,Normal,Finance,EMP381752B3,Jacksonville,2024-07-02 00:00:00,2024-07-16 00:00:00,Resolved,No
EVTBF84182A,Vendor Delay,Warning,Marketing,EMPC4690582,Los Angeles,2024-12-01 00:00:00,2024-12-05 00:00:00,Escalated,No
EVTF5C5A884,Cyber Alert,Critical,Marketing,EMP9B48AFBB,San Jose,2024-06-11 00:00:00,2024-06-13 00:00:00,Resolved,No
EVT0002E837,Machine Breakdown,Warning,Marketing,EMP8ED2C9CB,Phoenix,2024-04-15 00:00:00,,Pending,No
EVTED272F8C,Customer Escalation,Warning,Logistics,EMPDBDF1E7A,San Antonio,2024-01-05 00:00:00,2024-01-12 00:00:00,Resolved,No
EVT1A4AAC98,Vendor Delay,Warning,Quality,EMPA3B88ABB,New York,2024-10-19 00:00:00,2024-10-22 00:00:00,Resolved,No
EVTFC6259D1,Equipment Failure,Warning,HR,EMP040ADCC3,Austin,2024-02-09 00:00:00,,Pending,Yes
EVT173A231A,Equipment Failure,Critical,Quality,EMP9887B5F7,Philadelphia,2024-09-22 00:00:00,2024-09-24 00:00:00,Resolved,Yes
EVTD1689CE5,Vendor Delay,Warning,Operations,EMP890BC2C7,Jacksonville,2024-01-18 00:00:00,,Pending,No
EVTCD04F63F,Power Outage,Warning,HR,EMPE9F25A0B,San Diego,2024-01-13 00:00:00,2024-01-19 00:00:00,Resolved,No
EVT7CD0BE97,Inventory Shortage,Warning,Finance,EMPD8812D36,Los Angeles,2024-05-02 00:00:00,,Pending,Yes
EVT5B365876,Power Outage,Warning,HR,EMP8F30A1E4,San Antonio,2024-02-03 00:00:00,,Pending,No
EVTDE627913,Inventory Shortage,Warning,Manufacturing,EMP196A1A51,Jacksonville,2024-04-01 00:00:00,2024-04-05 00:00:00,Resolved,No
EVT9339612E,Vendor Delay,Normal,Procurement,EMPCEA459AD,Dallas,2024-11-20 00:00:00,2024-12-05 00:00:00,Resolved,Yes
EVT24FDB3BB,Compliance Issue,Critical,Procurement,EMP7D699CB8,San Jose,2024-08-10 00:00:00,2024-08-12 00:00:00,Resolved,No
EVTAC860551,Machine Breakdown,Warning,Finance,EMP030A4E1E,San Antonio,2024-06-30 00:00:00,2024-07-07 00:00:00,Resolved,Yes
EVT2213A836,Vendor Delay,Critical,Finance,EMP891399AD,Philadelphia,2024-09-20 00:00:00,2024-09-23 00:00:00,Resolved,Yes
EVT11291063,Vendor Delay,Normal,Finance,EMPA4821728,Houston,2024-04-02 00:00:00,,Pending,No
EVT0D372CB0,Vendor Delay,Critical,Quality,EMP091560C1,San Antonio,2024-10-31 00:00:00,2024-11-01 00:00:00,Resolved,No
EVTC1DE49A0,Equipment Failure,Critical,Quality,EMPAB39CA24,Jacksonville,2024-09-14 00:00:00,2024-09-16 00:00:00,Resolved,No
EVT4F8C4FF8,Purchase Request,Normal,Procurement,EMP3D13A237,Jacksonville,2024-05-20 00:00:00,2024-05-30 00:00:00,Resolved,No
EVTFFD998A2,Machine Breakdown,Normal,Procurement,EMP4F2856E6,Philadelphia,2024-05-20 00:00:00,2024-06-02 00:00:00,Resolved,Yes
EVT206E922B,Machine Breakdown,Warning,IT,EMP4EC01CAB,San Jose,2024-02-08 00:00:00,2024-02-15 00:00:00,Resolved,Yes
EVT95A9E3DD,Equipment Failure,Warning,Procurement,EMP3AA4FE4C,Dallas,2024-06-19 00:00:00,,Pending,No
EVT0888B55C,Inventory Shortage,Warning,Procurement,EMP19F67F5F,San Jose,2024-11-09 00:00:00,2024-11-15 00:00:00,Resolved,Yes
EVT68AB3791,Compliance Issue,Normal,HR,EMP63D7A8BF,Houston,2024-09-19 00:00:00,2024-10-02 00:00:00,Resolved,No
EVTB03D7CDA,Employee Injury,Warning,HR,EMPE53B38E0,Dallas,2024-11-06 00:00:00,2024-11-12 00:00:00,Resolved,No
EVTDEDFC0DD,Power Outage,Critical,Procurement,EMPAAA054A9,San Jose,2024-11-08 00:00:00,2024-11-09 00:00:00,Resolved,No
EVTEDC1358A,Employee Injury,Critical,Marketing,EMP4090A8DE,Dallas,2024-07-01 00:00:00,,Pending,No
EVT63F122B6,Equipment Failure,Critical,Sales,EMPFAE4D6A3,Jacksonville,2024-07-26 00:00:00,2024-07-27 00:00:00,Resolved,Yes
EVT2C7EBEED,Machine Breakdown,Critical,Logistics,EMP648BD6C7,Jacksonville,2024-06-24 00:00:00,,Pending,No
EVTB6FEC118,Equipment Failure,Critical,Quality,EMP55C366DB,Houston,2024-11-08 00:00:00,2024-11-09 00:00:00,Resolved,No
EVTC749925F,Power Outage,Critical,Sales,EMPA8BCC83D,Austin,2024-05-23 00:00:00,2024-05-26 00:00:00,Escalated,No
EVT8A9B326E,Cyber Alert,Warning,HR,EMP3651414B,San Diego,2024-10-13 00:00:00,2024-10-18 00:00:00,Resolved,No
EVT8BBFC43B,Power Outage,Critical,Sales,EMPC420EE60,Chicago,2024-01-26 00:00:00,2024-01-29 00:00:00,Resolved,No
EVT9C0C145E,Customer Escalation,Warning,Quality,EMP67ED2391,Phoenix,2024-05-15 00:00:00,2024-05-20 00:00:00,Resolved,No
EVTA6516C3F,Customer Escalation,Warning,Sales,EMP3855C778,Jacksonville,2024-08-14 00:00:00,2024-08-20 00:00:00,Resolved,No
EVT6B720C52,Cyber Alert,Normal,Marketing,EMP0D9E8C3A,San Jose,2024-09-29 00:00:00,,Pending,No
EVT30C0229C,Inventory Shortage,Normal,IT,EMP15FE9792,Chicago,2024-06-03 00:00:00,,Pending,No
EVTF9BB9AC4,Compliance Issue,Warning,Logistics,EMP21566065,Houston,2024-05-25 00:00:00,2024-05-31 00:00:00,Resolved,No
EVTFE9374F7,Cyber Alert,Critical,Sales,EMPAF9B2310,Jacksonville,2024-02-26 00:00:00,2024-02-27 00:00:00,Resolved,No
EVTA1CE0AB8,Cyber Alert,Critical,Quality,EMP68200AE5,San Diego,2024-11-06 00:00:00,2024-11-09 00:00:00,Resolved,Yes
EVT51BB1F12,Inventory Shortage,Warning,Quality,EMPAC02EB7F,Austin,2024-05-19 00:00:00,2024-05-23 00:00:00,Resolved,No
EVTA4081F4A,Purchase Request,Normal,Marketing,EMP5CD81AD5,Philadelphia,2024-10-16 00:00:00,2024-10-31 00:00:00,Resolved,No
EVT8F88C3A2,Machine Breakdown,Normal,Sales,EMPE71F33EE,Los Angeles,2024-03-31 00:00:00,2024-04-08 00:00:00,Resolved,No
EVT6BA1290C,Customer Escalation,Normal,Sales,EMPCDDF5FED,San Diego,2024-09-08 00:00:00,2024-09-22 00:00:00,Resolved,No
EVTBFB9ABC9,Vendor Delay,Warning,Finance,EMP61CFA1D0,Phoenix,2024-09-16 00:00:00,2024-09-23 00:00:00,Resolved,No
EVT88B58AE3,Customer Escalation,Warning,HR,EMPC3E85A1B,San Antonio,2024-04-24 00:00:00,2024-05-01 00:00:00,Resolved,Yes
EVTE6A3B645,Machine Breakdown,Warning,HR,EMPAC4489E8,Chicago,2024-09-23 00:00:00,,Pending,No
EVTC9233836,Inventory Shortage,Warning,Operations,EMP470E2258,Houston,2024-09-29 00:00:00,,Pending,Yes
EVTEEFE20B7,Purchase Request,Normal,Quality,EMP19A97297,Phoenix,2024-07-03 00:00:00,2024-07-13 00:00:00,Escalated,Yes
EVTB50684E9,Inventory Shortage,Warning,Manufacturing,EMP8A26B8A2,Phoenix,2024-01-24 00:00:00,2024-01-28 00:00:00,Resolved,Yes
EVT769C0CF1,Equipment Failure,Critical,Sales,EMPB1BECC62,Philadelphia,2024-08-21 00:00:00,,Pending,No
EVT20955D6E,Machine Breakdown,Normal,Quality,EMP2E643F10,Houston,2024-07-14 00:00:00,2024-07-23 00:00:00,Resolved,Yes
EVT743CEE03,Equipment Failure,Warning,Manufacturing,EMP01529B6C,New York,2024-08-07 00:00:00,2024-08-10 00:00:00,Resolved,No
EVTD687D59E,Inventory Shortage,Critical,Marketing,EMPD8C96611,Jacksonville,2024-06-25 00:00:00,2024-06-26 00:00:00,Resolved,Yes
EVT95D3ACD4,Purchase Request,Normal,Quality,EMP2B078F2B,Dallas,2024-06-09 00:00:00,2024-06-17 00:00:00,Resolved,No
EVTE3CB475A,Inventory Shortage,Normal,HR,EMP103ED22F,Los Angeles,2024-05-10 00:00:00,,Pending,No
EVT4E5B4ED6,Vendor Delay,Normal,Finance,EMP061917FF,Los Angeles,2024-01-29 00:00:00,2024-02-12 00:00:00,Escalated,No
EVTE17E41F1,Machine Breakdown,Critical,Manufacturing,EMPAB33875B,Houston,2024-08-14 00:00:00,,Pending,Yes
EVT984E9F85,Inventory Shortage,Normal,Sales,EMPEE94AC9A,San Antonio,2024-06-25 00:00:00,2024-07-08 00:00:00,Resolved,Yes
EVT9A0ABB56,Cyber Alert,Critical,HR,EMP3F3B34F7,Houston,2024-07-21 00:00:00,2024-07-23 00:00:00,Resolved,No
EVT8A173BD9,Power Outage,Normal,IT,EMP95FAE5A0,Dallas,2024-09-23 00:00:00,,Pending,No
EVTD4F865D9,Compliance Issue,Critical,HR,EMP68D11D1E,Houston,2024-09-05 00:00:00,2024-09-07 00:00:00,Resolved,Yes
EVT84A2FACD,Equipment Failure,Critical,HR,EMPA214F347,Dallas,2024-05-04 00:00:00,2024-05-05 00:00:00,Resolved,Yes
EVTF3D8DF53,Vendor Delay,Normal,Quality,EMPBA2B5814,Houston,2024-10-14 00:00:00,2024-10-29 00:00:00,Escalated,Yes
EVT56482984,Cyber Alert,Critical,Quality,EMPF9FEA6B5,Dallas,2024-01-21 00:00:00,2024-01-24 00:00:00,Resolved,No
EVT8CD9A0DD,Power Outage,Critical,IT,EMPF6FCA7B3,San Jose,2024-06-27 00:00:00,2024-06-28 00:00:00,Resolved,No
EVTE47EDF1A,Compliance Issue,Critical,Sales,EMP0D6A47A6,New York,2024-12-06 00:00:00,2024-12-09 00:00:00,Resolved,Yes
EVT2B6A4746,Compliance Issue,Normal,Quality,EMP20EC61A2,Philadelphia,2024-07-23 00:00:00,2024-08-07 00:00:00,Resolved,No
EVT29D49E59,Purchase Request,Normal,Quality,EMP94D16A0E,New York,2024-01-06 00:00:00,2024-01-16 00:00:00,Resolved,No
EVT46D701D0,Purchase Request,Normal,Procurement,EMP634CE435,Phoenix,2024-08-10 00:00:00,2024-08-20 00:00:00,Resolved,No
EVTD3D35401,Employee Injury,Critical,IT,EMP68541E87,Dallas,2024-01-29 00:00:00,2024-01-30 00:00:00,Escalated,Yes
EVT717B71BC,Inventory Shortage,Normal,Sales,EMP7ECAFE0E,Los Angeles,2024-10-09 00:00:00,2024-10-20 00:00:00,Resolved,No
EVT64A31A67,Inventory Shortage,Critical,Logistics,EMP7CDA627A,Dallas,2024-08-07 00:00:00,2024-08-09 00:00:00,Resolved,No
EVTD9F3568B,Customer Escalation,Warning,Logistics,EMPADBFE157,San Antonio,2024-03-04 00:00:00,2024-03-11 00:00:00,Resolved,Yes
EVTE03CC0A6,Employee Injury,Critical,Quality,EMPC7A62970,Philadelphia,2024-07-01 00:00:00,2024-07-02 00:00:00,Resolved,Yes
EVTA534F035,Purchase Request,Normal,Quality,EMPED71F4E9,Los Angeles,2024-05-27 00:00:00,2024-06-08 00:00:00,Resolved,No
EVTE0D23BFE,Compliance Issue,Warning,HR,EMP55A1C067,Jacksonville,2024-04-02 00:00:00,2024-04-08 00:00:00,Resolved,No
EVTB28EF0E4,Compliance Issue,Normal,Finance,EMP9BE296B5,San Antonio,2024-10-24 00:00:00,2024-11-07 00:00:00,Resolved,No
EVT62127924,Power Outage,Critical,Quality,EMP2BCA7314,Philadelphia,2024-01-01 00:00:00,,Pending,No
EVT042EA28A,Vendor Delay,Warning,Manufacturing,EMP4220E52F,Austin,2024-08-31 00:00:00,2024-09-07 00:00:00,Resolved,Yes
EVTA2AE1B75,Equipment Failure,Critical,Sales,EMPFC726D88,Philadelphia,2024-04-25 00:00:00,2024-04-26 00:00:00,Resolved,No
EVTB5A311F4,Inventory Shortage,Warning,Marketing,EMP6C0B70CA,Dallas,2024-04-18 00:00:00,2024-04-24 00:00:00,Resolved,No
EVTBEE7B292,Purchase Request,Critical,Procurement,EMP0944F962,San Jose,2024-07-24 00:00:00,2024-07-25 00:00:00,Resolved,No
EVTAB8FFAF4,Employee Injury,Warning,Finance,EMP5587734A,Phoenix,2024-04-14 00:00:00,2024-04-17 00:00:00,Resolved,No
EVT2C391455,Equipment Failure,Warning,Quality,EMPF672B7F8,Houston,2024-06-19 00:00:00,2024-06-22 00:00:00,Resolved,No
EVT5AB79E40,Employee Injury,Critical,Quality,EMPEC17BBC0,Phoenix,2024-11-24 00:00:00,,Pending,No
EVT65E8ADF6,Customer Escalation,Normal,IT,EMP903FFC11,Austin,2024-08-31 00:00:00,2024-09-07 00:00:00,Resolved,Yes
EVTCA02101B,Equipment Failure,Critical,Logistics,EMP54C81D3D,Los Angeles,2024-08-20 00:00:00,2024-08-21 00:00:00,Resolved,No
EVT584866CA,Equipment Failure,Warning,HR,EMP8A7B925D,Jacksonville,2024-04-18 00:00:00,,Pending,No
EVT5B2D2B16,Customer Escalation,Critical,IT,EMPC94B2E76,Dallas,2024-02-18 00:00:00,2024-02-19 00:00:00,Escalated,No
EVT1C7C8BE5,Power Outage,Warning,Procurement,EMP1301F8FA,San Diego,2024-06-28 00:00:00,2024-07-05 00:00:00,Resolved,No
EVTE48C79FF,Power Outage,Critical,Procurement,EMP6309E4DE,Houston,2024-02-10 00:00:00,,Pending,No
EVT8B23903D,Customer Escalation,Normal,Operations,EMP54DA6FA1,Houston,2024-02-25 00:00:00,,Pending,No
EVTC18243A5,Equipment Failure,Warning,Manufacturing,EMP21C8A399,Los Angeles,2024-10-01 00:00:00,2024-10-07 00:00:00,Resolved,Yes
EVT3114F4C3,Equipment Failure,Warning,Operations,EMP37524BA0,Philadelphia,2024-08-17 00:00:00,2024-08-22 00:00:00,Resolved,No
EVT847875BD,Inventory Shortage,Normal,Procurement,EMPFF01E7BE,New York,2024-09-15 00:00:00,2024-09-27 00:00:00,Escalated,No
EVT374CDEDF,Inventory Shortage,Critical,Procurement,EMP1E6C3593,Phoenix,2024-04-02 00:00:00,2024-04-04 00:00:00,Resolved,No
EVTD431CBD9,Compliance Issue,Critical,Marketing,EMPBE994149,Austin,2024-03-16 00:00:00,,Pending,No
EVT33BA4ABA,Purchase Request,Warning,Sales,EMPC07DA49A,Dallas,2024-09-07 00:00:00,2024-09-14 00:00:00,Resolved,No
EVT50147D86,Machine Breakdown,Warning,Sales,EMP6A921403,Los Angeles,2024-06-04 00:00:00,2024-06-08 00:00:00,Resolved,Yes
EVTBC4D0678,Power Outage,Critical,IT,EMP8D48FE1B,Chicago,2024-03-22 00:00:00,,Pending,No
EVTFECE398D,Inventory Shortage,Warning,IT,EMPFF1457E4,New York,2024-10-03 00:00:00,2024-10-09 00:00:00,Resolved,Yes
EVTD669DCB9,Inventory Shortage,Normal,Operations,EMPA8BCC83D,San Jose,2024-05-04 00:00:00,,Pending,No
EVTE9EFE04E,Employee Injury,Critical,Operations,EMP9484E9CE,Phoenix,2024-04-25 00:00:00,,Pending,Yes
EVTE1FAC9A3,Employee Injury,Critical,Finance,EMP731ED9A8,Houston,2024-09-25 00:00:00,2024-09-27 00:00:00,Resolved,No
EVT96196D30,Cyber Alert,Critical,Operations,EMPE0CCC407,Phoenix,2024-04-13 00:00:00,2024-04-14 00:00:00,Resolved,No
EVT72BA6C05,Cyber Alert,Warning,Quality,EMP74EC5A62,Dallas,2024-01-22 00:00:00,,Pending,Yes
EVT93A0193B,Customer Escalation,Warning,Sales,EMP8090CCD5,Phoenix,2024-05-14 00:00:00,2024-05-21 00:00:00,Resolved,No
EVT55BB1856,Power Outage,Critical,Operations,EMPFFC93294,Philadelphia,2024-01-07 00:00:00,2024-01-09 00:00:00,Resolved,No
EVT8804AD77,Compliance Issue,Warning,HR,EMP2009012F,San Jose,2024-02-09 00:00:00,2024-02-15 00:00:00,Resolved,Yes
EVT35C5D004,Machine Breakdown,Normal,Sales,EMPD9B0715B,Houston,2024-03-27 00:00:00,2024-04-04 00:00:00,Resolved,No
EVT43760C7C,Customer Escalation,Normal,IT,EMPCA39AC6F,Dallas,2024-01-08 00:00:00,,Pending,Yes
EVTA0FF3537,Customer Escalation,Normal,HR,EMP7ED04ABE,Chicago,2024-11-24 00:00:00,2024-12-07 00:00:00,Resolved,Yes
EVT33F7BFBA,Machine Breakdown,Normal,Quality,EMPCCF99E88,Philadelphia,2024-03-25 00:00:00,2024-04-03 00:00:00,Resolved,Yes
EVT935965A1,Employee Injury,Warning,Logistics,EMP1EC50A37,San Jose,2024-12-01 00:00:00,,Pending,No
EVT2405BFA6,Machine Breakdown,Warning,Manufacturing,EMPAA2DF53A,Jacksonville,2024-12-10 00:00:00,2024-12-14 00:00:00,Resolved,No
EVTE7373B9D,Power Outage,Critical,HR,EMP868F7161,Jacksonville,2024-10-09 00:00:00,,Pending,Yes
EVT791385FA,Inventory Shortage,Warning,Sales,EMPD124C730,San Jose,2024-06-09 00:00:00,2024-06-16 00:00:00,Resolved,Yes
EVT666CF25A,Power Outage,Critical,Sales,EMP5A30E2A2,Jacksonville,2024-01-19 00:00:00,,Pending,No
EVTDF9D5EE5,Inventory Shortage,Warning,Marketing,EMP1337B7AA,Chicago,2024-09-21 00:00:00,,Pending,Yes
EVTD0B93376,Cyber Alert,Critical,Marketing,EMPF6BA688D,Dallas,2024-09-20 00:00:00,2024-09-22 00:00:00,Resolved,Yes
EVT7FBA6916,Cyber Alert,Critical,Sales,EMPE45887B4,Austin,2024-10-13 00:00:00,2024-10-16 00:00:00,Resolved,No
EVTC8A8A6AE,Purchase Request,Normal,Finance,EMP3CA6E10D,Los Angeles,2024-01-21 00:00:00,2024-01-29 00:00:00,Resolved,No
EVT461D4E80,Cyber Alert,Normal,Sales,EMP2E2197DC,Houston,2024-11-27 00:00:00,2024-12-06 00:00:00,Resolved,Yes
EVT059EF730,Vendor Delay,Normal,Logistics,EMPBC641ED3,Houston,2024-09-07 00:00:00,,Pending,No
EVT96EBB379,Power Outage,Critical,Quality,EMP4FAC51B3,Phoenix,2024-10-20 00:00:00,,Pending,No
EVT45023245,Machine Breakdown,Critical,IT,EMPC6D3BBE5,Chicago,2024-02-06 00:00:00,2024-02-09 00:00:00,Resolved,No
EVT82A3BEE0,Power Outage,Warning,Sales,EMP0AADEB82,Houston,2024-07-05 00:00:00,2024-07-10 00:00:00,Resolved,No
EVTB83DFE33,Equipment Failure,Critical,IT,EMP5B14C190,Los Angeles,2024-12-28 00:00:00,2024-12-30 00:00:00,Resolved,No
EVT6EE180FE,Vendor Delay,Critical,Logistics,EMP9920C771,Jacksonville,2024-05-07 00:00:00,,Pending,No
EVT9254CEC1,Purchase Request,Normal,IT,EMPC2F61232,Phoenix,2024-11-02 00:00:00,,Pending,No
EVT7507AF35,Cyber Alert,Critical,Procurement,EMP2F9CABBC,San Antonio,2024-04-25 00:00:00,2024-04-28 00:00:00,Resolved,Yes
EVT26E0B470,Equipment Failure,Warning,IT,EMP93E7A5C5,Dallas,2024-07-18 00:00:00,2024-07-22 00:00:00,Resolved,No
EVTE40FD408,Compliance Issue,Warning,Quality,EMP2F13E243,San Diego,2024-05-30 00:00:00,,Pending,No
EVTFB273E18,Equipment Failure,Critical,Sales,EMPE8D6FF50,Los Angeles,2024-01-29 00:00:00,,Pending,No
EVT88C45A04,Employee Injury,Critical,Sales,EMP1B1BDD16,San Diego,2024-05-21 00:00:00,2024-05-23 00:00:00,Resolved,Yes
EVT60824C0D,Customer Escalation,Warning,IT,EMPB739F38B,Dallas,2024-08-03 00:00:00,,Pending,Yes
EVT3E09C3FE,Employee Injury,Warning,Finance,EMPFFD0FA4C,Philadelphia,2024-02-11 00:00:00,2024-02-17 00:00:00,Resolved,Yes
EVTA9FE6328,Vendor Delay,Warning,IT,EMP6D882F68,Chicago,2024-04-03 00:00:00,,Pending,Yes
EVT88807FEA,Cyber Alert,Warning,Procurement,EMPC5CC2CBD,San Antonio,2024-12-15 00:00:00,2024-12-22 00:00:00,Resolved,No
EVT7C82362E,Customer Escalation,Warning,Sales,EMP21566065,New York,2024-01-27 00:00:00,2024-01-31 00:00:00,Resolved,No
EVT592A21E5,Inventory Shortage,Normal,Marketing,EMP9E0B0E62,San Diego,2024-11-13 00:00:00,2024-11-25 00:00:00,Resolved,No
EVT2EFDEFB9,Cyber Alert,Warning,Finance,EMP10A03CF2,Los Angeles,2024-11-26 00:00:00,2024-12-02 00:00:00,Resolved,Yes
EVTCC636D73,Vendor Delay,Warning,Procurement,EMP1F43A6EC,Phoenix,2024-01-30 00:00:00,2024-02-04 00:00:00,Escalated,No
EVT42D299D8,Inventory Shortage,Normal,Manufacturing,EMP024B6B5B,San Jose,2024-04-18 00:00:00,,Pending,No
EVT5279D5CA,Power Outage,Critical,Logistics,EMP105099F6,Philadelphia,2024-08-09 00:00:00,2024-08-11 00:00:00,Resolved,Yes
EVTB37F6523,Inventory Shortage,Critical,Manufacturing,EMP3002ED02,Los Angeles,2024-06-07 00:00:00,2024-06-10 00:00:00,Resolved,No
EVT312C63D3,Vendor Delay,Normal,Sales,EMPFFB2AC04,Houston,2024-04-13 00:00:00,,Pending,Yes
EVTB066CC3F,Vendor Delay,Warning,Logistics,EMP64C13BBC,San Antonio,2024-08-31 00:00:00,2024-09-06 00:00:00,Resolved,Yes
EVT76E0F33B,Purchase Request,Normal,Manufacturing,EMP5FB67DFF,San Diego,2024-07-27 00:00:00,2024-08-11 00:00:00,Resolved,Yes
EVT3731AFAF,Compliance Issue,Warning,HR,EMPB339A931,New York,2024-04-05 00:00:00,2024-04-09 00:00:00,Resolved,No
EVT66130EBC,Customer Escalation,Warning,Quality,EMP4D371661,Philadelphia,2024-06-05 00:00:00,,Pending,Yes
EVT92C77EE4,Purchase Request,Normal,Quality,EMPF18964BE,San Antonio,2024-10-31 00:00:00,2024-11-13 00:00:00,Resolved,No
EVT086FEDFC,Power Outage,Critical,Marketing,EMP9FA99A30,Jacksonville,2024-05-02 00:00:00,2024-05-04 00:00:00,Resolved,No
EVTDD731011,Compliance Issue,Critical,Sales,EMPD1B6192A,Dallas,2024-02-02 00:00:00,2024-02-05 00:00:00,Resolved,No
EVT81169BA1,Inventory Shortage,Warning,IT,EMP07D7CC93,San Jose,2024-01-18 00:00:00,2024-01-25 00:00:00,Resolved,No
EVTACD0848B,Equipment Failure,Warning,IT,EMP09226966,Los Angeles,2024-04-08 00:00:00,,Pending,No
EVT78AF341C,Equipment Failure,Critical,Procurement,EMP28092B31,Jacksonville,2024-12-28 00:00:00,2024-12-31 00:00:00,Resolved,Yes
EVTB25F15BD,Cyber Alert,Normal,Sales,EMP6D949449,Los Angeles,2024-12-18 00:00:00,2024-12-31 00:00:00,Resolved,No
EVTF8A40877,Equipment Failure,Critical,HR,EMP4F9D0D43,New York,2024-07-14 00:00:00,2024-07-17 00:00:00,Resolved,No
EVTCFE0F21B,Employee Injury,Critical,Operations,EMPEDD8E3A2,Los Angeles,2024-12-06 00:00:00,2024-12-09 00:00:00,Resolved,No
EVTA16D2819,Power Outage,Critical,Operations,EMP0E126784,Houston,2024-09-13 00:00:00,,Pending,No
EVTC535B621,Vendor Delay,Warning,HR,EMP4051F7F6,Phoenix,2024-08-31 00:00:00,2024-09-05 00:00:00,Resolved,Yes
EVT4C84FCF1,Machine Breakdown,Warning,Sales,EMP4FE7D32C,Houston,2024-10-03 00:00:00,2024-10-06 00:00:00,Resolved,No
EVT413D048C,Employee Injury,Critical,HR,EMP3F6B5096,Jacksonville,2024-05-29 00:00:00,2024-05-30 00:00:00,Escalated,Yes
EVTDF174770,Vendor Delay,Normal,Quality,EMP801003F6,Los Angeles,2024-06-14 00:00:00,2024-06-26 00:00:00,Resolved,No
EVT1467DB27,Employee Injury,Critical,Manufacturing,EMP06F4D180,New York,2024-09-23 00:00:00,2024-09-26 00:00:00,Resolved,No
EVT63B153EB,Customer Escalation,Critical,Manufacturing,EMP5A0207FA,Houston,2024-06-25 00:00:00,2024-06-27 00:00:00,Resolved,Yes
EVTB50EB6A0,Compliance Issue,Critical,Sales,EMP4D371661,San Antonio,2024-08-03 00:00:00,2024-08-04 00:00:00,Resolved,No
EVT561665FE,Vendor Delay,Warning,Operations,EMPF6821945,San Antonio,2024-06-11 00:00:00,2024-06-17 00:00:00,Resolved,No
EVTCC9ABADD,Power Outage,Critical,Finance,EMPB90717F3,Houston,2024-01-27 00:00:00,2024-01-28 00:00:00,Resolved,Yes
EVTE8E2C54C,Power Outage,Critical,Procurement,EMP948CC254,San Jose,2024-12-05 00:00:00,2024-12-06 00:00:00,Resolved,Yes
EVT28E149E8,Purchase Request,Normal,Manufacturing,EMP8FB50396,Austin,2024-12-19 00:00:00,2024-12-30 00:00:00,Resolved,Yes
EVT2FF630DB,Compliance Issue,Warning,Sales,EMP24C7E892,Houston,2024-03-21 00:00:00,2024-03-27 00:00:00,Resolved,Yes
EVT20AB9340,Machine Breakdown,Normal,IT,EMP451D7E83,Houston,2024-11-17 00:00:00,2024-11-29 00:00:00,Resolved,No
EVT15E26BAA,Cyber Alert,Warning,Finance,EMPD015AA2D,Chicago,2024-11-19 00:00:00,,Pending,Yes
EVT55B7D13C,Compliance Issue,Warning,Manufacturing,EMP1782FE47,Philadelphia,2024-06-14 00:00:00,,Pending,No
EVT64B643D9,Customer Escalation,Normal,Procurement,EMP00D54120,Austin,2024-05-16 00:00:00,2024-05-31 00:00:00,Resolved,No
EVT78EF69ED,Purchase Request,Normal,Finance,EMP5BE993DA,Chicago,2024-01-05 00:00:00,,Pending,Yes
EVTF48119D5,Compliance Issue,Warning,Sales,EMPE29331BD,Dallas,2024-04-14 00:00:00,2024-04-20 00:00:00,Resolved,No
EVTC29348AB,Vendor Delay,Warning,Marketing,EMP388CC5E4,Phoenix,2024-12-27 00:00:00,,Pending,Yes
EVTE7E3B7FC,Compliance Issue,Critical,Procurement,EMP1FE82A9C,San Diego,2024-07-29 00:00:00,2024-07-31 00:00:00,Escalated,Yes
EVT2E2A11C1,Equipment Failure,Critical,Finance,EMP140FF0FB,Dallas,2024-07-28 00:00:00,,Pending,No
EVT50856D47,Cyber Alert,Normal,IT,EMP8090CCD5,Phoenix,2024-05-14 00:00:00,2024-05-22 00:00:00,Resolved,No
EVT7F6D1835,Purchase Request,Normal,IT,EMP99E3D0E8,Houston,2024-12-20 00:00:00,,Pending,No
EVT25F552D0,Employee Injury,Warning,Manufacturing,EMP1DBF7CE7,Chicago,2024-09-01 00:00:00,2024-09-07 00:00:00,Resolved,No
EVT42560935,Equipment Failure,Critical,Quality,EMPE1EEA1B8,Houston,2024-11-12 00:00:00,2024-11-14 00:00:00,Resolved,Yes
EVT8C186791,Inventory Shortage,Warning,Marketing,EMP9BCECA89,Houston,2024-07-14 00:00:00,2024-07-20 00:00:00,Resolved,Yes
EVT30275BC5,Machine Breakdown,Critical,IT,EMP8307D934,Phoenix,2024-12-19 00:00:00,2024-12-22 00:00:00,Resolved,No
EVTFB12E8C3,Compliance Issue,Warning,Quality,EMP77E902AD,Dallas,2024-04-27 00:00:00,2024-05-02 00:00:00,Resolved,No
EVT1AFF8AB3,Power Outage,Critical,Quality,EMPAC6C8476,Houston,2024-12-06 00:00:00,2024-12-08 00:00:00,Resolved,No
EVTB1B2327A,Purchase Request,Warning,Quality,EMPF5134C07,Chicago,2024-08-07 00:00:00,,Pending,No
EVTEC3D39F0,Inventory Shortage,Normal,Manufacturing,EMP4E77BBC5,Phoenix,2024-11-18 00:00:00,2024-11-28 00:00:00,Resolved,No
EVTC3E2DC6C,Inventory Shortage,Warning,IT,EMP629560D9,Philadelphia,2024-02-04 00:00:00,2024-02-08 00:00:00,Resolved,Yes
EVT58D9C2F0,Power Outage,Critical,Operations,EMP17505370,Phoenix,2024-03-01 00:00:00,2024-03-04 00:00:00,Resolved,No
EVT4BB80EA0,Purchase Request,Normal,Manufacturing,EMP4778DF9B,New York,2024-09-15 00:00:00,2024-09-25 00:00:00,Resolved,No
EVTD88CB227,Vendor Delay,Warning,Operations,EMP480A7BA5,San Antonio,2024-03-26 00:00:00,2024-03-30 00:00:00,Resolved,Yes
EVT4977DB78,Purchase Request,Normal,Manufacturing,EMPAAD66346,San Antonio,2024-06-24 00:00:00,2024-07-09 00:00:00,Resolved,No
EVT0254AE57,Power Outage,Warning,Sales,EMP0C553260,Jacksonville,2024-07-06 00:00:00,,Pending,Yes
EVTF4999D40,Equipment Failure,Critical,Manufacturing,EMP972D50C5,San Diego,2024-02-09 00:00:00,2024-02-12 00:00:00,Resolved,Yes
EVT7F8001B6,Power Outage,Critical,Manufacturing,EMP7DCA6DCE,Philadelphia,2024-01-02 00:00:00,2024-01-03 00:00:00,Resolved,Yes
EVTA93E6366,Machine Breakdown,Critical,Logistics,EMPFDF3A784,Austin,2024-10-15 00:00:00,2024-10-18 00:00:00,Resolved,Yes
EVT702578CB,Machine Breakdown,Critical,Manufacturing,EMPA5DDF12E,San Jose,2024-01-08 00:00:00,2024-01-10 00:00:00,Resolved,Yes
EVT5681BCDB,Compliance Issue,Warning,HR,EMP413936FE,Houston,2024-06-27 00:00:00,2024-07-01 00:00:00,Resolved,No
EVT46B686FA,Purchase Request,Normal,Quality,EMP5152B4B2,San Diego,2024-05-20 00:00:00,2024-05-29 00:00:00,Escalated,No
EVT007B811F,Customer Escalation,Warning,Manufacturing,EMPEE33138A,Los Angeles,2024-05-05 00:00:00,2024-05-08 00:00:00,Resolved,No
EVT54666C55,Customer Escalation,Warning,Sales,EMPCC66005E,Chicago,2024-04-09 00:00:00,,Pending,No
EVT850B2360,Cyber Alert,Critical,Marketing,EMP8AF74604,San Jose,2024-11-02 00:00:00,2024-11-03 00:00:00,Resolved,Yes
EVT15B616C8,Compliance Issue,Critical,Sales,EMP6D882F68,Chicago,2024-07-10 00:00:00,2024-07-12 00:00:00,Resolved,No
EVT8C2FD06D,Compliance Issue,Warning,Sales,EMPE675D1DD,New York,2024-04-04 00:00:00,2024-04-11 00:00:00,Resolved,Yes
EVT9381261C,Cyber Alert,Normal,Operations,EMP9F88EDEF,Philadelphia,2024-03-27 00:00:00,,Pending,No
EVTF89471F7,Cyber Alert,Warning,Marketing,EMP93F704DC,Dallas,2024-11-23 00:00:00,2024-11-30 00:00:00,Resolved,No
EVT7C7C7FC6,Purchase Request,Warning,Procurement,EMP5CD6DB6D,San Diego,2024-02-06 00:00:00,2024-02-10 00:00:00,Resolved,Yes
EVT7D32BCEA,Machine Breakdown,Critical,Quality,EMPF86E0622,Dallas,2024-05-11 00:00:00,2024-05-13 00:00:00,Resolved,No
EVTFF4FB798,Customer Escalation,Warning,Finance,EMP30561ACE,Jacksonville,2024-07-03 00:00:00,,Pending,No
EVT178F49EA,Compliance Issue,Warning,Marketing,EMPC9C35906,San Antonio,2024-03-28 00:00:00,2024-04-03 00:00:00,Resolved,No
EVT2940CA46,Compliance Issue,Warning,Operations,EMP83FD98ED,Jacksonville,2024-11-27 00:00:00,2024-11-30 00:00:00,Resolved,Yes
EVT256B5F5B,Inventory Shortage,Warning,Operations,EMPEAD8AAB2,Los Angeles,2024-12-01 00:00:00,,Pending,No
EVT321BE452,Inventory Shortage,Critical,IT,EMP46142A77,San Diego,2024-08-13 00:00:00,,Pending,No
EVT58BA56A9,Employee Injury,Normal,Sales,EMPDEAD5F20,Phoenix,2024-06-24 00:00:00,2024-07-08 00:00:00,Resolved,No
EVTA3AF59F1,Power Outage,Critical,IT,EMPBAE59D81,Philadelphia,2024-12-02 00:00:00,2024-12-05 00:00:00,Resolved,No
EVTA5DA9CD1,Vendor Delay,Normal,Logistics,EMPAA05406E,San Diego,2024-07-06 00:00:00,2024-07-15 00:00:00,Resolved,No
EVT5C9844DA,Compliance Issue,Warning,Operations,EMP7A167CF2,Chicago,2024-12-27 00:00:00,2025-01-01 00:00:00,Resolved,Yes
EVT233A9D29,Customer Escalation,Warning,IT,EMP36AFCAB5,Los Angeles,2024-11-24 00:00:00,2024-12-01 00:00:00,Resolved,No
EVT10479E05,Cyber Alert,Warning,Marketing,EMP4931D5C2,Philadelphia,2024-11-01 00:00:00,2024-11-05 00:00:00,Resolved,No
EVTBD77EEB1,Vendor Delay,Warning,IT,EMP747F039C,Jacksonville,2024-01-29 00:00:00,2024-02-03 00:00:00,Resolved,No
EVT2CD70FB9,Employee Injury,Critical,HR,EMP62C0B93C,Chicago,2024-11-27 00:00:00,2024-11-28 00:00:00,Escalated,No
EVT7516431F,Compliance Issue,Warning,Procurement,EMPACA95016,New York,2024-04-21 00:00:00,2024-04-26 00:00:00,Resolved,Yes
EVT868F8852,Compliance Issue,Warning,Operations,EMP0F344F07,Dallas,2024-02-28 00:00:00,2024-03-04 00:00:00,Resolved,No
EVT7E884412,Customer Escalation,Warning,Procurement,EMPE68F1DF0,Dallas,2024-07-23 00:00:00,2024-07-28 00:00:00,Resolved,Yes
EVT080C0A05,Inventory Shortage,Normal,Sales,EMP593448E1,Chicago,2024-10-30 00:00:00,2024-11-12 00:00:00,Resolved,No
EVTF6E96EE5,Vendor Delay,Warning,Quality,EMP0F4C14ED,Chicago,2024-08-18 00:00:00,2024-08-22 00:00:00,Resolved,No
EVTB23A69E1,Customer Escalation,Normal,IT,EMPDF6D6F6B,Austin,2024-12-11 00:00:00,2024-12-25 00:00:00,Resolved,Yes
EVT9F6A5B3D,Purchase Request,Normal,Logistics,EMP6C0B70CA,San Diego,2024-01-15 00:00:00,2024-01-29 00:00:00,Resolved,No
EVT782C6DFF,Inventory Shortage,Normal,HR,EMP38397153,Austin,2024-02-10 00:00:00,2024-02-23 00:00:00,Resolved,No
EVT11D28A0E,Machine Breakdown,Critical,Marketing,EMP4EE0449E,Los Angeles,2024-09-17 00:00:00,2024-09-19 00:00:00,Resolved,No
EVT98145BB2,Employee Injury,Warning,HR,EMP6992694E,Houston,2024-01-23 00:00:00,2024-01-29 00:00:00,Resolved,No
EVT87766D81,Machine Breakdown,Warning,Operations,EMPE7C5F54A,San Jose,2024-12-25 00:00:00,,Pending,No
EVT6EA7E0EB,Inventory Shortage,Normal,Finance,EMP08B76734,Los Angeles,2024-04-09 00:00:00,2024-04-18 00:00:00,Resolved,No
EVT63553B7F,Cyber Alert,Warning,Operations,EMPC94B2E76,San Diego,2024-11-05 00:00:00,2024-11-11 00:00:00,Resolved,No
EVT0EAFEC6C,Purchase Request,Normal,HR,EMP00460255,Phoenix,2024-08-14 00:00:00,2024-08-23 00:00:00,Escalated,Yes
EVT3BAB781B,Vendor Delay,Critical,Operations,EMP46142A77,San Diego,2024-06-12 00:00:00,2024-06-14 00:00:00,Resolved,Yes
EVTD373087E,Machine Breakdown,Normal,Quality,EMP291B3FA9,Dallas,2024-08-03 00:00:00,2024-08-15 00:00:00,Resolved,No
EVTE31D1C96,Cyber Alert,Critical,Marketing,EMP455984A8,Chicago,2024-06-21 00:00:00,,Pending,No
EVTB707C5AF,Purchase Request,Normal,Procurement,EMPFED829C9,Los Angeles,2024-02-25 00:00:00,2024-03-10 00:00:00,Resolved,Yes
EVT440F52E8,Employee Injury,Critical,Quality,EMP9F354181,Houston,2024-08-09 00:00:00,2024-08-10 00:00:00,Escalated,No
EVTAE836A53,Machine Breakdown,Normal,Finance,EMPC50B8F4A,San Diego,2024-04-09 00:00:00,2024-04-22 00:00:00,Resolved,No
EVT029472B4,Power Outage,Critical,Marketing,EMP80011B39,San Jose,2024-04-15 00:00:00,2024-04-18 00:00:00,Resolved,No
EVT5EC295FD,Machine Breakdown,Warning,HR,EMPFF53707A,Chicago,2024-05-29 00:00:00,2024-06-04 00:00:00,Resolved,No
EVT3D718633,Purchase Request,Normal,Quality,EMP8759F6A8,San Antonio,2024-12-05 00:00:00,,Pending,No
EVT74CAC4D4,Compliance Issue,Warning,Quality,EMP8E07918B,New York,2024-02-12 00:00:00,2024-02-19 00:00:00,Resolved,No
EVT9011A397,Cyber Alert,Critical,Finance,EMP909A03E8,Philadelphia,2024-12-15 00:00:00,,Pending,Yes
EVT430B3BD1,Purchase Request,Critical,Quality,EMP76CF82D8,San Antonio,2024-06-30 00:00:00,2024-07-03 00:00:00,Resolved,No
EVT1A024B8A,Power Outage,Critical,Finance,EMPD76A0B8F,San Jose,2024-01-15 00:00:00,2024-01-18 00:00:00,Resolved,Yes
EVT42FDB4BD,Machine Breakdown,Warning,Sales,EMPE6D73B0D,San Antonio,2024-11-23 00:00:00,,Pending,Yes
EVTE455FC60,Machine Breakdown,Normal,Procurement,EMPC29CDBEE,Austin,2024-12-19 00:00:00,2025-01-01 00:00:00,Resolved,No
EVTE09DA5DF,Power Outage,Critical,Logistics,EMP2D67E6C6,Phoenix,2024-12-24 00:00:00,2024-12-27 00:00:00,Resolved,No
EVT498BDA6B,Equipment Failure,Normal,HR,EMPEE8C7058,Houston,2024-09-25 00:00:00,2024-10-07 00:00:00,Escalated,No
EVT804B5CCA,Customer Escalation,Critical,IT,EMP61967A76,San Antonio,2024-08-05 00:00:00,,Pending,Yes
EVT38EC6B8A,Cyber Alert,Warning,Operations,EMPDE671AB5,Philadelphia,2024-10-17 00:00:00,2024-10-22 00:00:00,Resolved,No
EVT234EC726,Equipment Failure,Critical,Marketing,EMPC7E83B7E,Jacksonville,2024-06-26 00:00:00,2024-06-27 00:00:00,Resolved,No
EVTB0B97C8C,Cyber Alert,Normal,Operations,EMPF2CE45EC,Chicago,2024-12-11 00:00:00,2024-12-24 00:00:00,Resolved,No
EVT225FB9E5,Customer Escalation,Normal,Marketing,EMP69098DD7,New York,2024-09-06 00:00:00,2024-09-16 00:00:00,Resolved,No
EVTC95869BF,Vendor Delay,Critical,Finance,EMP7736871B,Philadelphia,2024-01-04 00:00:00,,Pending,Yes
EVTC2509574,Vendor Delay,Warning,Procurement,EMP1D2AC612,New York,2024-04-14 00:00:00,,Pending,Yes
EVT78110FDB,Vendor Delay,Warning,HR,EMPE841F00B,Dallas,2024-09-15 00:00:00,2024-09-19 00:00:00,Resolved,No
EVTBFEA24B5,Inventory Shortage,Critical,Operations,EMP8547164E,Jacksonville,2024-03-26 00:00:00,2024-03-29 00:00:00,Resolved,No
EVT7C7CF54A,Machine Breakdown,Critical,HR,EMP69297EE3,Philadelphia,2024-07-07 00:00:00,2024-07-09 00:00:00,Resolved,No
EVT0B31BF81,Customer Escalation,Normal,IT,EMPB433C0E6,San Antonio,2024-06-15 00:00:00,2024-06-30 00:00:00,Resolved,No
EVT0391EA63,Vendor Delay,Warning,Quality,EMPEEBC2716,Phoenix,2024-10-11 00:00:00,2024-10-14 00:00:00,Resolved,No
EVT94E86267,Machine Breakdown,Warning,HR,EMP6F2F643F,Los Angeles,2024-06-15 00:00:00,2024-06-19 00:00:00,Resolved,No
EVTFC1DE23C,Compliance Issue,Warning,Procurement,EMPA4124D14,Phoenix,2024-04-08 00:00:00,2024-04-11 00:00:00,Resolved,Yes
EVT4A49BE85,Customer Escalation,Warning,Quality,EMP6BC6700B,San Antonio,2024-05-14 00:00:00,,Pending,Yes
EVT70D36783,Machine Breakdown,Normal,Marketing,EMP80EF590B,San Diego,2024-03-30 00:00:00,2024-04-08 00:00:00,Resolved,Yes
EVT3299FC86,Customer Escalation,Critical,Logistics,EMPE9D763A9,Austin,2024-09-03 00:00:00,,Pending,No
EVT3F685426,Vendor Delay,Normal,Procurement,EMP5D966AD4,San Jose,2024-09-29 00:00:00,2024-10-07 00:00:00,Resolved,Yes
EVT0592891A,Equipment Failure,Warning,Finance,EMP8BD3D873,San Antonio,2024-05-29 00:00:00,2024-06-03 00:00:00,Resolved,Yes
EVTE93EE6BD,Employee Injury,Critical,Manufacturing,EMP98CB7FFF,Dallas,2024-08-27 00:00:00,,Pending,No
EVTF9EB71D4,Purchase Request,Normal,Finance,EMP19171E3B,New York,2024-05-25 00:00:00,2024-06-07 00:00:00,Resolved,Yes
EVT65503D81,Power Outage,Critical,HR,EMP783A92CA,Houston,2024-07-15 00:00:00,2024-07-16 00:00:00,Escalated,No
EVTD541FB6D,Purchase Request,Critical,Operations,EMP430BD32B,San Jose,2024-05-14 00:00:00,,Pending,No
EVTE03B80C6,Inventory Shortage,Warning,HR,EMP70FC0900,Houston,2024-12-12 00:00:00,2024-12-15 00:00:00,Resolved,No
EVT9F56EBBE,Purchase Request,Normal,Logistics,EMPFCB086C1,San Jose,2024-08-27 00:00:00,2024-09-04 00:00:00,Escalated,No
EVTD269A10A,Machine Breakdown,Warning,IT,EMP8DAE0F39,Dallas,2024-09-02 00:00:00,2024-09-06 00:00:00,Resolved,No
EVTED49960C,Power Outage,Critical,Sales,EMP6491E6C8,Jacksonville,2024-08-18 00:00:00,2024-08-20 00:00:00,Resolved,Yes
EVT13FE8436,Compliance Issue,Warning,IT,EMP981B6D69,Phoenix,2024-03-02 00:00:00,2024-03-06 00:00:00,Resolved,Yes
EVTEFCA4543,Compliance Issue,Normal,HR,EMP7D35565D,Philadelphia,2024-10-15 00:00:00,,Pending,No
EVT3FBC3F8E,Customer Escalation,Critical,IT,EMPFAD0E86D,Houston,2024-06-18 00:00:00,,Pending,No
EVT35BE2AEF,Purchase Request,Normal,Finance,EMPAFB84AF1,San Diego,2024-07-30 00:00:00,2024-08-09 00:00:00,Resolved,Yes
EVT3AF90ABD,Equipment Failure,Normal,IT,EMP4D9A10A9,Dallas,2024-02-14 00:00:00,2024-02-21 00:00:00,Resolved,No
EVT84C4612A,Vendor Delay,Normal,Quality,EMPA89E7E6F,San Diego,2024-01-03 00:00:00,2024-01-13 00:00:00,Resolved,Yes
EVT95DD875D,Machine Breakdown,Critical,Manufacturing,EMPE57839DA,Austin,2024-08-10 00:00:00,,Pending,Yes
EVTE0D760C3,Vendor Delay,Normal,HR,EMP69922570,San Antonio,2024-01-22 00:00:00,,Pending,Yes
EVT01467805,Equipment Failure,Critical,Operations,EMP526F9AF0,Austin,2024-05-03 00:00:00,2024-05-05 00:00:00,Resolved,No
EVT950A68F8,Vendor Delay,Warning,HR,EMPEEB5F073,New York,2024-05-21 00:00:00,2024-05-28 00:00:00,Resolved,No
EVTCADE4CB9,Vendor Delay,Normal,Sales,EMP3C160D1D,Austin,2024-06-12 00:00:00,,Pending,No
EVTE81D81DE,Vendor Delay,Warning,Operations,EMPC26A4EE2,Austin,2024-03-07 00:00:00,2024-03-12 00:00:00,Resolved,Yes
EVT7FFA17AC,Equipment Failure,Warning,Procurement,EMPD65E5AE2,Phoenix,2024-01-19 00:00:00,2024-01-25 00:00:00,Resolved,Yes
EVTD5D3EA50,Customer Escalation,Normal,Sales,EMPA9CD104F,Houston,2024-05-31 00:00:00,,Pending,Yes
EVT127D28DE,Employee Injury,Critical,IT,EMPEA45ED63,Houston,2024-03-25 00:00:00,,Pending,Yes
EVT2A4CD7B8,Inventory Shortage,Critical,Quality,EMPE13F1699,San Diego,2024-08-26 00:00:00,2024-08-28 00:00:00,Resolved,Yes
EVTA4AEB7FC,Customer Escalation,Normal,Logistics,EMPAB3DCD43,Austin,2024-03-18 00:00:00,,Pending,Yes
EVT7DB282BA,Vendor Delay,Normal,Sales,EMP89F55CE6,Philadelphia,2024-03-21 00:00:00,2024-04-01 00:00:00,Escalated,No
EVT6B310A27,Machine Breakdown,Critical,Manufacturing,EMP5B028FB2,Austin,2024-07-20 00:00:00,2024-07-21 00:00:00,Resolved,Yes
EVTF2CAF6C6,Cyber Alert,Normal,Marketing,EMPAD944437,Chicago,2024-04-28 00:00:00,2024-05-11 00:00:00,Resolved,Yes
EVT4DBF8420,Inventory Shortage,Warning,IT,EMP7B8F4F5E,San Antonio,2024-01-15 00:00:00,2024-01-18 00:00:00,Resolved,No
EVTF87FC471,Compliance Issue,Critical,Operations,EMP0E9E902D,New York,2024-11-08 00:00:00,2024-11-09 00:00:00,Resolved,No
EVTD00EB3FA,Employee Injury,Critical,Procurement,EMPBC6660DF,Jacksonville,2024-12-14 00:00:00,2024-12-17 00:00:00,Resolved,No
EVTBC77FAD1,Customer Escalation,Critical,Logistics,EMP07D827C5,Austin,2024-07-10 00:00:00,2024-07-13 00:00:00,Resolved,No
EVT60F2E504,Cyber Alert,Critical,Manufacturing,EMP4A01108D,Austin,2024-05-20 00:00:00,2024-05-23 00:00:00,Resolved,No
EVTF5C2EA35,Inventory Shortage,Normal,IT,EMP393FFF6E,San Antonio,2024-02-10 00:00:00,2024-02-22 00:00:00,Resolved,Yes
EVT030E86A9,Machine Breakdown,Critical,IT,EMP84BCCD3F,Phoenix,2024-05-18 00:00:00,2024-05-21 00:00:00,Resolved,Yes
EVT2557FBE1,Customer Escalation,Warning,Quality,EMP87881958,New York,2024-05-26 00:00:00,2024-06-02 00:00:00,Escalated,Yes
EVT733CE68D,Purchase Request,Normal,Procurement,EMP2EC43431,Los Angeles,2024-04-16 00:00:00,,Pending,No
EVT9F45E33D,Cyber Alert,Warning,IT,EMPB3A0FE2F,Los Angeles,2024-05-23 00:00:00,2024-05-26 00:00:00,Resolved,No
EVT1B3D57EA,Purchase Request,Normal,Operations,EMP65F4218A,Jacksonville,2024-10-15 00:00:00,2024-10-23 00:00:00,Resolved,No
EVT68FF2967,Vendor Delay,Warning,Operations,EMP62ACF552,Philadelphia,2024-10-02 00:00:00,2024-10-06 00:00:00,Resolved,No
EVTFFE61DD9,Equipment Failure,Normal,Logistics,EMPFE91B431,Chicago,2024-12-23 00:00:00,,Pending,No
EVT18E10A22,Purchase Request,Normal,Logistics,EMP3E616E19,New York,2024-12-29 00:00:00,2025-01-13 00:00:00,Resolved,Yes
EVTACF76537,Vendor Delay,Normal,Quality,EMP947C299D,Chicago,2024-02-04 00:00:00,2024-02-17 00:00:00,Resolved,Yes
EVTD21F6FAA,Purchase Request,Normal,Quality,EMP9200D30E,Jacksonville,2024-03-16 00:00:00,,Pending,Yes
EVT5E05EA17,Purchase Request,Normal,Finance,EMPCB76661D,San Jose,2024-06-07 00:00:00,2024-06-20 00:00:00,Resolved,No
EVT7A881F8D,Power Outage,Warning,Quality,EMP381F62BF,Jacksonville,2024-02-06 00:00:00,2024-02-11 00:00:00,Resolved,No
EVT9B41B59D,Vendor Delay,Critical,Sales,EMP01E68FF8,Los Angeles,2024-03-07 00:00:00,2024-03-09 00:00:00,Resolved,Yes
EVT51E6F51D,Customer Escalation,Warning,Operations,EMP44BFB0AD,San Antonio,2024-05-24 00:00:00,,Pending,Yes
EVTEF2BCB22,Compliance Issue,Warning,Finance,EMPEE4BA9EA,Phoenix,2024-02-25 00:00:00,2024-03-03 00:00:00,Resolved,No
EVT8B7898B5,Vendor Delay,Warning,Quality,EMPE2B397FA,Dallas,2024-11-17 00:00:00,2024-11-20 00:00:00,Resolved,No
EVT4BCA3C3D,Customer Escalation,Critical,Marketing,EMP856E8D7F,San Jose,2024-08-25 00:00:00,,Pending,No
EVT9433A8E5,Inventory Shortage,Warning,Marketing,EMPDE061900,Los Angeles,2024-12-03 00:00:00,2024-12-07 00:00:00,Resolved,No
EVTC2BB7F15,Machine Breakdown,Warning,Marketing,EMPF867EFFB,Austin,2024-10-17 00:00:00,2024-10-20 00:00:00,Resolved,No
EVT835F19D7,Employee Injury,Critical,HR,EMP85BC175F,Philadelphia,2024-04-29 00:00:00,2024-05-01 00:00:00,Resolved,No
EVT684564DF,Equipment Failure,Warning,Manufacturing,EMP5FC78432,Chicago,2024-09-29 00:00:00,2024-10-02 00:00:00,Resolved,No
EVT0535EDC6,Equipment Failure,Warning,Quality,EMP4EA4E8D6,Phoenix,2024-12-12 00:00:00,2024-12-19 00:00:00,Resolved,Yes
EVTB21ABE3B,Cyber Alert,Warning,Manufacturing,EMP158BC43A,Dallas,2024-05-05 00:00:00,,Pending,Yes
EVT9954A626,Employee Injury,Critical,Marketing,EMP05560629,New York,2024-01-30 00:00:00,2024-02-01 00:00:00,Resolved,No
EVT6C3CBA73,Inventory Shortage,Warning,Sales,EMP6090D26D,Houston,2024-07-18 00:00:00,2024-07-23 00:00:00,Resolved,Yes
EVTFB086735,Customer Escalation,Normal,HR,EMPFCA23361,San Diego,2024-05-25 00:00:00,2024-06-07 00:00:00,Resolved,No
EVT825F5613,Equipment Failure,Warning,IT,EMP83B3FFF4,Phoenix,2024-04-23 00:00:00,,Pending,No
EVT86B46041,Purchase Request,Normal,Marketing,EMPBC3D70B0,Dallas,2024-06-20 00:00:00,2024-06-28 00:00:00,Resolved,No
EVTAF75E3C1,Machine Breakdown,Warning,IT,EMPB94C1793,Austin,2024-01-11 00:00:00,2024-01-16 00:00:00,Resolved,Yes
EVT1AD9A0DD,Power Outage,Critical,HR,EMPF46102DF,Houston,2024-03-22 00:00:00,2024-03-24 00:00:00,Resolved,No
EVTAF8E1EB6,Vendor Delay,Normal,Sales,EMPF1C124E7,Dallas,2024-03-12 00:00:00,2024-03-25 00:00:00,Resolved,Yes
EVT2B96A691,Equipment Failure,Warning,Sales,EMP83BACD30,Philadelphia,2024-02-12 00:00:00,2024-02-16 00:00:00,Resolved,Yes
EVTC940DE96,Vendor Delay,Normal,HR,EMP2CC4E13B,San Jose,2024-03-13 00:00:00,2024-03-26 00:00:00,Resolved,No
EVT269A887A,Vendor Delay,Normal,Operations,EMP5D8876EF,Jacksonville,2024-06-29 00:00:00,,Pending,No
EVTE67425E5,Machine Breakdown,Normal,Quality,EMPF3061AF4,Phoenix,2024-11-03 00:00:00,2024-11-17 00:00:00,Resolved,Yes
EVT8B9129C8,Compliance Issue,Normal,Finance,EMP1C22507E,Jacksonville,2024-02-21 00:00:00,,Pending,No
EVTE5B9B19D,Purchase Request,Normal,HR,EMPDE46889C,Dallas,2024-09-06 00:00:00,,Pending,Yes
EVT5740AE47,Cyber Alert,Critical,Procurement,EMPB34BD03E,San Antonio,2024-09-10 00:00:00,2024-09-12 00:00:00,Resolved,No
EVT280D5D70,Purchase Request,Normal,Quality,EMP11743D8C,San Jose,2024-07-17 00:00:00,2024-07-27 00:00:00,Resolved,Yes
EVT90CEA34E,Cyber Alert,Warning,Manufacturing,EMP0D5D6358,Phoenix,2024-09-10 00:00:00,2024-09-15 00:00:00,Resolved,Yes
EVT382CE4DB,Vendor Delay,Normal,Operations,EMP502C02CB,Austin,2024-07-12 00:00:00,2024-07-20 00:00:00,Resolved,No
EVT13AA27C4,Vendor Delay,Warning,IT,EMP231B6DCA,San Diego,2024-03-13 00:00:00,2024-03-17 00:00:00,Resolved,No
EVT3DE9F95F,Customer Escalation,Warning,HR,EMP427C6711,Jacksonville,2024-12-14 00:00:00,,Pending,Yes
EVT28BB3790,Cyber Alert,Critical,Marketing,EMP516C04ED,Dallas,2024-02-18 00:00:00,2024-02-19 00:00:00,Resolved,Yes
EVT564F1A5C,Compliance Issue,Warning,Manufacturing,EMP84A2F5BB,Houston,2024-02-19 00:00:00,,Pending,Yes
EVTD6C6A851,Equipment Failure,Critical,Quality,EMP1571C733,Los Angeles,2024-04-02 00:00:00,,Pending,No
EVT4FBD1A00,Employee Injury,Critical,Quality,EMP343BAB80,Phoenix,2024-06-26 00:00:00,2024-06-27 00:00:00,Resolved,Yes
EVTCD243010,Machine Breakdown,Warning,Marketing,EMPD60595C6,Chicago,2024-07-05 00:00:00,2024-07-10 00:00:00,Resolved,No
EVTE98CEA51,Vendor Delay,Warning,Logistics,EMPB9F62B0C,Dallas,2024-10-13 00:00:00,2024-10-19 00:00:00,Resolved,Yes
EVT95CF3A93,Power Outage,Critical,Quality,EMP8C75ECD0,San Diego,2024-02-29 00:00:00,,Pending,No
EVTEF99F159,Cyber Alert,Critical,IT,EMPD08501FC,Dallas,2024-02-24 00:00:00,2024-02-27 00:00:00,Resolved,No
EVTB63204EF,Machine Breakdown,Warning,Sales,EMP959B005D,New York,2024-02-08 00:00:00,,Pending,Yes
EVT664AC9B2,Vendor Delay,Warning,Logistics,EMP093229C2,San Jose,2024-10-28 00:00:00,2024-11-01 00:00:00,Escalated,No
EVT53D1481E,Employee Injury,Warning,Manufacturing,EMPC36D140F,Austin,2024-10-26 00:00:00,2024-11-01 00:00:00,Resolved,No
EVT9C933C8C,Power Outage,Critical,Marketing,EMPB769FD45,Jacksonville,2024-02-18 00:00:00,2024-02-21 00:00:00,Resolved,Yes
EVTD0BB15C3,Power Outage,Warning,Finance,EMP59CD40B7,Austin,2024-06-01 00:00:00,,Pending,No
EVTD181A2BF,Compliance Issue,Critical,Manufacturing,EMPE1B7B1D4,New York,2024-02-22 00:00:00,,Pending,No
EVT654EEB61,Equipment Failure,Critical,Operations,EMPEC7B3BCA,Austin,2024-05-14 00:00:00,2024-05-17 00:00:00,Resolved,Yes
EVTDDF9BBA8,Cyber Alert,Critical,IT,EMP59AB8628,Phoenix,2024-03-27 00:00:00,2024-03-30 00:00:00,Resolved,Yes
EVT671CDA72,Compliance Issue,Warning,Finance,EMPFB511729,Austin,2024-07-18 00:00:00,2024-07-22 00:00:00,Resolved,Yes
EVT12542E18,Employee Injury,Critical,Sales,EMPEC91D9A3,San Jose,2024-09-01 00:00:00,2024-09-02 00:00:00,Resolved,No
EVT6E914F4E,Customer Escalation,Critical,Procurement,EMP0F228C8F,San Diego,2024-10-22 00:00:00,2024-10-25 00:00:00,Resolved,No
EVTBDA4860E,Equipment Failure,Critical,Finance,EMPC466A1B1,Dallas,2024-05-31 00:00:00,2024-06-03 00:00:00,Resolved,No
EVT30F627FA,Customer Escalation,Normal,Finance,EMPEBEF8C61,Houston,2024-06-12 00:00:00,2024-06-24 00:00:00,Resolved,No
EVTD377981D,Machine Breakdown,Critical,Operations,EMP8F51846C,Austin,2024-03-27 00:00:00,2024-03-29 00:00:00,Resolved,No
EVTEBC7388D,Vendor Delay,Warning,Logistics,EMPBCB391FB,New York,2024-05-30 00:00:00,2024-06-03 00:00:00,Resolved,No
EVTF3B0205F,Employee Injury,Critical,Operations,EMP6A1C5243,Philadelphia,2024-08-21 00:00:00,2024-08-24 00:00:00,Resolved,Yes
EVT0EFC13F7,Vendor Delay,Warning,Quality,EMP48791D99,Dallas,2024-03-07 00:00:00,,Pending,No
EVT5BC1EB97,Power Outage,Warning,Quality,EMPB0F35697,Houston,2024-12-17 00:00:00,2024-12-22 00:00:00,Resolved,Yes
EVTE075F602,Compliance Issue,Normal,Marketing,EMPBDC5BDB8,San Jose,2024-05-10 00:00:00,2024-05-21 00:00:00,Escalated,No
EVTC318834D,Compliance Issue,Warning,Finance,EMP9500C535,Dallas,2024-10-31 00:00:00,2024-11-06 00:00:00,Resolved,No
EVT199D87F7,Purchase Request,Normal,HR,EMP231264E0,San Antonio,2024-05-10 00:00:00,,Pending,Yes
EVT5DA3C7B3,Cyber Alert,Critical,Quality,EMPE4714BBC,Los Angeles,2024-07-24 00:00:00,,Pending,No
EVTB7F36B8A,Customer Escalation,Normal,HR,EMP6BD3D186,Los Angeles,2024-05-04 00:00:00,2024-05-12 00:00:00,Resolved,No
EVTF9A840C4,Cyber Alert,Critical,Marketing,EMPD0D36B77,Los Angeles,2024-05-22 00:00:00,2024-05-23 00:00:00,Resolved,No
EVT3D57F191,Inventory Shortage,Warning,Operations,EMP168A41AB,Jacksonville,2024-01-02 00:00:00,2024-01-05 00:00:00,Resolved,No
EVT4DD5DBD7,Machine Breakdown,Warning,Manufacturing,EMPB7D7A145,Chicago,2024-12-13 00:00:00,2024-12-19 00:00:00,Resolved,No
EVT6B913C32,Purchase Request,Normal,Sales,EMP9EFB8E71,Jacksonville,2024-11-10 00:00:00,2024-11-22 00:00:00,Resolved,Yes
EVT7704BA84,Inventory Shortage,Critical,Logistics,EMPF4808AFC,Phoenix,2024-01-24 00:00:00,2024-01-25 00:00:00,Resolved,No
EVT54E3791A,Inventory Shortage,Warning,Procurement,EMP7DA3EBA9,San Diego,2024-10-18 00:00:00,2024-10-24 00:00:00,Escalated,Yes
EVT577F876A,Cyber Alert,Critical,Finance,EMP9BF1EEBB,Jacksonville,2024-06-28 00:00:00,2024-07-01 00:00:00,Resolved,Yes
EVT8E8DC042,Compliance Issue,Critical,Operations,EMP261AC719,Houston,2024-09-14 00:00:00,2024-09-17 00:00:00,Escalated,Yes
EVT0057A140,Purchase Request,Warning,Manufacturing,EMPA2703B8F,Jacksonville,2024-01-10 00:00:00,2024-01-15 00:00:00,Escalated,No
EVT0ADD8A42,Purchase Request,Normal,Manufacturing,EMP3E297DA7,San Antonio,2024-10-23 00:00:00,,Pending,No
EVT9742D2FB,Power Outage,Warning,Procurement,EMPFCAB1FB7,Jacksonville,2024-05-18 00:00:00,2024-05-23 00:00:00,Resolved,No
EVT2B695EA7,Vendor Delay,Warning,Procurement,EMPF317BEA1,Jacksonville,2024-08-24 00:00:00,,Pending,No
EVTF4BE03C8,Machine Breakdown,Warning,HR,EMPD2E0BEAB,New York,2024-10-09 00:00:00,2024-10-16 00:00:00,Resolved,No
EVT60F52B54,Compliance Issue,Normal,Procurement,EMPA13670AA,San Antonio,2024-06-23 00:00:00,,Pending,No
EVTE2552CF1,Equipment Failure,Warning,Finance,EMPD35AE01E,Phoenix,2024-12-11 00:00:00,2024-12-16 00:00:00,Resolved,No
EVTCAA57933,Vendor Delay,Critical,HR,EMP081AC8DA,Dallas,2024-05-30 00:00:00,2024-05-31 00:00:00,Resolved,Yes
EVT976FFC78,Cyber Alert,Warning,Procurement,EMPDC95385F,Houston,2024-03-03 00:00:00,2024-03-10 00:00:00,Resolved,No
EVT3E7B1AA7,Employee Injury,Normal,HR,EMP22CFCAEB,Houston,2024-08-24 00:00:00,,Pending,Yes
EVT938F70FC,Purchase Request,Normal,HR,EMP2CE88646,Los Angeles,2024-06-10 00:00:00,2024-06-21 00:00:00,Resolved,Yes
EVT8965A3B7,Vendor Delay,Normal,IT,EMP6636F875,San Diego,2024-06-09 00:00:00,2024-06-17 00:00:00,Resolved,No
EVTF0386594,Inventory Shortage,Warning,HR,EMP5512330E,Phoenix,2024-01-31 00:00:00,2024-02-03 00:00:00,Resolved,No
EVT1CBA99CA,Inventory Shortage,Warning,IT,EMPA612E703,Phoenix,2024-04-19 00:00:00,2024-04-22 00:00:00,Resolved,Yes
EVTFDED44C1,Employee Injury,Normal,Procurement,EMPFAD0E86D,Austin,2024-09-20 00:00:00,2024-09-28 00:00:00,Escalated,No
EVTDD995A43,Cyber Alert,Critical,Logistics,EMP2A76F0F1,Dallas,2024-02-02 00:00:00,2024-02-04 00:00:00,Resolved,Yes
EVT64367358,Employee Injury,Normal,Procurement,EMPE11439CA,Dallas,2024-12-23 00:00:00,2025-01-02 00:00:00,Resolved,No
EVTD989C715,Purchase Request,Normal,Operations,EMPEBCECA25,San Diego,2024-07-22 00:00:00,2024-08-01 00:00:00,Resolved,No
EVT77CB9956,Machine Breakdown,Critical,IT,EMPCE5A9EA4,San Diego,2024-02-11 00:00:00,2024-02-14 00:00:00,Resolved,Yes
EVTB8BCE82F,Machine Breakdown,Warning,Logistics,EMPB4DB513C,Jacksonville,2024-06-30 00:00:00,2024-07-07 00:00:00,Resolved,No
EVTB71E17EE,Customer Escalation,Normal,Operations,EMPD363F7F6,Austin,2024-10-29 00:00:00,2024-11-09 00:00:00,Resolved,No
EVTC8B21F07,Customer Escalation,Normal,HR,EMP220148DE,Philadelphia,2024-01-05 00:00:00,,Pending,Yes
EVTDD02B5F8,Cyber Alert,Warning,HR,EMP0EB02708,San Diego,2024-12-27 00:00:00,2025-01-03 00:00:00,Resolved,No
EVT4181F16C,Compliance Issue,Warning,IT,EMPC9397E94,San Diego,2024-01-16 00:00:00,2024-01-19 00:00:00,Resolved,No
EVT21692416,Customer Escalation,Normal,Sales,EMPE857C117,Philadelphia,2024-03-02 00:00:00,2024-03-15 00:00:00,Resolved,No
EVTAAC28C4B,Compliance Issue,Critical,Marketing,EMPA8C57CF4,New York,2024-02-29 00:00:00,2024-03-03 00:00:00,Resolved,Yes
EVT57474545,Vendor Delay,Warning,Operations,EMP652E3C5B,Chicago,2024-01-15 00:00:00,,Pending,No
EVT2DC67414,Inventory Shortage,Normal,HR,EMP9C66CB0B,Jacksonville,2024-10-20 00:00:00,2024-11-03 00:00:00,Resolved,No
EVT547E3BD4,Equipment Failure,Warning,HR,EMP4519C249,Jacksonville,2024-05-26 00:00:00,2024-05-30 00:00:00,Escalated,Yes
EVT330D89BC,Machine Breakdown,Critical,Finance,EMP8124AAAD,San Antonio,2024-08-23 00:00:00,2024-08-26 00:00:00,Resolved,No
EVTB2DA4568,Equipment Failure,Critical,IT,EMP667380E2,Phoenix,2024-04-30 00:00:00,2024-05-01 00:00:00,Resolved,No
EVT861A243A,Power Outage,Critical,HR,EMP83239AB3,San Jose,2024-07-31 00:00:00,,Pending,No
EVT84BE0290,Equipment Failure,Warning,Marketing,EMP32C1187F,Houston,2024-01-10 00:00:00,2024-01-16 00:00:00,Resolved,No
EVT37EEB243,Inventory Shortage,Warning,Marketing,EMPDE845042,Phoenix,2024-05-15 00:00:00,2024-05-19 00:00:00,Resolved,No
EVT2D900F36,Equipment Failure,Critical,HR,EMP32FA8BD6,San Diego,2024-01-21 00:00:00,2024-01-23 00:00:00,Resolved,No
EVTD9186ED9,Employee Injury,Critical,IT,EMP6CC3DD8A,Philadelphia,2024-09-28 00:00:00,2024-09-30 00:00:00,Resolved,Yes
EVT7D89AA06,Machine Breakdown,Warning,IT,EMPAF15FC5B,Dallas,2024-08-25 00:00:00,2024-09-01 00:00:00,Resolved,No
EVTA0059048,Purchase Request,Normal,Manufacturing,EMP8FF61231,San Jose,2024-05-28 00:00:00,,Pending,No
EVT4BBB8695,Employee Injury,Critical,Marketing,EMP185FD7F7,New York,2024-07-18 00:00:00,2024-07-21 00:00:00,Escalated,No
EVT025D6B9A,Cyber Alert,Critical,Finance,EMP73F5EA60,San Diego,2024-07-25 00:00:00,2024-07-26 00:00:00,Resolved,No
EVT2F288809,Inventory Shortage,Critical,HR,EMP9C0C3B48,San Antonio,2024-02-02 00:00:00,2024-02-05 00:00:00,Resolved,No
EVT9B621BFE,Inventory Shortage,Normal,IT,EMP2B6F1D23,Houston,2024-11-22 00:00:00,,Pending,Yes
EVT2A90C510,Cyber Alert,Critical,HR,EMPEF590AAF,San Diego,2024-08-09 00:00:00,2024-08-11 00:00:00,Resolved,No
EVT065D79D7,Employee Injury,Normal,Marketing,EMPE5CB0D94,Dallas,2024-06-10 00:00:00,2024-06-20 00:00:00,Resolved,Yes
EVTD73BF763,Inventory Shortage,Normal,HR,EMP1C08203B,Houston,2024-11-25 00:00:00,2024-12-08 00:00:00,Resolved,Yes
EVTEB590F1F,Compliance Issue,Normal,Finance,EMPA51B9532,Phoenix,2024-07-14 00:00:00,2024-07-27 00:00:00,Resolved,No
EVTBA8F9BD1,Power Outage,Warning,Quality,EMPEC91D9A3,Dallas,2024-04-09 00:00:00,2024-04-14 00:00:00,Resolved,No
EVT53934673,Inventory Shortage,Warning,IT,EMP269B6F6D,Phoenix,2024-12-14 00:00:00,2024-12-18 00:00:00,Resolved,No
EVTAFC74679,Machine Breakdown,Critical,Procurement,EMP0C772EEE,Philadelphia,2024-12-01 00:00:00,2024-12-04 00:00:00,Resolved,No
EVTA291C783,Purchase Request,Normal,IT,EMP4FE7D32C,New York,2024-03-14 00:00:00,2024-03-28 00:00:00,Resolved,No
EVTF6CEA5F7,Compliance Issue,Warning,IT,EMPD0AA42EF,Chicago,2024-05-12 00:00:00,2024-05-18 00:00:00,Resolved,No
EVT7A74B4F8,Employee Injury,Warning,Logistics,EMPC7997C76,Philadelphia,2024-10-18 00:00:00,2024-10-25 00:00:00,Resolved,No
EVT6891A29B,Compliance Issue,Normal,Sales,EMPE7D224D3,Austin,2024-06-07 00:00:00,,Pending,No
EVTEF801D85,Purchase Request,Normal,Operations,EMP324FD1DF,San Diego,2024-09-15 00:00:00,,Pending,No
EVT1078F28D,Machine Breakdown,Critical,Marketing,EMP2866894E,San Jose,2024-04-01 00:00:00,,Pending,Yes
EVTAF706280,Vendor Delay,Warning,Marketing,EMP6D0777A7,Phoenix,2024-01-04 00:00:00,,Pending,No
EVT1CF68919,Employee Injury,Critical,Sales,EMP8D7E61C4,Phoenix,2024-05-31 00:00:00,,Pending,No
EVTE798784A,Machine Breakdown,Warning,Procurement,EMP6B37A45C,San Jose,2024-04-11 00:00:00,2024-04-16 00:00:00,Resolved,No
EVT9EBFED08,Inventory Shortage,Warning,Manufacturing,EMP723085B6,Phoenix,2024-09-21 00:00:00,2024-09-25 00:00:00,Resolved,Yes
EVT3469DC96,Employee Injury,Warning,Finance,EMPE2E2BC1B,San Diego,2024-12-16 00:00:00,2024-12-21 00:00:00,Resolved,Yes
EVTB0EC9290,Inventory Shortage,Normal,Marketing,EMP965F7A4D,San Jose,2024-01-18 00:00:00,,Pending,No
EVTA897B861,Machine Breakdown,Critical,IT,EMPF1866C37,Chicago,2024-11-29 00:00:00,2024-11-30 00:00:00,Resolved,Yes
EVT82694CD6,Customer Escalation,Warning,Quality,EMPACBE45BF,Houston,2024-06-15 00:00:00,2024-06-18 00:00:00,Resolved,No
EVT28C566E8,Equipment Failure,Critical,Marketing,EMPF359192F,Phoenix,2024-11-27 00:00:00,2024-11-29 00:00:00,Resolved,No
EVT56ED37AD,Employee Injury,Critical,Manufacturing,EMP01F97901,Houston,2024-09-16 00:00:00,2024-09-19 00:00:00,Escalated,No
EVTD797A3F4,Power Outage,Critical,Procurement,EMPAF5A1B49,Los Angeles,2024-09-09 00:00:00,2024-09-11 00:00:00,Resolved,No
EVTF6D640A7,Cyber Alert,Warning,Operations,EMP7255A536,San Antonio,2024-08-13 00:00:00,2024-08-16 00:00:00,Resolved,Yes
EVTA05C39E6,Equipment Failure,Critical,Marketing,EMPEEE38BFA,Los Angeles,2024-09-04 00:00:00,2024-09-05 00:00:00,Resolved,Yes
EVTA72A5CFC,Cyber Alert,Critical,Procurement,EMPB935689A,Phoenix,2024-04-26 00:00:00,2024-04-29 00:00:00,Resolved,Yes
EVTB3E21FCC,Cyber Alert,Warning,Finance,EMPB24AD9B2,San Diego,2024-01-27 00:00:00,2024-01-30 00:00:00,Resolved,No
EVT66AC2901,Customer Escalation,Critical,Operations,EMP87660CB0,Phoenix,2024-07-10 00:00:00,,Pending,No
EVT185CE002,Cyber Alert,Critical,Marketing,EMP66F348A1,Chicago,2024-02-03 00:00:00,2024-02-04 00:00:00,Resolved,No
EVT92F2A0FE,Cyber Alert,Normal,Sales,EMPD7D9C070,San Diego,2024-11-19 00:00:00,2024-11-30 00:00:00,Resolved,Yes
EVT40A76F99,Purchase Request,Normal,Procurement,EMPE4B7D457,Philadelphia,2024-01-10 00:00:00,2024-01-22 00:00:00,Resolved,No
EVTE2D011D2,Inventory Shortage,Critical,Quality,EMPDA82EC35,Dallas,2024-08-14 00:00:00,2024-08-16 00:00:00,Resolved,Yes
EVT160A9F38,Vendor Delay,Warning,Manufacturing,EMP24D905A9,Chicago,2024-03-16 00:00:00,2024-03-23 00:00:00,Resolved,No
EVT46C9B622,Vendor Delay,Critical,HR,EMP89B4C9B3,Dallas,2024-11-16 00:00:00,2024-11-17 00:00:00,Resolved,No
EVTE53DCC3F,Employee Injury,Normal,Marketing,EMP705D1EB8,Houston,2024-12-22 00:00:00,2025-01-02 00:00:00,Resolved,No
EVT047CC338,Customer Escalation,Warning,IT,EMP6A0ACF65,San Jose,2024-08-14 00:00:00,2024-08-17 00:00:00,Resolved,No
EVT3E3DCB70,Inventory Shortage,Normal,Marketing,EMPFA82D78D,Jacksonville,2024-05-16 00:00:00,2024-05-26 00:00:00,Resolved,Yes
EVT8D69D81D,Customer Escalation,Normal,Finance,EMPF170DB8D,Austin,2024-02-20 00:00:00,,Pending,No
EVT99EDF256,Equipment Failure,Critical,Sales,EMP6B6EB609,San Diego,2024-10-07 00:00:00,2024-10-08 00:00:00,Resolved,No
EVT31FFBE17,Equipment Failure,Critical,Sales,EMP8F164981,Dallas,2024-09-14 00:00:00,2024-09-16 00:00:00,Resolved,No
EVT279ABEE0,Vendor Delay,Warning,Manufacturing,EMP10070460,Houston,2024-06-01 00:00:00,,Pending,No
EVT6799960B,Purchase Request,Normal,Manufacturing,EMP8E3EF22E,Austin,2024-03-21 00:00:00,2024-03-29 00:00:00,Resolved,No
EVT98D6D470,Machine Breakdown,Warning,Sales,EMP1C35178D,Chicago,2024-12-02 00:00:00,2024-12-06 00:00:00,Resolved,Yes
EVT4CBDAF69,Equipment Failure,Critical,Procurement,EMP0DABB90F,Chicago,2024-04-02 00:00:00,2024-04-03 00:00:00,Resolved,Yes
EVTA17540AE,Inventory Shortage,Warning,IT,EMPCD4C58CB,Jacksonville,2024-02-09 00:00:00,,Pending,No
EVTA8FAEA13,Vendor Delay,Normal,Operations,EMP9411D783,New York,2024-10-09 00:00:00,,Pending,No
EVT71D9AC26,Cyber Alert,Critical,Marketing,EMP6C0DB17D,Los Angeles,2024-06-20 00:00:00,2024-06-23 00:00:00,Resolved,Yes
EVT769FF81C,Cyber Alert,Critical,Marketing,EMP9749E7D7,Philadelphia,2024-10-10 00:00:00,2024-10-13 00:00:00,Resolved,No
EVT0D731041,Power Outage,Critical,Logistics,EMP4369A256,Chicago,2024-05-31 00:00:00,2024-06-01 00:00:00,Resolved,No
EVT12E35533,Equipment Failure,Warning,Manufacturing,EMPE3837237,San Jose,2024-05-22 00:00:00,,Pending,Yes
EVTA24A15D9,Employee Injury,Critical,Logistics,EMP6D15312E,New York,2024-04-28 00:00:00,2024-04-29 00:00:00,Resolved,No
EVT65B3CB0B,Machine Breakdown,Warning,Manufacturing,EMPA848A480,Philadelphia,2024-01-01 00:00:00,2024-01-08 00:00:00,Resolved,Yes
EVT6AE744C4,Power Outage,Critical,Procurement,EMP00203419,Dallas,2024-07-24 00:00:00,,Pending,No
EVTDABD98BC,Vendor Delay,Normal,Procurement,EMPB94C1793,Chicago,2024-04-29 00:00:00,2024-05-06 00:00:00,Resolved,No
EVT65321E3F,Customer Escalation,Warning,Operations,EMP1C35178D,Austin,2024-03-03 00:00:00,,Pending,No
EVTE03A0FEF,Power Outage,Critical,Manufacturing,EMP3541E799,Houston,2024-09-13 00:00:00,2024-09-16 00:00:00,Resolved,No
EVTBC673BB0,Customer Escalation,Normal,Procurement,EMP043FA2F3,Philadelphia,2024-11-07 00:00:00,2024-11-22 00:00:00,Resolved,No
EVT3E448429,Power Outage,Critical,Finance,EMPFC42B0E4,Los Angeles,2024-08-14 00:00:00,2024-08-15 00:00:00,Resolved,Yes
EVTB315BC48,Vendor Delay,Critical,Operations,EMP04FCDF7E,New York,2024-11-30 00:00:00,2024-12-03 00:00:00,Resolved,Yes
EVT0988472A,Machine Breakdown,Critical,HR,EMP42361493,Jacksonville,2024-05-18 00:00:00,2024-05-21 00:00:00,Resolved,No
EVTFFCF6378,Cyber Alert,Critical,Logistics,EMP20F1A0B4,Jacksonville,2024-10-03 00:00:00,2024-10-05 00:00:00,Resolved,No
EVT8F79C02B,Compliance Issue,Warning,Quality,EMPA0E57446,San Diego,2024-06-25 00:00:00,,Pending,No
EVT67243B7B,Vendor Delay,Warning,Procurement,EMPCBC04D0D,New York,2024-09-16 00:00:00,,Pending,No
EVT2A14BC17,Vendor Delay,Normal,Operations,EMP28914071,Austin,2024-12-28 00:00:00,2025-01-07 00:00:00,Resolved,Yes
EVTE9D2C64C,Machine Breakdown,Warning,IT,EMPBFB721C4,Jacksonville,2024-02-24 00:00:00,,Pending,Yes
EVTE6A1D9ED,Cyber Alert,Critical,Procurement,EMP47CA7F6E,Chicago,2024-12-18 00:00:00,,Pending,Yes
EVT84AC9AAC,Equipment Failure,Normal,Sales,EMP68541E87,Jacksonville,2024-01-30 00:00:00,2024-02-08 00:00:00,Resolved,Yes
EVTE9A1526A,Employee Injury,Critical,Logistics,EMP1FABF622,Austin,2024-12-17 00:00:00,2024-12-20 00:00:00,Escalated,No
EVT9449AC59,Inventory Shortage,Warning,Quality,EMP5512330E,San Jose,2024-05-13 00:00:00,2024-05-17 00:00:00,Escalated,No
EVTB2B8CD4E,Cyber Alert,Normal,Logistics,EMP229CD7AE,Los Angeles,2024-12-04 00:00:00,,Pending,No
EVTF7304F21,Vendor Delay,Warning,Quality,EMP01F8D5C2,San Antonio,2024-12-21 00:00:00,2024-12-27 00:00:00,Resolved,No
EVTFD8C83C7,Cyber Alert,Normal,Procurement,EMP7FCCCF3B,Dallas,2024-11-24 00:00:00,2024-12-09 00:00:00,Resolved,No
EVT4E68F699,Compliance Issue,Normal,Manufacturing,EMPEC35D4EB,Philadelphia,2024-09-24 00:00:00,2024-10-05 00:00:00,Resolved,Yes
EVT38721934,Purchase Request,Warning,Logistics,EMPEE6EBDD5,Phoenix,2024-01-24 00:00:00,2024-01-31 00:00:00,Resolved,No
EVT2F00F0B0,Vendor Delay,Normal,Logistics,EMP3051B65D,Philadelphia,2024-12-14 00:00:00,2024-12-26 00:00:00,Resolved,No
EVT78E0731B,Customer Escalation,Warning,Sales,EMPE0086077,Chicago,2024-04-11 00:00:00,2024-04-14 00:00:00,Resolved,No
EVT5969EA98,Cyber Alert,Warning,Quality,EMPEC2B7592,San Jose,2024-04-16 00:00:00,,Pending,No
EVTBAD3BB84,Compliance Issue,Critical,Procurement,EMP8B5764CF,Phoenix,2024-12-12 00:00:00,,Pending,No
EVTA9909C5A,Purchase Request,Normal,Finance,EMP50B3C1EA,Phoenix,2024-07-21 00:00:00,,Pending,No
EVT53DCBE9F,Equipment Failure,Critical,Procurement,EMPFF34A126,Phoenix,2024-01-28 00:00:00,2024-01-29 00:00:00,Resolved,No
EVTBE94E6E4,Customer Escalation,Warning,Marketing,EMPF5B869CD,San Diego,2024-08-05 00:00:00,,Pending,Yes
EVT643C7BBA,Purchase Request,Normal,Marketing,EMPA2AA25B6,Philadelphia,2024-04-16 00:00:00,,Pending,No
EVT4101DF40,Customer Escalation,Warning,Logistics,EMP4FC77BEE,Houston,2024-07-22 00:00:00,2024-07-29 00:00:00,Resolved,No
EVT9E189864,Purchase Request,Normal,Finance,EMP633EA423,San Diego,2024-10-20 00:00:00,2024-11-02 00:00:00,Resolved,No
EVT90359471,Employee Injury,Critical,Finance,EMPD35C2C84,Philadelphia,2024-12-02 00:00:00,,Pending,No
EVTEA5957E4,Vendor Delay,Critical,Quality,EMP67068784,Chicago,2024-04-26 00:00:00,2024-04-29 00:00:00,Resolved,No
EVT5875DDDB,Purchase Request,Critical,Sales,EMP2C354ED5,New York,2024-05-15 00:00:00,2024-05-16 00:00:00,Resolved,No
EVTBAA5B5CA,Vendor Delay,Critical,Manufacturing,EMP8A1A270C,Philadelphia,2024-09-04 00:00:00,2024-09-07 00:00:00,Resolved,No
EVTC19F655D,Machine Breakdown,Critical,Sales,EMP870AD131,San Antonio,2024-01-22 00:00:00,2024-01-24 00:00:00,Resolved,Yes
EVT508653DB,Customer Escalation,Critical,Operations,EMPF9432AAE,Los Angeles,2024-02-27 00:00:00,2024-02-28 00:00:00,Resolved,Yes
EVT94BF8276,Vendor Delay,Critical,Logistics,EMPF2F17291,Chicago,2024-04-30 00:00:00,,Pending,No
EVT36E832B7,Equipment Failure,Warning,Marketing,EMPE0733D59,Chicago,2024-01-31 00:00:00,2024-02-05 00:00:00,Resolved,No
EVTADD527E1,Purchase Request,Normal,Operations,EMP2CF1EAFB,Austin,2024-04-08 00:00:00,2024-04-18 00:00:00,Resolved,No
EVT546E9B9D,Machine Breakdown,Warning,Quality,EMP2F6C72D3,Chicago,2024-05-19 00:00:00,2024-05-23 00:00:00,Resolved,Yes
EVT65A10FFB,Power Outage,Critical,Finance,EMP01F97901,San Diego,2024-11-16 00:00:00,2024-11-19 00:00:00,Resolved,Yes
EVTBFBE0ECD,Power Outage,Critical,IT,EMPC7AA8AFF,Dallas,2024-02-26 00:00:00,2024-02-29 00:00:00,Resolved,No
EVTCF5E9352,Inventory Shortage,Normal,Operations,EMP4B00E7D6,Houston,2024-04-13 00:00:00,,Pending,No
EVT11A5A61C,Compliance Issue,Warning,Procurement,EMP441BEF56,Philadelphia,2024-11-19 00:00:00,2024-11-22 00:00:00,Resolved,Yes
EVT4192B6F1,Equipment Failure,Critical,Logistics,EMPEE243320,New York,2024-07-09 00:00:00,2024-07-11 00:00:00,Resolved,No
EVT58F9B52B,Inventory Shortage,Normal,HR,EMPDDB8D012,Austin,2024-11-07 00:00:00,2024-11-15 00:00:00,Resolved,Yes
EVTE7B720DA,Vendor Delay,Critical,Logistics,EMP04C300F1,Phoenix,2024-10-25 00:00:00,,Pending,Yes
EVT34BF7C6F,Inventory Shortage,Warning,Logistics,EMP26B3499F,Phoenix,2024-04-16 00:00:00,,Pending,Yes
EVTA4F4AE8D,Employee Injury,Critical,Finance,EMP6222F999,San Jose,2024-02-27 00:00:00,2024-03-01 00:00:00,Resolved,No
EVT41EA2EF6,Purchase Request,Warning,Marketing,EMP0FC1F5D8,Jacksonville,2024-06-21 00:00:00,2024-06-25 00:00:00,Escalated,Yes
EVTBE049D03,Employee Injury,Critical,Marketing,EMP233953CD,Jacksonville,2024-02-08 00:00:00,2024-02-09 00:00:00,Escalated,No
EVT03A0AEB0,Equipment Failure,Warning,Sales,EMP7C3BC454,Jacksonville,2024-02-09 00:00:00,2024-02-14 00:00:00,Resolved,Yes
EVT8EA244DA,Customer Escalation,Critical,Quality,EMP643FDC9E,San Diego,2024-11-13 00:00:00,2024-11-15 00:00:00,Resolved,No
EVT65883B37,Employee Injury,Warning,Finance,EMP57BA543D,San Antonio,2024-01-15 00:00:00,2024-01-21 00:00:00,Resolved,No
EVTB3AD7402,Cyber Alert,Warning,Manufacturing,EMPC5D977A4,Austin,2024-12-22 00:00:00,,Pending,Yes
EVT38DB9FA1,Compliance Issue,Critical,Procurement,EMP813CC1C1,Austin,2024-09-17 00:00:00,,Pending,No
EVTFAC58353,Cyber Alert,Critical,HR,EMP14F3FB05,New York,2024-05-04 00:00:00,2024-05-05 00:00:00,Resolved,Yes
EVTCB97B828,Customer Escalation,Warning,Quality,EMP9A612816,Los Angeles,2024-05-21 00:00:00,,Pending,No
EVT260A11F1,Employee Injury,Warning,IT,EMP27BBC15C,Dallas,2024-08-13 00:00:00,2024-08-19 00:00:00,Escalated,No
EVTCE06FCB0,Employee Injury,Critical,IT,EMP550BD8EC,San Diego,2024-02-05 00:00:00,2024-02-06 00:00:00,Resolved,No
EVTD9697F05,Compliance Issue,Warning,Manufacturing,EMP44929ECC,San Antonio,2024-12-10 00:00:00,2024-12-14 00:00:00,Resolved,Yes
EVTA4D16CCD,Equipment Failure,Warning,Marketing,EMP16196111,Austin,2024-05-24 00:00:00,2024-05-27 00:00:00,Resolved,No
EVT74A75A38,Purchase Request,Normal,HR,EMPFE72EFC7,San Jose,2024-12-11 00:00:00,2024-12-24 00:00:00,Resolved,No
EVTF26ED711,Employee Injury,Critical,Logistics,EMPFD80B5F8,New York,2024-09-11 00:00:00,2024-09-12 00:00:00,Resolved,No
EVTFFE8DA59,Compliance Issue,Warning,IT,EMP4C50ECB5,Austin,2024-03-13 00:00:00,2024-03-16 00:00:00,Resolved,Yes
EVTB513FB09,Vendor Delay,Normal,IT,EMPEC948F36,San Jose,2024-04-12 00:00:00,2024-04-27 00:00:00,Resolved,No
EVTED1C63C9,Purchase Request,Normal,Quality,EMP44CD0B97,Los Angeles,2024-06-03 00:00:00,,Pending,No
EVTAAEC5E73,Purchase Request,Warning,IT,EMP5B4535C0,San Antonio,2024-05-10 00:00:00,,Pending,Yes
EVT27D07267,Purchase Request,Warning,IT,EMPF0D76FCE,New York,2024-08-30 00:00:00,,Pending,No
EVT69503E32,Compliance Issue,Critical,Manufacturing,EMP239C4403,Houston,2024-08-03 00:00:00,2024-08-04 00:00:00,Resolved,No
EVTD1B9C734,Customer Escalation,Warning,Procurement,EMPC7F892B6,San Diego,2024-05-06 00:00:00,,Pending,No
EVT0CB327B9,Power Outage,Critical,Operations,EMP8075751F,Los Angeles,2024-01-14 00:00:00,,Pending,Yes
EVT94E7B64A,Customer Escalation,Warning,Procurement,EMP2F7CEEDB,Dallas,2024-02-12 00:00:00,,Pending,No
EVTF2F74A87,Employee Injury,Critical,Procurement,EMP1C77DEA3,San Diego,2024-02-16 00:00:00,,Pending,No
EVTD56166C1,Vendor Delay,Normal,Procurement,EMPCDEC5C0F,Philadelphia,2024-08-06 00:00:00,2024-08-13 00:00:00,Resolved,No
EVT80B2EE9C,Compliance Issue,Normal,Finance,EMP41ECBB0D,Los Angeles,2024-06-08 00:00:00,2024-06-18 00:00:00,Escalated,Yes
EVT20D2C374,Customer Escalation,Warning,HR,EMP6090D26D,San Diego,2024-04-06 00:00:00,2024-04-13 00:00:00,Resolved,No
EVT99241CEE,Employee Injury,Warning,Logistics,EMP1C41F780,Austin,2024-09-20 00:00:00,2024-09-27 00:00:00,Resolved,No
EVTA353954A,Compliance Issue,Normal,Procurement,EMP77B1B7E5,Phoenix,2024-03-09 00:00:00,,Pending,No
EVT92D8131A,Employee Injury,Critical,Manufacturing,EMP779134FB,Phoenix,2024-12-24 00:00:00,2024-12-27 00:00:00,Resolved,No
EVTCB66A1F7,Cyber Alert,Critical,Marketing,EMP7A1466A9,San Jose,2024-05-24 00:00:00,,Pending,Yes
EVTA0A74C33,Customer Escalation,Warning,Logistics,EMPD5FF4B5F,Jacksonville,2024-07-17 00:00:00,2024-07-23 00:00:00,Resolved,No
EVTE6DDD23C,Cyber Alert,Warning,Finance,EMPBB3944DE,Chicago,2024-10-06 00:00:00,,Pending,No
EVT0C394D3E,Employee Injury,Warning,Manufacturing,EMP717CC98F,Dallas,2024-02-29 00:00:00,,Pending,No
EVT293CA5A3,Vendor Delay,Critical,Operations,EMP70A4723A,Austin,2024-04-19 00:00:00,,Pending,No
EVT932FB8E1,Compliance Issue,Warning,Operations,EMPF634C616,San Diego,2024-07-15 00:00:00,2024-07-20 00:00:00,Resolved,No
EVTADC57A82,Equipment Failure,Critical,HR,EMP73DFF7FF,Los Angeles,2024-09-14 00:00:00,2024-09-15 00:00:00,Resolved,No
EVTEB49A796,Compliance Issue,Warning,IT,EMPB82CE796,Phoenix,2024-08-05 00:00:00,2024-08-08 00:00:00,Escalated,No
EVT9CCCABD7,Compliance Issue,Critical,Marketing,EMP063D18D7,San Jose,2024-04-07 00:00:00,2024-04-09 00:00:00,Resolved,No
EVTACD1B008,Inventory Shortage,Critical,Quality,EMP7C3A490D,San Jose,2024-08-30 00:00:00,2024-09-01 00:00:00,Resolved,No
EVT105C1B99,Cyber Alert,Critical,Operations,EMPDF3B133C,Houston,2024-09-11 00:00:00,2024-09-12 00:00:00,Resolved,No
EVT6D8B3BC4,Purchase Request,Normal,Manufacturing,EMP2755C482,Houston,2024-11-05 00:00:00,2024-11-13 00:00:00,Resolved,No
EVTDD93395B,Inventory Shortage,Warning,HR,EMP883ADC8C,Phoenix,2024-06-17 00:00:00,2024-06-22 00:00:00,Resolved,No
EVT0CA064AA,Customer Escalation,Normal,Sales,EMPE0930A77,San Jose,2024-12-04 00:00:00,,Pending,No
EVT84BAD1D6,Inventory Shortage,Warning,Marketing,EMP8C517C32,Philadelphia,2024-07-07 00:00:00,2024-07-13 00:00:00,Resolved,No
EVTE64C1171,Purchase Request,Normal,Marketing,EMPF82B43F7,Dallas,2024-02-26 00:00:00,2024-03-08 00:00:00,Resolved,No
EVT6080DC89,Vendor Delay,Warning,Marketing,EMPA2036DB6,Dallas,2024-02-17 00:00:00,,Pending,No
EVT5F44EB2F,Power Outage,Critical,Finance,EMP01ABAB04,Phoenix,2024-12-08 00:00:00,2024-12-09 00:00:00,Resolved,No
EVT5925AB28,Employee Injury,Critical,HR,EMP31E8AEEB,San Antonio,2024-06-28 00:00:00,2024-06-30 00:00:00,Resolved,No
EVT0FA06C55,Inventory Shortage,Normal,Manufacturing,EMP1FF64D71,New York,2024-06-13 00:00:00,2024-06-25 00:00:00,Resolved,Yes
EVTEE514349,Customer Escalation,Warning,Manufacturing,EMP6C757C5E,Philadelphia,2024-07-05 00:00:00,2024-07-10 00:00:00,Resolved,No
EVTA09A2579,Equipment Failure,Warning,Procurement,EMP805F9A51,Houston,2024-11-23 00:00:00,2024-11-28 00:00:00,Escalated,Yes
EVTC05B5B06,Equipment Failure,Critical,Procurement,EMPCD0ED239,Chicago,2024-09-03 00:00:00,2024-09-05 00:00:00,Resolved,Yes
EVT98B3828C,Vendor Delay,Normal,HR,EMP93BEEB19,Phoenix,2024-12-27 00:00:00,2025-01-11 00:00:00,Resolved,No
EVT214979AB,Employee Injury,Critical,Logistics,EMP686A1D44,San Diego,2024-06-24 00:00:00,2024-06-27 00:00:00,Resolved,No
EVT2D2C7C5A,Vendor Delay,Critical,Quality,EMP0CFD8A7E,San Diego,2024-02-08 00:00:00,2024-02-10 00:00:00,Resolved,No
EVTBB1180E4,Employee Injury,Warning,Logistics,EMPD3C80606,Chicago,2024-07-01 00:00:00,2024-07-06 00:00:00,Resolved,No
EVT6FFFE123,Machine Breakdown,Normal,Marketing,EMP0F6BEC9B,New York,2024-06-28 00:00:00,2024-07-06 00:00:00,Resolved,Yes
EVTD7457E49,Purchase Request,Normal,Quality,EMP30D8FDC9,Philadelphia,2024-08-30 00:00:00,2024-09-14 00:00:00,Escalated,Yes
EVTA7C2DFD0,Cyber Alert,Critical,Sales,EMP1A03AE5C,Chicago,2024-05-06 00:00:00,2024-05-09 00:00:00,Resolved,No
EVT98CD926A,Employee Injury,Critical,Operations,EMP37FDD894,San Jose,2024-07-13 00:00:00,2024-07-15 00:00:00,Resolved,No
EVTD32AC3AD,Customer Escalation,Normal,Marketing,EMP6664179B,Austin,2024-08-24 00:00:00,2024-09-04 00:00:00,Resolved,No
EVTFA58A2C9,Customer Escalation,Normal,Procurement,EMP47E6DFB1,New York,2024-03-13 00:00:00,2024-03-23 00:00:00,Resolved,No
EVT2E649087,Vendor Delay,Warning,IT,EMP90F74444,Jacksonville,2024-03-11 00:00:00,2024-03-16 00:00:00,Resolved,No
EVT50061939,Inventory Shortage,Warning,HR,EMP696FF7D6,Austin,2024-11-08 00:00:00,,Pending,No
EVT3E753F50,Cyber Alert,Critical,Finance,EMPE617D6AB,Philadelphia,2024-07-17 00:00:00,,Pending,No
EVTFF78F4DF,Employee Injury,Warning,Manufacturing,EMPD33B780E,Chicago,2024-01-19 00:00:00,2024-01-22 00:00:00,Resolved,Yes
EVT56C607A8,Customer Escalation,Critical,Operations,EMP9CA1F5F7,San Antonio,2024-04-18 00:00:00,2024-04-19 00:00:00,Resolved,Yes
EVT37A2C3DC,Inventory Shortage,Normal,HR,EMP609DBF81,Houston,2024-05-23 00:00:00,2024-06-04 00:00:00,Resolved,No
EVT4E3A30BD,Inventory Shortage,Warning,IT,EMP4EB5540C,Austin,2024-10-14 00:00:00,,Pending,No
EVTA4FE8B22,Vendor Delay,Warning,Sales,EMPA78BB519,Chicago,2024-06-09 00:00:00,,Pending,Yes
EVT1487223F,Inventory Shortage,Critical,Marketing,EMP38A4AFC2,Houston,2024-06-08 00:00:00,2024-06-10 00:00:00,Resolved,Yes
EVT21DAA52B,Compliance Issue,Normal,Manufacturing,EMP870AD131,Dallas,2024-12-14 00:00:00,2024-12-23 00:00:00,Resolved,No
EVTF4B12F8C,Inventory Shortage,Warning,HR,EMP48C8C5E4,Dallas,2024-02-14 00:00:00,,Pending,Yes
EVT51399D6E,Machine Breakdown,Critical,Logistics,EMP2AB26A71,San Diego,2024-08-28 00:00:00,2024-08-30 00:00:00,Resolved,Yes
EVT1B09AD9E,Cyber Alert,Normal,Sales,EMP24A98DD2,Dallas,2024-07-02 00:00:00,2024-07-16 00:00:00,Resolved,No
EVT0A3B1992,Power Outage,Warning,Marketing,EMP4369A256,San Jose,2024-05-26 00:00:00,,Pending,No
EVTCB56F750,Compliance Issue,Warning,Quality,EMP5C9CA9D3,Dallas,2024-03-03 00:00:00,2024-03-06 00:00:00,Resolved,No
EVTD893D3C0,Customer Escalation,Normal,Operations,EMP837E47B7,New York,2024-06-26 00:00:00,2024-07-09 00:00:00,Resolved,Yes
EVTF0E46C64,Compliance Issue,Warning,Operations,EMP79C0FD54,San Jose,2024-02-29 00:00:00,2024-03-06 00:00:00,Resolved,No
EVTD847BADD,Customer Escalation,Warning,Quality,EMPD32CFFE1,Philadelphia,2024-10-15 00:00:00,2024-10-18 00:00:00,Resolved,No
EVT891C21DC,Machine Breakdown,Normal,Marketing,EMPFD1CE2F7,Houston,2024-02-21 00:00:00,2024-03-06 00:00:00,Resolved,No
EVT4EBAF2B2,Power Outage,Critical,Operations,EMP9833F6C1,Phoenix,2024-08-17 00:00:00,2024-08-20 00:00:00,Resolved,No
EVT23F7953C,Inventory Shortage,Warning,HR,EMP83A7F78E,Austin,2024-08-18 00:00:00,2024-08-21 00:00:00,Resolved,Yes
EVT7980648F,Customer Escalation,Warning,Procurement,EMP2DB976A2,New York,2024-10-25 00:00:00,2024-10-30 00:00:00,Resolved,No
EVTB76CE7C4,Cyber Alert,Warning,HR,EMPF634C616,Dallas,2024-01-28 00:00:00,,Pending,Yes
EVT5344F631,Cyber Alert,Normal,Sales,EMP02348025,Jacksonville,2024-02-13 00:00:00,2024-02-28 00:00:00,Resolved,No
EVT3578E3F5,Equipment Failure,Warning,Operations,EMP272216C3,Houston,2024-07-07 00:00:00,2024-07-14 00:00:00,Escalated,No
EVT52F8A14E,Machine Breakdown,Warning,Sales,EMP9E8E49AD,San Diego,2024-12-19 00:00:00,2024-12-23 00:00:00,Resolved,No
EVT1AD020A0,Cyber Alert,Critical,Quality,EMP338A06C0,Chicago,2024-03-25 00:00:00,2024-03-28 00:00:00,Resolved,No
EVT2B42E6BB,Power Outage,Critical,Quality,EMPA5B40990,Phoenix,2024-05-24 00:00:00,,Pending,Yes
EVTA6074695,Vendor Delay,Warning,Sales,EMP66EB5A09,San Antonio,2024-01-16 00:00:00,2024-01-23 00:00:00,Resolved,Yes
EVTABACFA19,Vendor Delay,Critical,Finance,EMP842313BA,Phoenix,2024-10-30 00:00:00,2024-10-31 00:00:00,Resolved,Yes
EVTB0D64A00,Purchase Request,Normal,HR,EMP78B106E1,Jacksonville,2024-06-02 00:00:00,2024-06-09 00:00:00,Resolved,Yes
EVT770F0A07,Purchase Request,Critical,Procurement,EMP8469D1C7,Phoenix,2024-12-10 00:00:00,,Pending,No
EVT94828D1D,Inventory Shortage,Critical,Sales,EMP2B11D95A,San Jose,2024-02-18 00:00:00,2024-02-21 00:00:00,Resolved,No
EVTD761706A,Cyber Alert,Critical,Manufacturing,EMPFE3F29A9,Austin,2024-12-19 00:00:00,,Pending,Yes
EVTAB9A841E,Customer Escalation,Warning,Procurement,EMPA6CDAC8C,Phoenix,2024-02-03 00:00:00,,Pending,Yes
EVT5AD6CEAA,Vendor Delay,Warning,Procurement,EMP89C90CD6,Houston,2024-06-05 00:00:00,2024-06-12 00:00:00,Resolved,No
EVTD79557F7,Vendor Delay,Normal,Operations,EMP95D249EA,Phoenix,2024-12-20 00:00:00,2024-12-27 00:00:00,Resolved,No
EVT2026160F,Compliance Issue,Warning,Sales,EMP4D45AC3C,Philadelphia,2024-05-04 00:00:00,2024-05-07 00:00:00,Resolved,No
EVT737569A7,Inventory Shortage,Normal,Logistics,EMP01B120A7,Houston,2024-08-27 00:00:00,2024-09-07 00:00:00,Resolved,Yes
EVT1BE01C71,Equipment Failure,Warning,Finance,EMPDBFD7947,New York,2024-04-27 00:00:00,2024-05-01 00:00:00,Resolved,No
EVT5E56D7DF,Compliance Issue,Critical,HR,EMP801003F6,San Antonio,2024-11-18 00:00:00,,Pending,No
EVTDFE7294D,Employee Injury,Critical,Sales,EMPC91763DC,Houston,2024-03-28 00:00:00,2024-03-30 00:00:00,Resolved,No
EVTED122E85,Equipment Failure,Critical,Procurement,EMP6F4F3E68,Jacksonville,2024-05-10 00:00:00,2024-05-11 00:00:00,Resolved,No
EVT4C602906,Employee Injury,Critical,Finance,EMPB5A2F3CB,Chicago,2024-12-12 00:00:00,2024-12-14 00:00:00,Resolved,No
EVT076FBB1B,Purchase Request,Warning,Procurement,EMP7FE6A019,Philadelphia,2024-09-04 00:00:00,2024-09-07 00:00:00,Resolved,No
EVT2CAD3797,Employee Injury,Critical,Sales,EMP38079A86,Jacksonville,2024-03-20 00:00:00,2024-03-23 00:00:00,Resolved,Yes
EVTDE007A91,Compliance Issue,Warning,Marketing,EMP86A82140,Chicago,2024-08-11 00:00:00,2024-08-14 00:00:00,Resolved,Yes
EVTAC73D2FE,Cyber Alert,Warning,Quality,EMPD35A5E62,Phoenix,2024-06-06 00:00:00,2024-06-13 00:00:00,Resolved,Yes
EVTAA8F8E56,Power Outage,Warning,Sales,EMP853BFC8D,Dallas,2024-05-18 00:00:00,,Pending,No
EVTB5CEFBD3,Inventory Shortage,Warning,Sales,EMPB4EA5FE8,Phoenix,2024-06-05 00:00:00,,Pending,No
EVT665385CD,Cyber Alert,Warning,Procurement,EMP237D15CC,San Antonio,2024-12-15 00:00:00,,Pending,No
EVT8559F8AE,Vendor Delay,Warning,Quality,EMP6958089B,San Diego,2024-01-29 00:00:00,2024-02-05 00:00:00,Resolved,No
EVTE872106F,Purchase Request,Normal,Logistics,EMP4655548D,Chicago,2024-12-18 00:00:00,2024-12-25 00:00:00,Resolved,Yes
EVTE069372B,Inventory Shortage,Normal,Manufacturing,EMPBF4AFD08,Philadelphia,2024-07-02 00:00:00,2024-07-10 00:00:00,Resolved,Yes
EVTE21998D3,Purchase Request,Normal,Finance,EMP37FDD894,Phoenix,2024-11-29 00:00:00,2024-12-14 00:00:00,Resolved,No
EVT75CAAA30,Inventory Shortage,Warning,HR,EMP6F19105E,Los Angeles,2024-02-27 00:00:00,2024-03-01 00:00:00,Resolved,Yes
EVTE032B961,Customer Escalation,Normal,HR,EMP7FC0DA4F,San Jose,2024-06-01 00:00:00,2024-06-09 00:00:00,Resolved,No
EVTF94CAB58,Vendor Delay,Warning,IT,EMPF867EFFB,Dallas,2024-12-02 00:00:00,,Pending,No
EVT65FA6C8D,Employee Injury,Critical,Logistics,EMP30484D15,New York,2024-04-02 00:00:00,,Pending,Yes
EVT5C2EBCC7,Power Outage,Critical,Manufacturing,EMP593183A3,Los Angeles,2024-05-30 00:00:00,,Pending,Yes
EVTD55F3B0D,Equipment Failure,Critical,Finance,EMP15EA96E2,Dallas,2024-08-29 00:00:00,2024-08-31 00:00:00,Resolved,No
EVT625E650E,Purchase Request,Normal,Quality,EMPC13B035A,Jacksonville,2024-02-22 00:00:00,2024-03-05 00:00:00,Resolved,No
EVT86EF5C83,Vendor Delay,Warning,Logistics,EMPE91A22BA,Philadelphia,2024-07-04 00:00:00,2024-07-09 00:00:00,Resolved,No
EVTD1FAA320,Vendor Delay,Warning,Procurement,EMP44BC32E6,Chicago,2024-07-03 00:00:00,2024-07-07 00:00:00,Resolved,Yes
EVTAEB4A4E4,Machine Breakdown,Warning,Operations,EMPCA3ABA8C,Chicago,2024-03-29 00:00:00,,Pending,Yes
EVTF49F9FD9,Purchase Request,Normal,HR,EMP04BB087C,Jacksonville,2024-07-01 00:00:00,2024-07-11 00:00:00,Resolved,Yes
EVTC88EE43B,Customer Escalation,Warning,Operations,EMPA07AC35A,New York,2024-05-24 00:00:00,,Pending,No
EVT0B28F80B,Employee Injury,Critical,Procurement,EMPB2A99613,Los Angeles,2024-06-17 00:00:00,2024-06-18 00:00:00,Resolved,Yes
EVTD346ECD0,Purchase Request,Normal,IT,EMPE431E653,Houston,2024-04-25 00:00:00,2024-05-03 00:00:00,Resolved,Yes
EVT22104C04,Vendor Delay,Warning,Operations,EMP0F2EFEFC,Chicago,2024-10-17 00:00:00,2024-10-20 00:00:00,Resolved,Yes
EVT3CDE8549,Inventory Shortage,Warning,IT,EMP11AE7D4D,Austin,2024-06-05 00:00:00,,Pending,No
EVTCF76CB23,Vendor Delay,Normal,Quality,EMPB13077C2,San Diego,2024-10-27 00:00:00,2024-11-05 00:00:00,Resolved,No
EVT1C9F5A19,Power Outage,Critical,Marketing,EMPB4F02AAB,San Jose,2024-09-20 00:00:00,2024-09-21 00:00:00,Resolved,Yes
EVTE40C5339,Machine Breakdown,Warning,Operations,EMP2DC9EB32,Philadelphia,2024-05-11 00:00:00,2024-05-14 00:00:00,Resolved,No
EVT51EEAB26,Purchase Request,Warning,HR,EMP3BF5019A,San Antonio,2024-12-01 00:00:00,2024-12-05 00:00:00,Resolved,No
EVT805B2834,Cyber Alert,Warning,Quality,EMPF5707445,Phoenix,2024-04-16 00:00:00,2024-04-20 00:00:00,Resolved,Yes
EVTC9E1CC43,Machine Breakdown,Normal,Operations,EMPE846B622,Chicago,2024-10-26 00:00:00,,Pending,Yes
EVT24012AC9,Vendor Delay,Normal,Quality,EMP168A41AB,Dallas,2024-11-15 00:00:00,2024-11-25 00:00:00,Resolved,No
EVTB52B0983,Equipment Failure,Critical,Manufacturing,EMPE99AA7F4,Philadelphia,2024-07-04 00:00:00,,Pending,No
EVT3A25AC44,Equipment Failure,Critical,IT,EMPAA98BFC2,Dallas,2024-12-16 00:00:00,,Pending,No
EVT43EE92B9,Equipment Failure,Critical,Marketing,EMPB2A9C58A,Dallas,2024-11-28 00:00:00,2024-11-30 00:00:00,Escalated,No
EVTE4D18CD1,Inventory Shortage,Warning,Procurement,EMP9FD3555A,San Diego,2024-11-21 00:00:00,2024-11-26 00:00:00,Resolved,Yes
EVT46FF0690,Customer Escalation,Critical,Manufacturing,EMP4700E817,Los Angeles,2024-03-25 00:00:00,,Pending,No
EVT818B0716,Cyber Alert,Warning,Operations,EMP9B42FE63,Dallas,2024-04-25 00:00:00,2024-04-29 00:00:00,Resolved,No
EVT4152DA8E,Inventory Shortage,Warning,IT,EMPB576012E,Jacksonville,2024-03-14 00:00:00,,Pending,Yes
EVT0B35D43F,Equipment Failure,Critical,Finance,EMP837E47B7,New York,2024-07-15 00:00:00,2024-07-18 00:00:00,Resolved,No
EVT49DDE493,Equipment Failure,Warning,Finance,EMP2E512AE1,Los Angeles,2024-05-04 00:00:00,2024-05-09 00:00:00,Resolved,No
EVT68E30230,Customer Escalation,Critical,Quality,EMP5751349C,Houston,2024-10-26 00:00:00,2024-10-27 00:00:00,Resolved,No
EVTB08BA738,Customer Escalation,Critical,Sales,EMP8D40F18A,Dallas,2024-11-27 00:00:00,,Pending,No
EVT100EF3CA,Purchase Request,Normal,Logistics,EMP43513D3D,San Jose,2024-12-21 00:00:00,2025-01-04 00:00:00,Resolved,No
EVT8438D932,Customer Escalation,Normal,Manufacturing,EMP9A9E76D6,Jacksonville,2024-02-25 00:00:00,2024-03-07 00:00:00,Resolved,Yes
EVT78875811,Compliance Issue,Normal,Quality,EMP700DFD4A,San Antonio,2024-05-27 00:00:00,2024-06-11 00:00:00,Resolved,No
EVT37E85F74,Employee Injury,Warning,Finance,EMP83EC6E44,Jacksonville,2024-04-15 00:00:00,2024-04-19 00:00:00,Resolved,No
EVTD02BABD6,Power Outage,Warning,Procurement,EMPE4AF66C6,San Antonio,2024-10-04 00:00:00,,Pending,Yes
EVT272A0779,Machine Breakdown,Critical,HR,EMPA83E2C33,Chicago,2024-04-08 00:00:00,,Pending,No
EVT41AF95A7,Purchase Request,Normal,Operations,EMPF86EB983,San Diego,2024-02-28 00:00:00,2024-03-11 00:00:00,Escalated,No
EVT852E58F2,Equipment Failure,Normal,IT,EMPC027B805,Los Angeles,2024-03-02 00:00:00,2024-03-17 00:00:00,Resolved,Yes
EVTF9FDBD27,Customer Escalation,Warning,Sales,EMP8A60F66A,San Jose,2024-05-24 00:00:00,2024-05-31 00:00:00,Resolved,Yes
EVT36E9EA87,Customer Escalation,Warning,Procurement,EMP68541E87,Dallas,2024-03-26 00:00:00,2024-04-01 00:00:00,Resolved,No
EVT69C1C57F,Vendor Delay,Critical,Logistics,EMP47578833,San Antonio,2024-02-15 00:00:00,2024-02-16 00:00:00,Resolved,No
EVT982151A8,Cyber Alert,Critical,HR,EMP67C6B83D,New York,2024-07-04 00:00:00,2024-07-06 00:00:00,Resolved,No
EVTF47C9CBB,Purchase Request,Warning,Logistics,EMP4A81C710,San Jose,2024-01-10 00:00:00,2024-01-17 00:00:00,Resolved,No
EVT6A5B5955,Equipment Failure,Critical,Sales,EMP431988D9,San Jose,2024-04-03 00:00:00,2024-04-04 00:00:00,Resolved,No
EVTA83096FC,Equipment Failure,Warning,Quality,EMP7E6ACDF0,Dallas,2024-03-24 00:00:00,2024-03-31 00:00:00,Resolved,No
EVT8752472F,Customer Escalation,Normal,Quality,EMPFEF2013D,Phoenix,2024-01-16 00:00:00,,Pending,No
EVT89EE7E89,Compliance Issue,Critical,Logistics,EMPFB1AC941,San Jose,2024-11-11 00:00:00,2024-11-14 00:00:00,Resolved,No
EVT206E3D8D,Compliance Issue,Critical,Finance,EMP25BF3802,Philadelphia,2024-11-10 00:00:00,2024-11-13 00:00:00,Resolved,No
EVTDE11D56C,Inventory Shortage,Normal,Marketing,EMPB723182B,New York,2024-12-22 00:00:00,,Pending,No
EVT45CF60CD,Customer Escalation,Warning,Logistics,EMP3A80F757,Houston,2024-12-05 00:00:00,2024-12-11 00:00:00,Resolved,No
EVT53C6B4F5,Compliance Issue,Normal,IT,EMP2B044AB4,Houston,2024-09-16 00:00:00,2024-09-23 00:00:00,Resolved,Yes
EVT8D72F1B7,Compliance Issue,Warning,Manufacturing,EMP4964096D,Dallas,2024-09-15 00:00:00,2024-09-22 00:00:00,Resolved,Yes
EVT745641E9,Compliance Issue,Normal,Logistics,EMPE1756F98,New York,2024-11-19 00:00:00,2024-12-04 00:00:00,Resolved,Yes
EVTF60B6ACF,Machine Breakdown,Critical,Quality,EMP43E6424B,Philadelphia,2024-11-12 00:00:00,,Pending,No
EVT57552EBB,Equipment Failure,Critical,HR,EMPF3E99828,Houston,2024-01-27 00:00:00,2024-01-30 00:00:00,Resolved,No
EVT96C0BF56,Customer Escalation,Warning,Logistics,EMP57F977CB,Dallas,2024-03-13 00:00:00,,Pending,No
EVTD646CB5B,Vendor Delay,Warning,Finance,EMP8C06486C,Houston,2024-04-08 00:00:00,2024-04-11 00:00:00,Resolved,No
EVT61978337,Equipment Failure,Critical,Operations,EMP95BDF9FC,San Diego,2024-09-09 00:00:00,2024-09-12 00:00:00,Resolved,No
EVT6706AD49,Customer Escalation,Critical,IT,EMP67DF9928,Jacksonville,2024-08-23 00:00:00,2024-08-26 00:00:00,Resolved,No
EVT950F8E4C,Machine Breakdown,Warning,Quality,EMPB0BA6765,Philadelphia,2024-05-08 00:00:00,2024-05-11 00:00:00,Resolved,No
EVT1B84A27E,Cyber Alert,Critical,HR,EMP7782B4F9,Dallas,2024-12-21 00:00:00,2024-12-22 00:00:00,Escalated,No
EVT00F74608,Employee Injury,Critical,HR,EMPAB2D46A5,Phoenix,2024-06-19 00:00:00,,Pending,No
EVT4543417B,Machine Breakdown,Critical,Operations,EMP34A92786,San Diego,2024-01-27 00:00:00,,Pending,No
EVT01D0B2CC,Employee Injury,Warning,Marketing,EMPB0A33372,Jacksonville,2024-01-23 00:00:00,2024-01-27 00:00:00,Resolved,No
EVT62A6A692,Customer Escalation,Critical,IT,EMP978D344B,Houston,2024-08-22 00:00:00,2024-08-23 00:00:00,Resolved,No
EVT7A9B604C,Equipment Failure,Normal,Logistics,EMPE17E6A8C,Jacksonville,2024-11-22 00:00:00,2024-11-29 00:00:00,Resolved,No
EVT5A91B471,Inventory Shortage,Normal,Marketing,EMP16FF2B31,Chicago,2024-08-04 00:00:00,2024-08-17 00:00:00,Resolved,No
EVTD353674F,Purchase Request,Normal,Finance,EMP9380316A,New York,2024-02-13 00:00:00,2024-02-22 00:00:00,Escalated,No
EVT4DB7FCCD,Cyber Alert,Critical,Sales,EMP040ADCC3,Chicago,2024-10-25 00:00:00,2024-10-26 00:00:00,Resolved,No
EVT96B4C682,Customer Escalation,Critical,Marketing,EMP1E4D7C85,Los Angeles,2024-01-27 00:00:00,2024-01-28 00:00:00,Resolved,No
EVTD9689A7B,Employee Injury,Critical,Quality,EMP268BB8EA,Austin,2024-06-07 00:00:00,2024-06-08 00:00:00,Resolved,Yes
EVTB583F72A,Compliance Issue,Warning,Marketing,EMP9824D2C5,San Diego,2024-04-09 00:00:00,2024-04-16 00:00:00,Resolved,No
EVT26EC1887,Cyber Alert,Warning,HR,EMP2A950851,Dallas,2024-02-19 00:00:00,2024-02-25 00:00:00,Resolved,No
EVT57AC86EE,Power Outage,Critical,Finance,EMP9B4849DA,New York,2024-02-17 00:00:00,2024-02-19 00:00:00,Resolved,No
EVT634FD133,Equipment Failure,Critical,HR,EMP3E68F466,Philadelphia,2024-06-01 00:00:00,2024-06-03 00:00:00,Resolved,Yes
EVT452B2449,Power Outage,Critical,Procurement,EMPBCEBF702,San Jose,2024-06-17 00:00:00,,Pending,No
EVT1A3D363A,Inventory Shortage,Normal,Finance,EMP49717173,Dallas,2024-04-07 00:00:00,,Pending,No
EVT5D510D5E,Compliance Issue,Warning,Quality,EMPF2199529,Philadelphia,2024-06-08 00:00:00,2024-06-15 00:00:00,Resolved,Yes
EVTD8FDB202,Machine Breakdown,Warning,Sales,EMP77AEEF52,Houston,2024-08-18 00:00:00,2024-08-24 00:00:00,Resolved,Yes
EVT9D098AF5,Compliance Issue,Critical,Operations,EMPC5CC0FA7,San Antonio,2024-08-02 00:00:00,2024-08-04 00:00:00,Resolved,Yes
EVT2D16776F,Customer Escalation,Warning,IT,EMPE7E4D508,San Jose,2024-05-08 00:00:00,,Pending,No
EVT913F6399,Cyber Alert,Critical,Procurement,EMP9380316A,Houston,2024-07-14 00:00:00,2024-07-17 00:00:00,Resolved,Yes
EVT58AEDE4F,Cyber Alert,Critical,IT,EMP01BFDF2D,San Antonio,2024-06-15 00:00:00,2024-06-16 00:00:00,Resolved,Yes
EVT3DDB12A2,Inventory Shortage,Warning,Marketing,EMP571C3FC2,Jacksonville,2024-07-10 00:00:00,2024-07-14 00:00:00,Escalated,No
EVT7B3AC9E5,Machine Breakdown,Normal,Manufacturing,EMP3DAA18AD,Philadelphia,2024-06-04 00:00:00,,Pending,Yes
EVT976AE462,Customer Escalation,Warning,Sales,EMP75BC4D80,San Antonio,2024-04-25 00:00:00,2024-05-02 00:00:00,Resolved,No
EVTEF77B097,Cyber Alert,Critical,Quality,EMP85D4DDC2,New York,2024-11-28 00:00:00,2024-12-01 00:00:00,Escalated,No
EVTA1539BCD,Compliance Issue,Warning,Operations,EMPE74E115E,Houston,2024-03-29 00:00:00,,Pending,No
EVT5E30ADE5,Compliance Issue,Warning,Logistics,EMPA214F347,San Antonio,2024-03-13 00:00:00,,Pending,No
EVT847A866A,Power Outage,Warning,Quality,EMP05986040,Houston,2024-02-17 00:00:00,2024-02-23 00:00:00,Resolved,No
EVT428B233D,Customer Escalation,Critical,Sales,EMPAA2DF53A,San Antonio,2024-08-20 00:00:00,,Pending,No
EVT05FFC855,Employee Injury,Critical,Quality,EMP85E0B215,Jacksonville,2024-07-16 00:00:00,2024-07-18 00:00:00,Resolved,Yes
EVT3405F3A5,Purchase Request,Normal,HR,EMP0195B63D,San Diego,2024-03-15 00:00:00,,Pending,No
EVTED6556AA,Equipment Failure,Warning,HR,EMP8DF3B125,Chicago,2024-12-13 00:00:00,,Pending,Yes
EVT7D54771A,Equipment Failure,Critical,Manufacturing,EMPCF808236,Los Angeles,2024-11-21 00:00:00,2024-11-22 00:00:00,Resolved,No
EVTAAFD86A3,Employee Injury,Critical,Quality,EMP21272B8D,Phoenix,2024-10-18 00:00:00,2024-10-20 00:00:00,Resolved,No
EVT534D8113,Inventory Shortage,Normal,Marketing,EMPCB3FE8D7,Los Angeles,2024-11-05 00:00:00,2024-11-18 00:00:00,Resolved,No
EVT89BD14A3,Equipment Failure,Critical,IT,EMP7D31F4A4,San Jose,2024-01-13 00:00:00,2024-01-16 00:00:00,Resolved,No
EVT2F85AC10,Cyber Alert,Critical,Procurement,EMP1112411F,San Antonio,2024-07-01 00:00:00,,Pending,No
EVTC85E2560,Purchase Request,Normal,Manufacturing,EMPD09FD3D1,Chicago,2024-04-27 00:00:00,2024-05-10 00:00:00,Resolved,Yes
EVTF55211CE,Purchase Request,Normal,Manufacturing,EMP47BA4D82,Philadelphia,2024-03-31 00:00:00,2024-04-13 00:00:00,Resolved,Yes
EVT11AD7F78,Cyber Alert,Warning,Manufacturing,EMP55F9A6D6,San Antonio,2024-11-14 00:00:00,2024-11-19 00:00:00,Resolved,Yes
EVT210FEA10,Vendor Delay,Critical,Operations,EMPCA8E9FE3,Chicago,2024-06-30 00:00:00,2024-07-01 00:00:00,Resolved,No
EVTDD5ECFBA,Machine Breakdown,Critical,IT,EMP6D050E8D,San Jose,2024-11-26 00:00:00,2024-11-28 00:00:00,Resolved,No
EVTDAB39ACB,Power Outage,Critical,Finance,EMP3FFA3C03,Philadelphia,2024-08-03 00:00:00,2024-08-06 00:00:00,Resolved,Yes
EVT62347D7F,Inventory Shortage,Warning,IT,EMPFCF0F331,Philadelphia,2024-07-18 00:00:00,2024-07-23 00:00:00,Resolved,No
EVT0F67237F,Vendor Delay,Critical,HR,EMPD70AAF19,Los Angeles,2024-02-15 00:00:00,2024-02-17 00:00:00,Resolved,No
EVT9435B53D,Machine Breakdown,Normal,IT,EMP8CC6DD51,New York,2024-01-29 00:00:00,2024-02-05 00:00:00,Resolved,Yes
EVTCC149298,Purchase Request,Warning,Sales,EMP55C366DB,San Diego,2024-05-28 00:00:00,2024-06-02 00:00:00,Resolved,No
EVT4154B09F,Machine Breakdown,Warning,Quality,EMP072D1F54,New York,2024-01-30 00:00:00,,Pending,Yes
EVTB59DBEA8,Customer Escalation,Warning,Marketing,EMP9C814F9F,Houston,2024-08-04 00:00:00,2024-08-11 00:00:00,Resolved,No
EVT45718E0B,Power Outage,Critical,Manufacturing,EMP6D949449,Dallas,2024-09-05 00:00:00,2024-09-08 00:00:00,Resolved,Yes
EVT019953E8,Customer Escalation,Warning,Operations,EMPB2086772,San Antonio,2024-11-15 00:00:00,2024-11-21 00:00:00,Resolved,Yes
EVT56E448A7,Employee Injury,Critical,IT,EMPECCA11FA,San Antonio,2024-06-08 00:00:00,2024-06-09 00:00:00,Resolved,Yes
EVT8095CF84,Vendor Delay,Warning,Sales,EMPB2A99613,Dallas,2024-05-01 00:00:00,2024-05-08 00:00:00,Escalated,No
EVT0E22830D,Compliance Issue,Normal,IT,EMP31CA5D53,Phoenix,2024-07-22 00:00:00,2024-08-06 00:00:00,Resolved,No
EVT499C84B8,Customer Escalation,Warning,HR,EMP93F704DC,Philadelphia,2024-10-19 00:00:00,2024-10-22 00:00:00,Resolved,Yes
EVT240094AF,Compliance Issue,Warning,Marketing,EMP1301F8FA,Jacksonville,2024-06-13 00:00:00,2024-06-18 00:00:00,Resolved,No
EVTE14E002B,Employee Injury,Critical,Sales,EMP712E2FBE,San Antonio,2024-06-24 00:00:00,2024-06-27 00:00:00,Resolved,Yes
EVT2D530BA8,Inventory Shortage,Normal,IT,EMP5795E2D4,Los Angeles,2024-03-13 00:00:00,2024-03-24 00:00:00,Resolved,No
EVT01F206E4,Compliance Issue,Warning,Operations,EMP8FEAAAA9,Philadelphia,2024-10-26 00:00:00,2024-10-30 00:00:00,Resolved,No
EVTDDEB2121,Power Outage,Critical,Marketing,EMP00E35AE4,Philadelphia,2024-09-19 00:00:00,,Pending,No
EVT497F04F1,Purchase Request,Warning,Sales,EMP39631369,Phoenix,2024-02-21 00:00:00,2024-02-27 00:00:00,Resolved,No
EVT6FB38461,Equipment Failure,Critical,Sales,EMP3E9B2694,Philadelphia,2024-07-09 00:00:00,2024-07-11 00:00:00,Escalated,No
EVTC41E623A,Cyber Alert,Warning,Procurement,EMPB03BB407,San Antonio,2024-11-12 00:00:00,,Pending,No
EVTC14FC3BB,Equipment Failure,Warning,Finance,EMPC6503F03,Houston,2024-07-15 00:00:00,2024-07-18 00:00:00,Resolved,No
EVTAC45CE22,Employee Injury,Normal,IT,EMP90E11600,Philadelphia,2024-01-24 00:00:00,,Pending,Yes
EVT362BB2EF,Equipment Failure,Warning,IT,EMP1232F0C0,Austin,2024-12-16 00:00:00,2024-12-21 00:00:00,Resolved,No
EVT20C20EA8,Customer Escalation,Warning,Operations,EMP1523A756,Austin,2024-06-23 00:00:00,2024-06-26 00:00:00,Resolved,No
EVT4D80407F,Machine Breakdown,Warning,Sales,EMPBFFBA80D,Philadelphia,2024-12-26 00:00:00,2024-12-31 00:00:00,Resolved,No
EVT74084025,Employee Injury,Critical,Marketing,EMP58C1085E,Philadelphia,2024-05-03 00:00:00,2024-05-06 00:00:00,Resolved,No
EVT24B880E8,Customer Escalation,Warning,Quality,EMP2E2197DC,Chicago,2024-03-27 00:00:00,2024-04-03 00:00:00,Resolved,Yes
EVTCEBEF67C,Customer Escalation,Warning,Procurement,EMPF2440886,New York,2024-05-02 00:00:00,2024-05-05 00:00:00,Resolved,Yes
EVT4F60180F,Cyber Alert,Critical,Manufacturing,EMP99C581BC,Phoenix,2024-04-25 00:00:00,2024-04-28 00:00:00,Resolved,No
EVT41150040,Employee Injury,Warning,Operations,EMP3FE23DCF,Austin,2024-01-14 00:00:00,,Pending,No
EVT54D596E7,Power Outage,Warning,Manufacturing,EMP47E6DFB1,Dallas,2024-04-04 00:00:00,,Pending,No
EVT05B79BDE,Vendor Delay,Warning,Manufacturing,EMP993F5EC4,Philadelphia,2024-06-06 00:00:00,2024-06-11 00:00:00,Resolved,Yes
EVT8166C2C4,Employee Injury,Warning,Procurement,EMPBE61D069,Jacksonville,2024-07-02 00:00:00,2024-07-05 00:00:00,Resolved,No
EVTDE303F40,Compliance Issue,Warning,IT,EMP8C517C32,Phoenix,2024-01-01 00:00:00,2024-01-04 00:00:00,Resolved,No
EVT637044FE,Purchase Request,Warning,Quality,EMP2D1C6CC7,Los Angeles,2024-06-05 00:00:00,,Pending,No
EVT860C785B,Compliance Issue,Critical,Logistics,EMP861F8A3C,Philadelphia,2024-07-15 00:00:00,2024-07-16 00:00:00,Resolved,No
EVT4C201B72,Purchase Request,Normal,Sales,EMP4D52FAA2,Phoenix,2024-02-15 00:00:00,2024-02-28 00:00:00,Resolved,No
EVTD7EEA0C0,Customer Escalation,Warning,Marketing,EMPF5EAAA24,Los Angeles,2024-08-30 00:00:00,2024-09-06 00:00:00,Resolved,No
EVTE80F2E8F,Employee Injury,Warning,Marketing,EMP8B0826EA,Los Angeles,2024-05-23 00:00:00,2024-05-26 00:00:00,Resolved,Yes
EVTDB02EAC5,Cyber Alert,Critical,Logistics,EMP119A6619,San Jose,2024-04-05 00:00:00,,Pending,Yes
EVT621DA1AF,Customer Escalation,Normal,Quality,EMPC16D062C,Chicago,2024-09-26 00:00:00,,Pending,Yes
EVT1A738619,Compliance Issue,Warning,Quality,EMP528C4A73,Dallas,2024-01-25 00:00:00,2024-01-29 00:00:00,Resolved,Yes
EVT616DB5C8,Employee Injury,Critical,Finance,EMP63B677FD,San Antonio,2024-02-20 00:00:00,2024-02-22 00:00:00,Resolved,No
EVT4AAC2265,Employee Injury,Critical,HR,EMP980B7BED,San Jose,2024-02-26 00:00:00,,Pending,No
EVT78292B14,Power Outage,Critical,IT,EMPC3178828,Philadelphia,2024-10-08 00:00:00,,Pending,Yes
EVTB6473D9C,Inventory Shortage,Warning,Manufacturing,EMPA1C88631,Houston,2024-05-29 00:00:00,2024-06-03 00:00:00,Resolved,No
EVTC029FFA0,Power Outage,Critical,HR,EMP7C7D9D6B,San Diego,2024-02-09 00:00:00,,Pending,No
EVTBC326F49,Inventory Shortage,Critical,Manufacturing,EMP21F7A100,Los Angeles,2024-11-03 00:00:00,,Pending,Yes
EVT94413FFB,Vendor Delay,Critical,Operations,EMP5457C932,Dallas,2024-05-25 00:00:00,2024-05-27 00:00:00,Resolved,No
EVT98646397,Customer Escalation,Warning,Manufacturing,EMPBBE75524,Los Angeles,2024-01-11 00:00:00,2024-01-17 00:00:00,Resolved,No
EVT2E975ABC,Cyber Alert,Warning,Manufacturing,EMPA364D54E,San Jose,2024-12-23 00:00:00,2024-12-30 00:00:00,Resolved,Yes
EVT6E1B442F,Machine Breakdown,Warning,Finance,EMP25AFB6A7,Philadelphia,2024-01-01 00:00:00,2024-01-04 00:00:00,Resolved,No
EVTC0802C51,Inventory Shortage,Normal,Finance,EMPA10CD372,Jacksonville,2024-10-17 00:00:00,2024-10-28 00:00:00,Resolved,Yes
EVTF7317516,Customer Escalation,Warning,Procurement,EMP30A6DB00,Philadelphia,2024-08-29 00:00:00,2024-09-03 00:00:00,Resolved,No
EVTF85A0719,Equipment Failure,Critical,Procurement,EMP7EB4D8F7,Austin,2024-02-17 00:00:00,2024-02-20 00:00:00,Resolved,No
EVTA197E63A,Compliance Issue,Warning,Procurement,EMPD73EA132,Dallas,2024-12-29 00:00:00,,Pending,Yes
EVT80C95BE7,Inventory Shortage,Warning,Logistics,EMP7C07CF39,San Diego,2024-03-04 00:00:00,2024-03-08 00:00:00,Resolved,No
EVTD432A240,Employee Injury,Critical,Logistics,EMP59CD40B7,Houston,2024-01-20 00:00:00,2024-01-21 00:00:00,Resolved,Yes
EVTF21BFA04,Vendor Delay,Normal,IT,EMP7C04D65A,San Diego,2024-12-21 00:00:00,2024-12-29 00:00:00,Resolved,No
EVT012688EB,Inventory Shortage,Warning,Quality,EMP55E21613,San Antonio,2024-12-16 00:00:00,,Pending,No
EVT791C9BE0,Power Outage,Critical,Operations,EMP42DF3ED0,Houston,2024-11-06 00:00:00,,Pending,No
EVT2E6625ED,Purchase Request,Normal,Quality,EMP175C753F,Los Angeles,2024-04-27 00:00:00,,Pending,No
EVTC5195F52,Equipment Failure,Critical,Procurement,EMP1FE60389,Phoenix,2024-10-09 00:00:00,2024-10-10 00:00:00,Resolved,No
EVT4B3C6985,Vendor Delay,Warning,Marketing,EMP8465C41B,San Jose,2024-01-23 00:00:00,2024-01-29 00:00:00,Resolved,No
EVT4B97E321,Power Outage,Critical,Sales,EMPC7E6DFCD,Phoenix,2024-06-17 00:00:00,2024-06-19 00:00:00,Resolved,No
EVT0BA6A035,Equipment Failure,Critical,Marketing,EMP6D949449,Phoenix,2024-08-16 00:00:00,,Pending,No
EVT56E4160B,Cyber Alert,Critical,HR,EMP9EF2A730,Dallas,2024-04-12 00:00:00,2024-04-13 00:00:00,Resolved,No
EVT29C0F6A3,Purchase Request,Normal,Operations,EMP8684FBFE,Houston,2024-01-11 00:00:00,2024-01-19 00:00:00,Escalated,No
EVTB890595D,Customer Escalation,Warning,Procurement,EMP24C7E892,Houston,2024-11-28 00:00:00,2024-12-01 00:00:00,Resolved,No
EVT024D3129,Equipment Failure,Critical,Manufacturing,EMPCB6753AD,Austin,2024-12-24 00:00:00,2024-12-25 00:00:00,Resolved,Yes
EVT48C5BFD4,Machine Breakdown,Critical,Operations,EMP07BE9075,Jacksonville,2024-12-03 00:00:00,2024-12-04 00:00:00,Resolved,No
EVT39E6F316,Compliance Issue,Critical,Operations,EMP143F8E0F,Phoenix,2024-12-20 00:00:00,,Pending,No
EVT6ACADB41,Power Outage,Warning,Operations,EMP3E82F799,Chicago,2024-09-05 00:00:00,2024-09-09 00:00:00,Escalated,Yes
EVTD46FC863,Machine Breakdown,Normal,Quality,EMPC892162D,Philadelphia,2024-12-09 00:00:00,2024-12-23 00:00:00,Resolved,No
EVTE3B30270,Purchase Request,Normal,HR,EMP50EF84A6,Austin,2024-06-05 00:00:00,,Pending,Yes
EVT1744613D,Machine Breakdown,Critical,Logistics,EMP7CAAFD50,Dallas,2024-10-29 00:00:00,2024-10-31 00:00:00,Resolved,Yes
EVTECCDB55A,Equipment Failure,Critical,HR,EMP841E41DB,New York,2024-10-30 00:00:00,,Pending,Yes
EVT3B8475BE,Purchase Request,Normal,Procurement,EMPB03BC413,Los Angeles,2024-04-27 00:00:00,2024-05-06 00:00:00,Resolved,No
EVTAEF629C8,Customer Escalation,Critical,HR,EMPA8C57CF4,San Jose,2024-03-12 00:00:00,2024-03-15 00:00:00,Resolved,No
EVT882C0035,Power Outage,Critical,Logistics,EMPD6216EF2,Philadelphia,2024-10-03 00:00:00,,Pending,Yes
EVT4BFA2A48,Employee Injury,Critical,IT,EMP273FBA62,Dallas,2024-08-05 00:00:00,,Pending,Yes
EVT9A214F76,Compliance Issue,Normal,Quality,EMPA90D710A,Jacksonville,2024-01-28 00:00:00,2024-02-05 00:00:00,Resolved,No
EVT1FFCD07D,Purchase Request,Normal,Quality,EMP54F337DB,New York,2024-10-25 00:00:00,2024-11-01 00:00:00,Resolved,No
EVTE9320D0D,Purchase Request,Warning,Logistics,EMP68BC0A15,Phoenix,2024-09-17 00:00:00,,Pending,No
EVT2F80895F,Purchase Request,Normal,Marketing,EMP5D462CD0,Chicago,2024-10-20 00:00:00,2024-11-02 00:00:00,Resolved,No
EVTBAB81885,Power Outage,Critical,Marketing,EMPF1541C62,Jacksonville,2024-02-26 00:00:00,2024-02-27 00:00:00,Resolved,Yes
EVT57FFB469,Compliance Issue,Warning,Logistics,EMP7EBA26A3,Dallas,2024-10-27 00:00:00,2024-11-01 00:00:00,Escalated,No
EVTAED0A88C,Equipment Failure,Normal,IT,EMPE60DA54E,New York,2024-09-07 00:00:00,2024-09-16 00:00:00,Resolved,Yes
EVT39464C9C,Employee Injury,Critical,Manufacturing,EMP78B2F35C,Austin,2024-12-03 00:00:00,2024-12-05 00:00:00,Resolved,No
EVTD4FDCB8C,Compliance Issue,Warning,Manufacturing,EMP3FA68E61,Dallas,2024-06-15 00:00:00,2024-06-19 00:00:00,Resolved,No
EVTC388E4B4,Customer Escalation,Warning,Manufacturing,EMP467E40AA,San Diego,2024-12-21 00:00:00,,Pending,Yes
EVT6CE24ECA,Machine Breakdown,Critical,IT,EMP1A7A9008,San Antonio,2024-06-21 00:00:00,2024-06-23 00:00:00,Resolved,No
EVT23C5D1FA,Employee Injury,Critical,Finance,EMP6CB366B7,San Jose,2024-06-02 00:00:00,2024-06-05 00:00:00,Resolved,No
EVT2BC9F73A,Power Outage,Normal,IT,EMPC7F06FB7,Los Angeles,2024-04-11 00:00:00,2024-04-19 00:00:00,Resolved,No
EVT054F629F,Vendor Delay,Warning,Operations,EMP190A4315,San Diego,2024-07-01 00:00:00,,Pending,No
EVTAE04D9C4,Machine Breakdown,Critical,Manufacturing,EMP3051B65D,Austin,2024-03-11 00:00:00,,Pending,No
EVT04033D3B,Vendor Delay,Warning,Sales,EMP4834A8D8,New York,2024-05-15 00:00:00,2024-05-19 00:00:00,Resolved,No
EVT6350FCF3,Purchase Request,Normal,Manufacturing,EMP3E14909B,Dallas,2024-06-16 00:00:00,2024-07-01 00:00:00,Resolved,No
EVT72E0CC8C,Cyber Alert,Warning,Logistics,EMPEB0427AB,San Diego,2024-06-02 00:00:00,,Pending,No
EVTDE2B0F2F,Employee Injury,Critical,Procurement,EMP3DD13239,Los Angeles,2024-12-11 00:00:00,2024-12-12 00:00:00,Resolved,Yes
EVT143E32B3,Cyber Alert,Critical,Operations,EMPD99F1246,Austin,2024-11-19 00:00:00,2024-11-21 00:00:00,Resolved,Yes
EVTA20B7FF4,Machine Breakdown,Critical,Logistics,EMP52484A25,Dallas,2024-10-06 00:00:00,2024-10-07 00:00:00,Resolved,Yes
EVT7041BC63,Customer Escalation,Warning,Finance,EMP013739B0,Phoenix,2024-07-21 00:00:00,2024-07-24 00:00:00,Resolved,Yes
EVT5B3B0504,Equipment Failure,Critical,Manufacturing,EMP4207765C,Austin,2024-01-14 00:00:00,2024-01-17 00:00:00,Resolved,No
EVT91D61171,Employee Injury,Critical,Marketing,EMP05AD8915,Los Angeles,2024-12-18 00:00:00,2024-12-20 00:00:00,Escalated,Yes
EVT77AAFA05,Compliance Issue,Warning,Marketing,EMP5AE241ED,Dallas,2024-08-05 00:00:00,,Pending,No
EVT22FB38C8,Employee Injury,Critical,Finance,EMP8CEAD6BA,Chicago,2024-01-14 00:00:00,2024-01-16 00:00:00,Resolved,No
EVT8A748A2D,Inventory Shortage,Critical,HR,EMP72C9D4B7,Los Angeles,2024-05-31 00:00:00,2024-06-01 00:00:00,Resolved,Yes
EVT23038337,Cyber Alert,Critical,Sales,EMPD25F7B5F,Dallas,2024-02-13 00:00:00,2024-02-16 00:00:00,Resolved,No
EVTD30DD75A,Compliance Issue,Warning,Manufacturing,EMP870279F0,Houston,2024-08-16 00:00:00,2024-08-20 00:00:00,Resolved,Yes
EVT3E2751DE,Vendor Delay,Normal,IT,EMP640F1C5E,Jacksonville,2024-04-03 00:00:00,,Pending,No
EVTD951BDD5,Cyber Alert,Critical,Finance,EMPFEEF2869,New York,2024-06-25 00:00:00,2024-06-28 00:00:00,Resolved,No
EVT8658D331,Purchase Request,Normal,Quality,EMP941509CA,Austin,2024-07-05 00:00:00,2024-07-15 00:00:00,Resolved,No
EVT2507CECE,Employee Injury,Critical,Quality,EMP4D425593,Jacksonville,2024-12-11 00:00:00,2024-12-14 00:00:00,Resolved,No
EVTB250BE3F,Employee Injury,Critical,Sales,EMP599A740D,San Diego,2024-03-11 00:00:00,2024-03-12 00:00:00,Resolved,Yes
EVT3D6DBB9C,Vendor Delay,Normal,IT,EMPDA9FF9E3,San Jose,2024-01-13 00:00:00,2024-01-27 00:00:00,Resolved,No
EVT7B7366DA,Inventory Shortage,Normal,IT,EMPE81DAD84,San Jose,2024-08-26 00:00:00,2024-09-08 00:00:00,Resolved,No
EVTED46AD11,Inventory Shortage,Normal,Quality,EMP6052C9DC,Houston,2024-07-14 00:00:00,2024-07-27 00:00:00,Resolved,No
EVT10B462D2,Inventory Shortage,Normal,Quality,EMP7B01A23B,Jacksonville,2024-04-09 00:00:00,2024-04-21 00:00:00,Escalated,Yes
EVT2C27A5E4,Vendor Delay,Warning,Marketing,EMPA32A6C83,New York,2024-02-04 00:00:00,2024-02-09 00:00:00,Resolved,No
EVT3C7E25D4,Compliance Issue,Warning,Manufacturing,EMP27336C2D,Philadelphia,2024-11-21 00:00:00,,Pending,No
EVTED66C373,Compliance Issue,Warning,IT,EMP69098DD7,Austin,2024-04-08 00:00:00,,Pending,No
EVTCCE4303C,Equipment Failure,Critical,Quality,EMP4DFF8D71,Dallas,2024-01-31 00:00:00,2024-02-02 00:00:00,Resolved,No
EVT422847DF,Machine Breakdown,Critical,Quality,EMP626ED04A,Jacksonville,2024-07-27 00:00:00,2024-07-30 00:00:00,Resolved,No
EVT5A75338E,Cyber Alert,Critical,IT,EMPC7997C76,Phoenix,2024-07-17 00:00:00,2024-07-19 00:00:00,Resolved,No
EVTF4DD8837,Equipment Failure,Critical,Finance,EMP2117BB75,Jacksonville,2024-08-23 00:00:00,2024-08-26 00:00:00,Resolved,No
EVTB88569A5,Compliance Issue,Warning,Finance,EMP8090CCD5,Phoenix,2024-09-25 00:00:00,2024-09-28 00:00:00,Resolved,No
EVT0D6560F9,Cyber Alert,Warning,Finance,EMPB5133E1A,Los Angeles,2024-08-02 00:00:00,2024-08-08 00:00:00,Resolved,No
EVT594E39CF,Employee Injury,Critical,Manufacturing,EMP27EA2133,Chicago,2024-09-26 00:00:00,2024-09-27 00:00:00,Resolved,Yes
EVT60ECF9E2,Purchase Request,Normal,Sales,EMP1F5A7ED1,San Jose,2024-01-01 00:00:00,2024-01-16 00:00:00,Resolved,No
EVT93124DAC,Employee Injury,Critical,Sales,EMP588AE465,Jacksonville,2024-11-08 00:00:00,2024-11-11 00:00:00,Resolved,No
EVT9782BD39,Purchase Request,Normal,IT,EMP1E69891E,Phoenix,2024-01-01 00:00:00,2024-01-11 00:00:00,Escalated,No
EVT64C8013C,Inventory Shortage,Warning,Finance,EMPFCCD04B4,Phoenix,2024-09-12 00:00:00,2024-09-16 00:00:00,Resolved,No
EVT6F7B290F,Machine Breakdown,Normal,HR,EMP22629241,Philadelphia,2024-09-09 00:00:00,2024-09-20 00:00:00,Resolved,Yes
EVTE96340FE,Machine Breakdown,Normal,Operations,EMP4128A9F5,Houston,2024-11-17 00:00:00,2024-11-27 00:00:00,Resolved,No
EVT903CBE6B,Machine Breakdown,Normal,IT,EMPDAEB72B0,New York,2024-10-17 00:00:00,2024-10-30 00:00:00,Resolved,No
EVT2FCA3753,Purchase Request,Warning,Marketing,EMP2B801C04,Phoenix,2024-07-22 00:00:00,2024-07-26 00:00:00,Resolved,No
EVT1C02614A,Purchase Request,Normal,Marketing,EMP146800A1,San Antonio,2024-08-10 00:00:00,2024-08-18 00:00:00,Resolved,Yes
EVTBEAB90FE,Power Outage,Critical,Finance,EMP02FE0DB6,New York,2024-09-14 00:00:00,2024-09-17 00:00:00,Resolved,Yes
EVT302F064B,Employee Injury,Critical,Operations,EMPE91A72B8,Philadelphia,2024-10-22 00:00:00,2024-10-23 00:00:00,Resolved,No
EVT8E35B861,Employee Injury,Warning,IT,EMP744F71B1,San Jose,2024-04-02 00:00:00,2024-04-05 00:00:00,Resolved,Yes
EVT14EA7C48,Customer Escalation,Normal,Logistics,EMP040FF67F,Phoenix,2024-07-26 00:00:00,2024-08-07 00:00:00,Resolved,No
EVTAEDE67DB,Equipment Failure,Critical,Procurement,EMPA431C536,Dallas,2024-11-02 00:00:00,2024-11-03 00:00:00,Resolved,Yes
EVT9E1D550D,Purchase Request,Normal,IT,EMPF2A2DB2C,Austin,2024-10-27 00:00:00,2024-11-06 00:00:00,Resolved,No
EVT850CBE57,Compliance Issue,Warning,Manufacturing,EMP670D61F2,Los Angeles,2024-08-23 00:00:00,2024-08-27 00:00:00,Resolved,No
EVTEAF41356,Compliance Issue,Warning,Quality,EMP48661F49,Los Angeles,2024-07-12 00:00:00,,Pending,No
EVTE8A25F57,Inventory Shortage,Warning,Sales,EMP0C32A643,Chicago,2024-07-10 00:00:00,2024-07-17 00:00:00,Resolved,No
EVTBF09D65E,Purchase Request,Normal,Finance,EMP089625EF,Los Angeles,2024-11-20 00:00:00,2024-11-29 00:00:00,Resolved,No
EVT7936D1A1,Equipment Failure,Warning,Manufacturing,EMPC7999E08,San Jose,2024-08-26 00:00:00,2024-08-29 00:00:00,Resolved,No
EVT9D3D07FF,Machine Breakdown,Critical,Manufacturing,EMP579DDE3C,Chicago,2024-02-29 00:00:00,2024-03-02 00:00:00,Resolved,No
EVT52426073,Vendor Delay,Warning,HR,EMPD88363FE,Houston,2024-08-10 00:00:00,2024-08-15 00:00:00,Resolved,No
EVT014776AA,Cyber Alert,Warning,Sales,EMP005559B9,Jacksonville,2024-06-19 00:00:00,2024-06-25 00:00:00,Escalated,Yes
EVTED5F2D1E,Purchase Request,Normal,Manufacturing,EMP38119227,Philadelphia,2024-12-27 00:00:00,,Pending,No
EVT8AEED7A7,Cyber Alert,Critical,Finance,EMP15D593B2,San Jose,2024-06-23 00:00:00,,Pending,No
EVT592DBA77,Employee Injury,Critical,Manufacturing,EMP3E81AFA9,Philadelphia,2024-11-21 00:00:00,2024-11-22 00:00:00,Resolved,No
EVTC9F020A5,Employee Injury,Normal,Quality,EMP9C0ABA8B,Los Angeles,2024-07-18 00:00:00,2024-07-31 00:00:00,Resolved,No
EVT4060A424,Vendor Delay,Normal,HR,EMPE5F2D0FA,New York,2024-01-25 00:00:00,2024-02-08 00:00:00,Resolved,Yes
EVTDB2DB6B2,Machine Breakdown,Critical,Procurement,EMP72A08D71,Phoenix,2024-03-01 00:00:00,2024-03-03 00:00:00,Resolved,Yes
EVTB778183C,Vendor Delay,Warning,Sales,EMP1219430F,Los Angeles,2024-06-21 00:00:00,2024-06-24 00:00:00,Resolved,No
EVT447662DF,Compliance Issue,Normal,Sales,EMPD59B499F,Austin,2024-04-05 00:00:00,2024-04-14 00:00:00,Resolved,Yes
EVT890F97CA,Customer Escalation,Warning,Marketing,EMPE4778F45,San Jose,2024-03-15 00:00:00,,Pending,Yes
EVT920A7143,Equipment Failure,Normal,Procurement,EMP1E69891E,Jacksonville,2024-01-29 00:00:00,2024-02-08 00:00:00,Resolved,Yes
EVT34B1F571,Equipment Failure,Critical,Sales,EMPE258F7CA,Dallas,2024-12-06 00:00:00,2024-12-07 00:00:00,Resolved,No
EVT73384B4E,Compliance Issue,Warning,Operations,EMPB133CE5B,Phoenix,2024-03-30 00:00:00,2024-04-05 00:00:00,Resolved,Yes
EVT2853EC5C,Inventory Shortage,Normal,Marketing,EMP9045D1E5,Phoenix,2024-08-05 00:00:00,,Pending,No
EVT2F8198A0,Power Outage,Warning,Quality,EMP7C07A42B,Dallas,2024-08-05 00:00:00,2024-08-12 00:00:00,Resolved,No
EVTA24FE1DF,Inventory Shortage,Normal,Finance,EMP4A2B9E75,Phoenix,2024-03-09 00:00:00,2024-03-16 00:00:00,Resolved,No
EVTCBD39A16,Machine Breakdown,Warning,Marketing,EMPCD95A3A5,Austin,2024-08-22 00:00:00,2024-08-25 00:00:00,Resolved,Yes
EVTCCC865C7,Compliance Issue,Normal,Finance,EMPEDD5B94C,Philadelphia,2024-03-01 00:00:00,2024-03-12 00:00:00,Resolved,No
EVTCFAB48B0,Cyber Alert,Critical,Manufacturing,EMPF221E638,Houston,2024-10-11 00:00:00,2024-10-14 00:00:00,Resolved,No
EVTB403C1E0,Power Outage,Warning,Logistics,EMPB0B41B7D,San Jose,2024-07-24 00:00:00,2024-07-27 00:00:00,Resolved,Yes
EVT85E47778,Cyber Alert,Critical,Procurement,EMPB0310018,Los Angeles,2024-01-02 00:00:00,,Pending,Yes
EVT643E6994,Vendor Delay,Warning,Operations,EMP60B2AEB2,Philadelphia,2024-06-13 00:00:00,2024-06-20 00:00:00,Resolved,Yes
EVT5214871F,Power Outage,Critical,HR,EMP21155B53,Philadelphia,2024-11-25 00:00:00,2024-11-26 00:00:00,Resolved,No
EVT9563E1F0,Power Outage,Critical,Marketing,EMPA9377E83,Dallas,2024-05-03 00:00:00,2024-05-05 00:00:00,Resolved,No
EVTDDED9C0F,Compliance Issue,Warning,Quality,EMPF243F552,San Diego,2024-01-02 00:00:00,,Pending,No
EVTEE82342B,Compliance Issue,Critical,Sales,EMP95C05FA5,Houston,2024-09-25 00:00:00,2024-09-27 00:00:00,Resolved,Yes
EVTAFE592CB,Cyber Alert,Critical,Finance,EMPA3D1848D,Houston,2024-11-24 00:00:00,2024-11-26 00:00:00,Resolved,Yes
EVTF71ECFF6,Employee Injury,Warning,Marketing,EMP82A14D7C,Austin,2024-07-09 00:00:00,2024-07-12 00:00:00,Resolved,No
EVTF451D955,Cyber Alert,Critical,Quality,EMPF6841E8C,San Diego,2024-08-05 00:00:00,2024-08-08 00:00:00,Resolved,Yes
EVT81CB4196,Purchase Request,Normal,Sales,EMPB5969153,San Diego,2024-06-15 00:00:00,2024-06-27 00:00:00,Resolved,Yes
EVT782E4975,Machine Breakdown,Warning,Quality,EMPB0F35697,New York,2024-07-04 00:00:00,2024-07-08 00:00:00,Resolved,No
EVTD470F2F2,Vendor Delay,Warning,Procurement,EMPC741C637,Jacksonville,2024-08-30 00:00:00,2024-09-06 00:00:00,Resolved,No
EVT1AC36BD7,Cyber Alert,Critical,Marketing,EMP858993EC,San Jose,2024-06-15 00:00:00,2024-06-18 00:00:00,Resolved,Yes
EVTD2A9CFDA,Cyber Alert,Critical,Procurement,EMPDA0AA745,San Jose,2024-10-02 00:00:00,2024-10-04 00:00:00,Resolved,No
EVT652120E0,Equipment Failure,Warning,Marketing,EMPA2D31BFA,Chicago,2024-11-23 00:00:00,,Pending,No
EVT4C09A1CA,Employee Injury,Critical,Manufacturing,EMP5888C7E2,Chicago,2024-06-17 00:00:00,2024-06-18 00:00:00,Resolved,No
EVT2476F729,Compliance Issue,Critical,Logistics,EMPEDA69AD6,San Jose,2024-01-15 00:00:00,2024-01-16 00:00:00,Resolved,No
EVTAC434D26,Machine Breakdown,Warning,HR,EMPEE1A9EC3,Los Angeles,2024-05-10 00:00:00,2024-05-14 00:00:00,Resolved,Yes
EVTD8C43D27,Equipment Failure,Critical,IT,EMPE9608DA5,New York,2024-05-01 00:00:00,2024-05-03 00:00:00,Resolved,Yes
EVTA0415D15,Power Outage,Critical,HR,EMP688B500E,Los Angeles,2024-08-13 00:00:00,2024-08-15 00:00:00,Resolved,Yes
EVT6099EDE3,Inventory Shortage,Warning,HR,EMPE6F0D452,Los Angeles,2024-01-15 00:00:00,2024-01-22 00:00:00,Resolved,No
EVT0C732615,Vendor Delay,Warning,Operations,EMPC441E743,San Diego,2024-11-19 00:00:00,,Pending,No
EVTD472F9DD,Machine Breakdown,Critical,Operations,EMP4EB07C49,Jacksonville,2024-04-07 00:00:00,2024-04-08 00:00:00,Resolved,Yes
EVTEB9D4487,Customer Escalation,Warning,IT,EMP8D7E2C01,San Antonio,2024-12-24 00:00:00,,Pending,Yes
EVT5B28D09F,Employee Injury,Warning,IT,EMP288D0F46,Los Angeles,2024-08-11 00:00:00,2024-08-14 00:00:00,Resolved,No
EVTF8240A92,Equipment Failure,Warning,IT,EMPA85386F7,Phoenix,2024-04-22 00:00:00,,Pending,Yes
EVTE3708E9F,Inventory Shortage,Normal,Sales,EMPC94B2E76,Philadelphia,2024-01-14 00:00:00,,Pending,Yes
EVTECD0C295,Purchase Request,Normal,Quality,EMPE34C423F,Austin,2024-05-22 00:00:00,2024-06-04 00:00:00,Resolved,Yes
EVT5D12A97C,Purchase Request,Normal,Operations,EMPCC6F3466,Austin,2024-03-30 00:00:00,,Pending,No
EVTF8988CD2,Compliance Issue,Warning,HR,EMPA6BB3F35,Jacksonville,2024-10-25 00:00:00,,Pending,Yes
EVTD46375A1,Customer Escalation,Warning,Procurement,EMP277755DF,Dallas,2024-07-31 00:00:00,2024-08-07 00:00:00,Resolved,No
EVT661FC1FB,Power Outage,Critical,Finance,EMP32598E82,San Antonio,2024-07-07 00:00:00,2024-07-08 00:00:00,Resolved,Yes
EVT59536686,Cyber Alert,Critical,Finance,EMP73D2B77A,Austin,2024-09-21 00:00:00,2024-09-22 00:00:00,Resolved,Yes
EVT789EFB3E,Employee Injury,Critical,Quality,EMP6EEB523D,Dallas,2024-12-01 00:00:00,2024-12-03 00:00:00,Resolved,No
EVT0A770BC2,Purchase Request,Critical,Operations,EMPB729A2CC,Los Angeles,2024-04-29 00:00:00,2024-05-02 00:00:00,Resolved,No
EVT14461FA6,Equipment Failure,Warning,Procurement,EMP2BF6FCED,Austin,2024-09-10 00:00:00,2024-09-13 00:00:00,Resolved,No
EVTE89A3A7B,Employee Injury,Critical,HR,EMP5F954C45,Philadelphia,2024-07-20 00:00:00,2024-07-22 00:00:00,Resolved,Yes
EVTE122F26F,Customer Escalation,Critical,Quality,EMP5CF82376,Los Angeles,2024-05-30 00:00:00,2024-06-01 00:00:00,Resolved,No
EVTA2646F4E,Inventory Shortage,Warning,Manufacturing,EMP5E6C7C04,Philadelphia,2024-05-03 00:00:00,,Pending,Yes
EVT1AC502B4,Employee Injury,Warning,Finance,EMPCE1FDE5E,Philadelphia,2024-06-14 00:00:00,2024-06-17 00:00:00,Resolved,No
EVT711C69A4,Employee Injury,Warning,IT,EMP19A97297,Los Angeles,2024-04-01 00:00:00,2024-04-06 00:00:00,Resolved,Yes
EVTD9EB64C5,Purchase Request,Normal,HR,EMP25314A17,Phoenix,2024-12-19 00:00:00,2024-12-31 00:00:00,Resolved,No
EVTC2393173,Vendor Delay,Warning,Manufacturing,EMP4B4B7146,Jacksonville,2024-12-25 00:00:00,2025-01-01 00:00:00,Resolved,Yes
EVT41929530,Purchase Request,Normal,Quality,EMP207B960F,Los Angeles,2024-05-13 00:00:00,2024-05-28 00:00:00,Escalated,Yes
EVTB20CA7EA,Purchase Request,Normal,Operations,EMP9A7E61F6,Los Angeles,2024-10-29 00:00:00,,Pending,No
EVT7A187F6C,Equipment Failure,Normal,Manufacturing,EMP329F1BD8,San Jose,2024-08-20 00:00:00,2024-08-31 00:00:00,Resolved,Yes
EVTC18146E3,Equipment Failure,Normal,Logistics,EMPF8932330,Chicago,2024-05-07 00:00:00,2024-05-19 00:00:00,Resolved,Yes
EVT004FB1E9,Equipment Failure,Critical,Finance,EMP71EB5C8B,Austin,2024-10-22 00:00:00,,Pending,Yes
EVTC25F5726,Machine Breakdown,Critical,Sales,EMP54850054,San Diego,2024-10-23 00:00:00,2024-10-25 00:00:00,Resolved,No
EVTE188EA69,Purchase Request,Normal,Operations,EMP709C732D,Los Angeles,2024-02-03 00:00:00,2024-02-17 00:00:00,Resolved,No
EVT1B994A1B,Purchase Request,Critical,Procurement,EMP04C9CDA3,San Antonio,2024-04-14 00:00:00,2024-04-17 00:00:00,Resolved,Yes
EVTF9DF8B69,Employee Injury,Warning,Operations,EMPEDAE1663,Chicago,2024-08-23 00:00:00,2024-08-29 00:00:00,Resolved,No
EVTF1C30382,Customer Escalation,Warning,Manufacturing,EMPD9D39F00,Houston,2024-01-07 00:00:00,2024-01-13 00:00:00,Resolved,No
EVTC4C9256A,Inventory Shortage,Warning,Quality,EMP441CD824,Jacksonville,2024-12-12 00:00:00,2024-12-17 00:00:00,Resolved,Yes
EVTD152EFE6,Purchase Request,Normal,Operations,EMP233A3641,San Diego,2024-04-27 00:00:00,2024-05-08 00:00:00,Resolved,No
EVT45CC9460,Machine Breakdown,Normal,Sales,EMPD0A380E5,Austin,2024-03-24 00:00:00,,Pending,Yes
EVTF4E4E3A3,Power Outage,Critical,Sales,EMP9A5E4BCC,San Antonio,2024-10-16 00:00:00,2024-10-19 00:00:00,Resolved,Yes
EVTD67086AE,Equipment Failure,Critical,Sales,EMP61594BC8,Jacksonville,2024-11-30 00:00:00,,Pending,Yes
EVT724982AB,Cyber Alert,Normal,Manufacturing,EMP9280EF41,Austin,2024-10-31 00:00:00,,Pending,Yes
EVTEEA9E1DD,Equipment Failure,Critical,Sales,EMP4ED43887,San Antonio,2024-03-07 00:00:00,2024-03-10 00:00:00,Resolved,Yes
EVTA5D585C0,Customer Escalation,Normal,HR,EMP993FFD94,Phoenix,2024-08-31 00:00:00,2024-09-08 00:00:00,Resolved,No
EVT2F6D0B90,Customer Escalation,Warning,HR,EMP0438EA06,Austin,2024-05-04 00:00:00,2024-05-08 00:00:00,Resolved,Yes
EVT63C5A5AF,Vendor Delay,Normal,Manufacturing,EMPF6B5D914,Los Angeles,2024-06-24 00:00:00,2024-07-07 00:00:00,Resolved,No
EVTC2DA97D4,Customer Escalation,Critical,Procurement,EMP5F37E877,Austin,2024-11-06 00:00:00,2024-11-08 00:00:00,Resolved,No
EVT89FB67D7,Customer Escalation,Warning,IT,EMP028D2B3C,Jacksonville,2024-11-20 00:00:00,,Pending,No
EVT39C7F44E,Purchase Request,Normal,Marketing,EMP50A11B42,San Jose,2024-01-03 00:00:00,2024-01-10 00:00:00,Resolved,Yes
EVT5FE730F1,Customer Escalation,Warning,IT,EMPA65DCB7B,Chicago,2024-06-18 00:00:00,2024-06-24 00:00:00,Resolved,No
EVT5D62EF90,Vendor Delay,Critical,Manufacturing,EMPEF15EAE8,San Jose,2024-11-26 00:00:00,2024-11-27 00:00:00,Resolved,No
EVTA0AFB489,Equipment Failure,Normal,Sales,EMPB994A18F,Los Angeles,2024-01-26 00:00:00,2024-02-09 00:00:00,Resolved,No
EVT2964710D,Vendor Delay,Critical,Quality,EMP049AC7BB,Austin,2024-05-26 00:00:00,2024-05-29 00:00:00,Resolved,No
EVT5D194851,Power Outage,Warning,HR,EMPFD87C5C3,Chicago,2024-09-06 00:00:00,,Pending,No
EVT5E05131A,Compliance Issue,Warning,Procurement,EMPF6DBAFD3,Chicago,2024-07-31 00:00:00,,Pending,No
EVTF133F916,Employee Injury,Critical,Manufacturing,EMP00A330DE,San Diego,2024-06-17 00:00:00,2024-06-20 00:00:00,Escalated,Yes
EVT6B059B53,Customer Escalation,Warning,IT,EMP0092ACD6,San Antonio,2024-09-23 00:00:00,2024-09-26 00:00:00,Resolved,No
EVT56E08646,Cyber Alert,Normal,IT,EMP75D5D61B,San Jose,2024-10-10 00:00:00,2024-10-22 00:00:00,Resolved,Yes
EVTA3E4625D,Vendor Delay,Critical,Operations,EMP9E034D1D,New York,2024-11-28 00:00:00,2024-11-30 00:00:00,Resolved,No
EVT9CFF764E,Machine Breakdown,Warning,Sales,EMP204CACF2,New York,2024-11-19 00:00:00,,Pending,No
EVT1A38A6E8,Vendor Delay,Warning,Marketing,EMPB8B87B0E,Dallas,2024-11-15 00:00:00,2024-11-20 00:00:00,Resolved,No
EVT75381EE6,Inventory Shortage,Critical,Marketing,EMPE409F4CC,Philadelphia,2024-04-29 00:00:00,2024-05-01 00:00:00,Resolved,No
EVTBDECDD7C,Machine Breakdown,Warning,Logistics,EMPE04065D1,Phoenix,2024-07-28 00:00:00,2024-08-03 00:00:00,Resolved,No
EVT0496AA48,Cyber Alert,Warning,HR,EMP3A95914B,Austin,2024-07-01 00:00:00,,Pending,No
EVTF092F577,Power Outage,Critical,Marketing,EMP3706726F,New York,2024-10-10 00:00:00,,Pending,Yes
EVTFB986F08,Cyber Alert,Warning,Operations,EMP97DC0985,Austin,2024-06-21 00:00:00,2024-06-28 00:00:00,Resolved,No
EVTC9D85025,Vendor Delay,Warning,Manufacturing,EMP5B9BDAEB,Los Angeles,2024-07-30 00:00:00,,Pending,Yes
EVT5E02BE0A,Equipment Failure,Critical,Finance,EMP5284537A,Jacksonville,2024-12-01 00:00:00,,Pending,No
EVT8FA8D20A,Purchase Request,Normal,Finance,EMP86E1FCEA,Austin,2024-10-28 00:00:00,2024-11-06 00:00:00,Resolved,Yes
EVT200C1467,Machine Breakdown,Normal,Marketing,EMP67214702,New York,2024-04-01 00:00:00,2024-04-09 00:00:00,Resolved,No
EVTF252DD8F,Machine Breakdown,Normal,Finance,EMPEB0BC1EB,Chicago,2024-03-07 00:00:00,2024-03-19 00:00:00,Escalated,No
EVT657A2284,Purchase Request,Normal,Quality,EMP25FA2A87,New York,2024-08-25 00:00:00,,Pending,Yes
EVTA64A0C77,Vendor Delay,Warning,HR,EMP82BA546F,Austin,2024-09-16 00:00:00,2024-09-21 00:00:00,Resolved,No
EVT2033CE52,Compliance Issue,Warning,Logistics,EMPE24CA532,Philadelphia,2024-01-16 00:00:00,2024-01-20 00:00:00,Resolved,No
EVTF49576BD,Purchase Request,Normal,Manufacturing,EMP92E275EE,Phoenix,2024-04-01 00:00:00,2024-04-12 00:00:00,Resolved,Yes
EVT4122E659,Purchase Request,Normal,Manufacturing,EMP5B1CC51D,New York,2024-12-08 00:00:00,2024-12-19 00:00:00,Resolved,Yes
EVTA9059BBF,Compliance Issue,Normal,Quality,EMP5AA008F7,Jacksonville,2024-07-17 00:00:00,2024-07-30 00:00:00,Resolved,Yes
EVTEA1E9248,Power Outage,Critical,HR,EMPCC56ADE8,San Jose,2024-07-15 00:00:00,2024-07-16 00:00:00,Resolved,Yes
EVT6E7459C2,Compliance Issue,Normal,Sales,EMP0111985A,Austin,2024-08-14 00:00:00,2024-08-22 00:00:00,Resolved,No
EVTB7E5781A,Power Outage,Warning,Marketing,EMPFDEE0D9E,San Jose,2024-02-18 00:00:00,2024-02-23 00:00:00,Resolved,No
EVTADD86A0A,Machine Breakdown,Normal,Finance,EMP09752C4E,Austin,2024-08-04 00:00:00,2024-08-19 00:00:00,Resolved,No
EVT26F2CBC5,Vendor Delay,Normal,Marketing,EMP354545C3,Austin,2024-08-19 00:00:00,2024-09-03 00:00:00,Resolved,Yes
EVT7DA17571,Purchase Request,Normal,Quality,EMP5A50360B,San Diego,2024-05-02 00:00:00,2024-05-15 00:00:00,Resolved,No
EVTBCB8AD53,Power Outage,Warning,IT,EMP5D8876EF,Houston,2024-02-27 00:00:00,2024-03-04 00:00:00,Resolved,No
EVTA5EF09D5,Compliance Issue,Warning,Procurement,EMPB83C1A4D,San Antonio,2024-08-01 00:00:00,2024-08-04 00:00:00,Resolved,No
EVTD98ED97E,Customer Escalation,Critical,IT,EMP150CF8D0,Jacksonville,2024-12-04 00:00:00,,Pending,No
EVT8D24FC4C,Power Outage,Warning,HR,EMP5C4FA6FB,Los Angeles,2024-12-10 00:00:00,2024-12-13 00:00:00,Resolved,No
EVTBD4114B6,Compliance Issue,Warning,Procurement,EMPCD02E359,San Jose,2024-03-11 00:00:00,,Pending,No
EVT4A83AB27,Machine Breakdown,Critical,Operations,EMP0E77EDE9,Houston,2024-03-14 00:00:00,2024-03-15 00:00:00,Resolved,Yes
EVT9B58D147,Compliance Issue,Critical,Finance,EMP0526CFDC,Chicago,2024-07-27 00:00:00,2024-07-29 00:00:00,Resolved,Yes
EVT874B88F8,Machine Breakdown,Warning,Manufacturing,EMP7F9FCD2C,San Jose,2024-01-21 00:00:00,2024-01-27 00:00:00,Resolved,Yes
EVTD09B542A,Purchase Request,Normal,HR,EMP9FE6707A,Chicago,2024-08-25 00:00:00,2024-09-03 00:00:00,Resolved,No
EVT7E6FB24F,Machine Breakdown,Critical,Marketing,EMP5BA1CEB5,San Diego,2024-07-13 00:00:00,,Pending,No
EVT415A1B08,Machine Breakdown,Critical,HR,EMP846ADA23,Philadelphia,2024-11-28 00:00:00,2024-11-29 00:00:00,Resolved,Yes
EVT433798F5,Equipment Failure,Warning,Finance,EMPFD330CC3,Jacksonville,2024-09-15 00:00:00,2024-09-19 00:00:00,Resolved,Yes
EVT69B891C9,Purchase Request,Normal,Manufacturing,EMPD1E64C45,Los Angeles,2024-02-07 00:00:00,,Pending,No
EVTC0043395,Inventory Shortage,Warning,Sales,EMP5F083F94,San Jose,2024-06-03 00:00:00,,Pending,No
EVTB3C8FDEF,Inventory Shortage,Normal,Marketing,EMPDF6CA94D,San Diego,2024-02-13 00:00:00,2024-02-26 00:00:00,Resolved,Yes
EVT070B9D6A,Compliance Issue,Critical,Marketing,EMPAC11F100,Chicago,2024-10-26 00:00:00,2024-10-27 00:00:00,Escalated,No
EVT2C006089,Customer Escalation,Normal,HR,EMP76A17AD6,San Jose,2024-03-15 00:00:00,2024-03-23 00:00:00,Resolved,No
EVTFAB82867,Inventory Shortage,Critical,Operations,EMPF5EF60D5,Austin,2024-06-30 00:00:00,2024-07-03 00:00:00,Resolved,Yes
EVTC4E63A48,Inventory Shortage,Warning,Manufacturing,EMP65E02CCC,Chicago,2024-08-13 00:00:00,2024-08-17 00:00:00,Resolved,Yes
EVTD42546AD,Employee Injury,Warning,Quality,EMP61EA49AE,Phoenix,2024-03-26 00:00:00,,Pending,No
EVT9FD2B2B0,Purchase Request,Normal,Marketing,EMPC1A4CC72,Chicago,2024-07-22 00:00:00,,Pending,No
EVT45488D83,Inventory Shortage,Normal,Manufacturing,EMP31BBA140,Chicago,2024-07-01 00:00:00,2024-07-14 00:00:00,Resolved,No
EVTAEDDA505,Employee Injury,Critical,Manufacturing,EMP01F9BD4B,Los Angeles,2024-05-31 00:00:00,2024-06-02 00:00:00,Resolved,No
EVTFE0AE868,Employee Injury,Warning,HR,EMP190E7B63,San Diego,2024-02-08 00:00:00,2024-02-11 00:00:00,Resolved,No
EVT295BA373,Compliance Issue,Warning,Manufacturing,EMP0214BD6F,Chicago,2024-01-06 00:00:00,2024-01-09 00:00:00,Resolved,Yes
EVT8E9B89C5,Equipment Failure,Critical,Marketing,EMP38AE7623,Los Angeles,2024-10-09 00:00:00,2024-10-11 00:00:00,Resolved,Yes
EVT8688C5BD,Purchase Request,Normal,Operations,EMPE9F25A0B,Phoenix,2024-03-17 00:00:00,,Pending,No
EVTDAC8E3E5,Equipment Failure,Critical,Finance,EMPC9D1F8CA,Philadelphia,2024-12-11 00:00:00,2024-12-13 00:00:00,Resolved,No
EVT40CEA921,Equipment Failure,Warning,Marketing,EMP7269BF95,Los Angeles,2024-02-13 00:00:00,2024-02-20 00:00:00,Resolved,Yes
EVT018EAC03,Customer Escalation,Warning,Marketing,EMPD137733A,San Jose,2024-07-15 00:00:00,2024-07-22 00:00:00,Escalated,Yes
EVT7F5B1437,Machine Breakdown,Critical,Operations,EMP00394380,New York,2024-12-26 00:00:00,2024-12-27 00:00:00,Resolved,Yes
EVT93D9EFAC,Machine Breakdown,Warning,HR,EMP48661F49,San Antonio,2024-03-22 00:00:00,2024-03-28 00:00:00,Escalated,No
EVT71FE2C88,Power Outage,Critical,IT,EMP9492A6DA,New York,2024-05-26 00:00:00,,Pending,No
EVTDC19617F,Inventory Shortage,Normal,Finance,EMP0A9767AE,Phoenix,2024-03-03 00:00:00,2024-03-14 00:00:00,Resolved,No
EVT310AAD57,Cyber Alert,Warning,Logistics,EMP6A06E7A8,Phoenix,2024-04-09 00:00:00,,Pending,Yes
EVT5198F410,Customer Escalation,Warning,Logistics,EMPC5A28CDA,Phoenix,2024-01-30 00:00:00,,Pending,Yes
EVT6F8FC1D3,Power Outage,Critical,Manufacturing,EMP6C49B9E6,Jacksonville,2024-02-05 00:00:00,2024-02-08 00:00:00,Resolved,No
EVT5C49F706,Vendor Delay,Normal,Procurement,EMPA35DC3AE,Philadelphia,2024-12-28 00:00:00,2025-01-08 00:00:00,Resolved,No
EVT56218185,Power Outage,Critical,Manufacturing,EMPF2C291F4,New York,2024-09-18 00:00:00,2024-09-19 00:00:00,Resolved,Yes
EVT7B4702C4,Employee Injury,Critical,IT,EMPC0424DA5,Los Angeles,2024-04-28 00:00:00,2024-04-30 00:00:00,Resolved,No
EVTDAEAC267,Vendor Delay,Critical,Operations,EMPC9A06970,San Jose,2024-08-03 00:00:00,2024-08-05 00:00:00,Resolved,Yes
EVT2DC46DAE,Inventory Shortage,Critical,Manufacturing,EMPCB774043,Los Angeles,2024-07-03 00:00:00,2024-07-06 00:00:00,Resolved,No
EVTBAF4E4DB,Equipment Failure,Normal,Procurement,EMP9D16EE3A,Chicago,2024-04-25 00:00:00,2024-05-07 00:00:00,Resolved,No
EVTE020C3A0,Machine Breakdown,Warning,Marketing,EMPD1E64C45,Austin,2024-07-14 00:00:00,2024-07-21 00:00:00,Resolved,Yes
EVT473D92B3,Cyber Alert,Warning,Finance,EMPC07DA49A,San Antonio,2024-09-25 00:00:00,2024-10-01 00:00:00,Resolved,Yes
EVT258BCF82,Equipment Failure,Warning,Quality,EMP260B60E4,New York,2024-08-05 00:00:00,2024-08-11 00:00:00,Resolved,No
EVT9E5C94DE,Compliance Issue,Critical,Finance,EMP04A455C2,San Jose,2024-02-07 00:00:00,,Pending,No
EVTB52F63C3,Customer Escalation,Normal,IT,EMP0A072C81,San Jose,2024-09-27 00:00:00,2024-10-07 00:00:00,Resolved,No
EVT9256C9C5,Compliance Issue,Normal,Finance,EMP6FD16E58,New York,2024-04-22 00:00:00,2024-04-30 00:00:00,Resolved,Yes
EVTCE005311,Cyber Alert,Critical,Procurement,EMP1850108A,Austin,2024-10-31 00:00:00,2024-11-02 00:00:00,Resolved,No
EVTA8044F10,Power Outage,Critical,Sales,EMP48A71D66,Dallas,2024-02-13 00:00:00,2024-02-15 00:00:00,Resolved,No
EVT3531F1E8,Inventory Shortage,Normal,IT,EMP3B8FC045,Chicago,2024-07-20 00:00:00,2024-08-01 00:00:00,Resolved,No
EVTCB23A4DF,Cyber Alert,Warning,Procurement,EMP4CA1F793,Chicago,2024-08-28 00:00:00,2024-09-02 00:00:00,Resolved,No
EVT39E9013C,Vendor Delay,Warning,Marketing,EMP0986CE7D,San Jose,2024-09-30 00:00:00,2024-10-03 00:00:00,Resolved,Yes
EVTC16F9F33,Vendor Delay,Normal,Logistics,EMPC7D59EFD,Phoenix,2024-05-04 00:00:00,2024-05-18 00:00:00,Resolved,Yes
EVTEBC85180,Vendor Delay,Critical,IT,EMP396547E5,New York,2024-03-20 00:00:00,2024-03-22 00:00:00,Resolved,No
EVTC344D490,Machine Breakdown,Critical,Sales,EMP4FD2B89E,New York,2024-03-25 00:00:00,,Pending,No
EVT85842B23,Equipment Failure,Critical,Logistics,EMPF01228B6,New York,2024-12-19 00:00:00,2024-12-20 00:00:00,Resolved,No
EVTC10F186A,Customer Escalation,Warning,Logistics,EMP5A702D31,Austin,2024-09-13 00:00:00,,Pending,No
EVTD58A1929,Customer Escalation,Normal,Finance,EMP6CF71A0D,Dallas,2024-02-07 00:00:00,2024-02-17 00:00:00,Resolved,Yes
EVT0C0EFEEB,Purchase Request,Critical,Finance,EMP9FC51148,Houston,2024-10-14 00:00:00,2024-10-15 00:00:00,Resolved,No
EVT09F1A16A,Purchase Request,Normal,Manufacturing,EMPAC510CA3,Jacksonville,2024-02-05 00:00:00,2024-02-15 00:00:00,Resolved,Yes
EVT108C20DE,Employee Injury,Warning,HR,EMPBF9FE92F,Phoenix,2024-04-22 00:00:00,2024-04-28 00:00:00,Resolved,Yes
EVT54DF7BB9,Equipment Failure,Warning,Operations,EMPBD81AF29,San Diego,2024-09-22 00:00:00,2024-09-25 00:00:00,Resolved,No
EVTC8EBFE82,Machine Breakdown,Warning,IT,EMP6C2ADBC5,Jacksonville,2024-01-10 00:00:00,2024-01-17 00:00:00,Resolved,No
EVT1EF58869,Compliance Issue,Normal,Finance,EMP1E2C8E09,Houston,2024-10-01 00:00:00,2024-10-16 00:00:00,Resolved,Yes
EVT3600F433,Equipment Failure,Critical,Sales,EMP60352967,Los Angeles,2024-03-18 00:00:00,,Pending,No
EVT62297276,Equipment Failure,Critical,Sales,EMP6CBC2F00,San Antonio,2024-05-25 00:00:00,2024-05-28 00:00:00,Resolved,Yes
EVT9BFB5C1A,Cyber Alert,Critical,Sales,EMPC20E5ADA,San Diego,2024-09-26 00:00:00,2024-09-28 00:00:00,Resolved,No
EVTE17685E0,Compliance Issue,Warning,Operations,EMP7DA3EBA9,Dallas,2024-03-04 00:00:00,,Pending,Yes
EVTAE5D2B78,Power Outage,Critical,HR,EMP31D1F4EE,Philadelphia,2024-08-28 00:00:00,,Pending,Yes
EVT4F12C8AB,Purchase Request,Normal,Logistics,EMPEA54016E,San Diego,2024-04-25 00:00:00,2024-05-10 00:00:00,Resolved,No
EVTD2F99B5C,Customer Escalation,Critical,Marketing,EMP77E902AD,Austin,2024-08-18 00:00:00,2024-08-19 00:00:00,Resolved,No
EVTECB5B636,Customer Escalation,Warning,Procurement,EMPF82B43F7,Chicago,2024-08-25 00:00:00,2024-08-31 00:00:00,Resolved,No
EVT6E971D0F,Customer Escalation,Normal,Sales,EMP936888FD,San Jose,2024-05-15 00:00:00,,Pending,No
EVT6A47B9FA,Power Outage,Critical,Manufacturing,EMP974A1286,San Diego,2024-08-30 00:00:00,,Pending,No
EVT0CF3A626,Purchase Request,Normal,IT,EMP9C99DF9A,Los Angeles,2024-06-12 00:00:00,,Pending,No
EVT51BF6B40,Machine Breakdown,Warning,IT,EMP57A973F0,Philadelphia,2024-04-05 00:00:00,,Pending,No
EVTE925CB49,Power Outage,Critical,IT,EMP4B27070E,Austin,2024-05-21 00:00:00,2024-05-23 00:00:00,Resolved,No
EVT5648AEFC,Power Outage,Warning,HR,EMP643CD40C,San Jose,2024-11-16 00:00:00,,Pending,No
EVTCC9C4256,Purchase Request,Normal,HR,EMP63F12FE9,Austin,2024-08-18 00:00:00,,Pending,No
EVT300204AD,Inventory Shortage,Normal,Quality,EMP008CED2A,Jacksonville,2024-03-08 00:00:00,2024-03-19 00:00:00,Resolved,Yes
EVTFD7FE7AC,Customer Escalation,Warning,Sales,EMPF19402AA,Jacksonville,2024-09-16 00:00:00,,Pending,No
EVT31FBFC69,Compliance Issue,Normal,Operations,EMP2C3245A5,Jacksonville,2024-07-03 00:00:00,2024-07-12 00:00:00,Resolved,No
EVTD001DBC1,Power Outage,Critical,Quality,EMP8E2B1E24,Los Angeles,2024-07-17 00:00:00,,Pending,Yes
EVT025B2DF3,Equipment Failure,Critical,Marketing,EMP805F9A51,San Diego,2024-06-15 00:00:00,,Pending,Yes
EVT4BC77DB8,Equipment Failure,Critical,Sales,EMPC286395F,Houston,2024-12-31 00:00:00,2025-01-02 00:00:00,Resolved,Yes
EVTC74A04E1,Employee Injury,Critical,Logistics,EMP4D2DA740,San Jose,2024-01-18 00:00:00,,Pending,No
EVT4E4ADD59,Inventory Shortage,Normal,IT,EMPB0F12015,Phoenix,2024-03-28 00:00:00,2024-04-05 00:00:00,Resolved,No
EVT5ACE2F1C,Customer Escalation,Normal,Procurement,EMP40501EF9,Houston,2024-12-20 00:00:00,2025-01-01 00:00:00,Resolved,No
EVTAC3B1D3C,Employee Injury,Warning,Sales,EMPE13D5555,Phoenix,2024-04-25 00:00:00,2024-04-30 00:00:00,Resolved,No
EVTC752AD5F,Vendor Delay,Warning,Quality,EMP4395F3C6,Austin,2024-05-22 00:00:00,2024-05-25 00:00:00,Resolved,No
EVTD53B4293,Cyber Alert,Critical,Operations,EMPDE9A1FC7,Jacksonville,2024-04-22 00:00:00,2024-04-24 00:00:00,Resolved,No
EVT439C07AC,Power Outage,Warning,Manufacturing,EMPD22D3E7F,Jacksonville,2024-12-22 00:00:00,2024-12-27 00:00:00,Escalated,No
EVT8391EBEE,Inventory Shortage,Warning,HR,EMPC34958A3,San Antonio,2024-03-16 00:00:00,,Pending,Yes
EVT0BB64C52,Compliance Issue,Warning,Logistics,EMPCEBCBA12,Austin,2024-10-19 00:00:00,,Pending,Yes
EVT86E964AE,Vendor Delay,Normal,Sales,EMPB83C1A4D,New York,2024-06-13 00:00:00,,Pending,Yes
EVTFB56C550,Compliance Issue,Critical,IT,EMP631615DF,Los Angeles,2024-09-14 00:00:00,2024-09-17 00:00:00,Resolved,No
EVT13F3CFDF,Customer Escalation,Critical,Procurement,EMP0D1E5C81,Chicago,2024-08-16 00:00:00,2024-08-19 00:00:00,Resolved,No
EVT48271F54,Inventory Shortage,Warning,Procurement,EMPE400A9EF,San Jose,2024-10-13 00:00:00,2024-10-17 00:00:00,Resolved,No
EVT1A0E3C56,Inventory Shortage,Critical,Logistics,EMPC1B38571,Jacksonville,2024-05-17 00:00:00,,Pending,No
EVT321468B7,Purchase Request,Normal,Procurement,EMPC441E743,San Antonio,2024-08-25 00:00:00,,Pending,No
EVTEA1C92EB,Cyber Alert,Critical,Marketing,EMP9E16913C,Chicago,2024-10-25 00:00:00,2024-10-27 00:00:00,Resolved,Yes
EVT546AA2B4,Compliance Issue,Warning,Manufacturing,EMP8AEF60EE,Philadelphia,2024-12-31 00:00:00,,Pending,No
EVT577F987D,Cyber Alert,Warning,Finance,EMPB89309D6,Dallas,2024-07-25 00:00:00,2024-07-31 00:00:00,Resolved,No
EVTF6E1BA21,Employee Injury,Critical,Quality,EMPDF3B133C,Los Angeles,2024-02-10 00:00:00,2024-02-11 00:00:00,Resolved,Yes
EVTA52D81FE,Employee Injury,Critical,Quality,EMP1B133798,Phoenix,2024-09-18 00:00:00,2024-09-19 00:00:00,Resolved,No
EVT696F79D5,Compliance Issue,Normal,HR,EMPE55320A6,Philadelphia,2024-04-02 00:00:00,2024-04-14 00:00:00,Resolved,Yes
EVT079B1638,Power Outage,Critical,Operations,EMP34ED1493,Los Angeles,2024-12-19 00:00:00,,Pending,No
EVT56861793,Power Outage,Warning,HR,EMP180F79E5,Austin,2024-01-06 00:00:00,2024-01-13 00:00:00,Resolved,No
EVT73409857,Customer Escalation,Warning,Sales,EMPF5ED01D4,Los Angeles,2024-03-25 00:00:00,2024-03-29 00:00:00,Resolved,No
EVT1B0C59B0,Employee Injury,Critical,Quality,EMPA1EF5E73,Houston,2024-10-18 00:00:00,2024-10-19 00:00:00,Resolved,Yes
EVTD89F206F,Machine Breakdown,Critical,Logistics,EMP2AF82228,Houston,2024-06-22 00:00:00,2024-06-25 00:00:00,Resolved,No
EVTEF333FF1,Compliance Issue,Critical,IT,EMP3B7628E4,Phoenix,2024-10-23 00:00:00,2024-10-25 00:00:00,Resolved,No
EVT33AD1E7C,Inventory Shortage,Normal,Procurement,EMPE675D1DD,San Jose,2024-08-30 00:00:00,2024-09-11 00:00:00,Resolved,Yes
EVTCD62B593,Purchase Request,Normal,Marketing,EMP2D0ADB6B,Austin,2024-03-13 00:00:00,2024-03-20 00:00:00,Resolved,Yes
EVT2DB4E2F0,Compliance Issue,Critical,Procurement,EMP0C2F2220,San Antonio,2024-07-18 00:00:00,2024-07-19 00:00:00,Resolved,No
EVT95F57A45,Power Outage,Critical,Logistics,EMP44BD1C4F,Phoenix,2024-04-15 00:00:00,2024-04-17 00:00:00,Resolved,No
EVT0D4B9049,Purchase Request,Normal,Operations,EMP7C04D65A,Los Angeles,2024-08-13 00:00:00,2024-08-26 00:00:00,Escalated,Yes
EVT0BC63E8A,Compliance Issue,Normal,Quality,EMPB94C1793,Los Angeles,2024-02-12 00:00:00,2024-02-21 00:00:00,Resolved,Yes
EVTC832D432,Customer Escalation,Warning,Sales,EMP6682C619,Austin,2024-03-14 00:00:00,2024-03-21 00:00:00,Escalated,No
EVT535AF272,Compliance Issue,Warning,Finance,EMP63B677FD,Dallas,2024-08-08 00:00:00,2024-08-13 00:00:00,Resolved,Yes
EVT97148134,Compliance Issue,Critical,Logistics,EMP8E760F3F,New York,2024-01-17 00:00:00,2024-01-19 00:00:00,Resolved,No
EVTCF5BC23C,Inventory Shortage,Warning,Finance,EMPFCA6C053,Austin,2024-04-23 00:00:00,2024-04-30 00:00:00,Resolved,No
EVTC77AC814,Cyber Alert,Warning,Finance,EMP409D3428,San Diego,2024-05-20 00:00:00,,Pending,No
EVT0ACE380F,Vendor Delay,Critical,IT,EMP6C1DE399,Dallas,2024-10-17 00:00:00,2024-10-18 00:00:00,Resolved,No
EVTA3390C39,Compliance Issue,Warning,Sales,EMPE5063390,Dallas,2024-06-28 00:00:00,2024-07-05 00:00:00,Resolved,Yes
EVT74607627,Equipment Failure,Critical,Sales,EMP494A32EC,Austin,2024-08-07 00:00:00,2024-08-10 00:00:00,Resolved,Yes
EVTB8BA8727,Equipment Failure,Critical,Procurement,EMP51FDEFA9,New York,2024-12-02 00:00:00,2024-12-03 00:00:00,Resolved,No
EVT3CC728C7,Inventory Shortage,Warning,Finance,EMP8C854843,Jacksonville,2024-06-18 00:00:00,2024-06-21 00:00:00,Resolved,No
EVTF3DF200C,Inventory Shortage,Normal,Operations,EMPA3176260,New York,2024-05-18 00:00:00,2024-05-26 00:00:00,Resolved,No
EVT76A4C971,Power Outage,Warning,IT,EMP8684FBFE,San Antonio,2024-07-21 00:00:00,2024-07-28 00:00:00,Resolved,No
EVTEF543BCC,Inventory Shortage,Warning,Finance,EMPAB2D46A5,Dallas,2024-10-24 00:00:00,2024-10-28 00:00:00,Resolved,No
EVT0596D33F,Employee Injury,Warning,Sales,EMP3C8CB6C5,Chicago,2024-12-02 00:00:00,2024-12-09 00:00:00,Escalated,No
EVTFA9F441A,Machine Breakdown,Critical,IT,EMPE63349B8,San Jose,2024-01-25 00:00:00,2024-01-27 00:00:00,Resolved,Yes
EVT9C8FB205,Cyber Alert,Normal,Manufacturing,EMP867008F3,San Diego,2024-03-23 00:00:00,,Pending,Yes
EVT45EFA950,Customer Escalation,Critical,Procurement,EMP8EAEFC35,Jacksonville,2024-08-09 00:00:00,2024-08-11 00:00:00,Resolved,No
EVTF9A1DD86,Purchase Request,Warning,IT,EMPAE140FE7,Los Angeles,2024-10-02 00:00:00,2024-10-08 00:00:00,Resolved,Yes
EVT2E7C37FA,Vendor Delay,Warning,HR,EMP24F89C96,New York,2024-03-01 00:00:00,2024-03-05 00:00:00,Resolved,No
EVT35465B2D,Employee Injury,Critical,IT,EMP3A2CD130,Phoenix,2024-08-31 00:00:00,2024-09-03 00:00:00,Resolved,Yes
EVT76B517E7,Machine Breakdown,Warning,IT,EMP96C4C64B,San Diego,2024-02-25 00:00:00,2024-03-02 00:00:00,Resolved,Yes
EVT3791D67F,Employee Injury,Normal,Manufacturing,EMP41641DBD,Chicago,2024-03-16 00:00:00,2024-03-24 00:00:00,Resolved,No
EVT0B34747F,Purchase Request,Normal,Manufacturing,EMPD0DF6581,San Diego,2024-08-03 00:00:00,2024-08-10 00:00:00,Resolved,No
EVT3D5C3CE2,Equipment Failure,Warning,Marketing,EMP73383EAD,Chicago,2024-11-01 00:00:00,2024-11-07 00:00:00,Resolved,No
EVTA32C8F80,Purchase Request,Normal,Finance,EMPF85B6A40,Phoenix,2024-12-12 00:00:00,,Pending,No
EVTA01B941B,Purchase Request,Warning,Sales,EMPEE94AC9A,Los Angeles,2024-01-24 00:00:00,,Pending,Yes
EVTFB062093,Machine Breakdown,Normal,Quality,EMP4C108F06,Los Angeles,2024-11-20 00:00:00,,Pending,No
EVT9EEA2157,Employee Injury,Warning,IT,EMP8823D8BE,New York,2024-03-25 00:00:00,2024-04-01 00:00:00,Resolved,No
EVT752CC3AE,Vendor Delay,Warning,Finance,EMPF76D69DD,Austin,2024-11-01 00:00:00,2024-11-08 00:00:00,Resolved,No
EVT681AC2FB,Compliance Issue,Critical,Finance,EMP759AECDC,Austin,2024-06-08 00:00:00,2024-06-09 00:00:00,Resolved,No
EVTB7BDBBCE,Purchase Request,Normal,Marketing,EMP549D2A1D,Dallas,2024-04-29 00:00:00,2024-05-06 00:00:00,Resolved,No
EVT6CF0A5B9,Equipment Failure,Critical,IT,EMPB5B0C19D,San Antonio,2024-05-06 00:00:00,,Pending,Yes
EVT44BB8E39,Purchase Request,Normal,Sales,EMP6BB7C49E,Houston,2024-10-05 00:00:00,,Pending,Yes
EVTE90C1023,Machine Breakdown,Critical,Sales,EMPD1A4272A,Philadelphia,2024-07-24 00:00:00,2024-07-26 00:00:00,Resolved,No
EVT1CD47EAA,Power Outage,Warning,Logistics,EMP9949F84D,San Antonio,2024-01-20 00:00:00,2024-01-26 00:00:00,Resolved,No
EVT7E541AA8,Employee Injury,Critical,IT,EMP36683429,San Jose,2024-03-02 00:00:00,2024-03-05 00:00:00,Resolved,No
EVTB1DA6A68,Employee Injury,Warning,Logistics,EMP90CA1D64,San Jose,2024-11-29 00:00:00,2024-12-03 00:00:00,Resolved,No
EVTC3BCF768,Purchase Request,Warning,Manufacturing,EMP7B8F4F5E,San Antonio,2024-12-17 00:00:00,2024-12-20 00:00:00,Resolved,No
EVTD6F20609,Power Outage,Warning,Operations,EMP5F7287C4,Austin,2024-10-16 00:00:00,2024-10-22 00:00:00,Resolved,No
EVT2FDAC450,Customer Escalation,Normal,Logistics,EMP2039BF60,Austin,2024-06-22 00:00:00,,Pending,Yes
EVT8C7B7AF7,Power Outage,Warning,Logistics,EMPCC3D941C,Los Angeles,2024-06-18 00:00:00,2024-06-24 00:00:00,Resolved,Yes
EVT0426EA8B,Cyber Alert,Warning,Marketing,EMP8887CB29,New York,2024-07-29 00:00:00,,Pending,No
EVTD97CF196,Inventory Shortage,Warning,HR,EMP6AC7604E,Chicago,2024-12-23 00:00:00,2024-12-26 00:00:00,Resolved,No
EVT50240713,Purchase Request,Warning,Procurement,EMPC441E743,Dallas,2024-12-29 00:00:00,,Pending,No
EVTC9C3CA0D,Power Outage,Critical,Quality,EMPAD6E8EE9,Austin,2024-09-04 00:00:00,2024-09-05 00:00:00,Escalated,Yes
EVT1C6FBE25,Vendor Delay,Critical,Operations,EMP44CD0B97,Houston,2024-06-15 00:00:00,2024-06-17 00:00:00,Resolved,No
EVT4F9A1B16,Customer Escalation,Warning,Sales,EMPA7DA4858,San Antonio,2024-04-26 00:00:00,,Pending,No
EVT39A12C71,Equipment Failure,Critical,Operations,EMP2D0C4745,San Antonio,2024-12-24 00:00:00,,Pending,Yes
EVT7D800143,Equipment Failure,Critical,HR,EMPB6EC34CF,San Antonio,2024-09-03 00:00:00,2024-09-04 00:00:00,Resolved,No
EVTEEC1C210,Power Outage,Critical,IT,EMPCB43BB8E,Houston,2024-01-25 00:00:00,2024-01-28 00:00:00,Resolved,Yes
EVT33F09D24,Equipment Failure,Warning,Manufacturing,EMPB425AE35,Houston,2024-07-20 00:00:00,2024-07-26 00:00:00,Resolved,Yes
EVT4BC8E5D5,Customer Escalation,Warning,Sales,EMP51484E7F,Phoenix,2024-02-08 00:00:00,2024-02-15 00:00:00,Escalated,No
EVTA0851479,Customer Escalation,Normal,HR,EMPA321E31C,Chicago,2024-04-28 00:00:00,,Pending,No
EVT3E4EE628,Vendor Delay,Warning,Sales,EMP3699AE6D,Jacksonville,2024-09-22 00:00:00,,Pending,Yes
EVT8ABACC03,Customer Escalation,Normal,Logistics,EMP37D925E6,Jacksonville,2024-03-09 00:00:00,2024-03-21 00:00:00,Resolved,No
EVT7E8D1B1B,Cyber Alert,Normal,Manufacturing,EMPFFCC5248,Dallas,2024-02-09 00:00:00,,Pending,No
EVTDE0586C5,Power Outage,Critical,Logistics,EMP9C8B2561,Los Angeles,2024-02-13 00:00:00,2024-02-15 00:00:00,Resolved,No
EVT8AC71B13,Cyber Alert,Critical,Manufacturing,EMP8589E46D,Austin,2024-02-09 00:00:00,2024-02-10 00:00:00,Resolved,No
EVTBB49BF24,Power Outage,Warning,Quality,EMP004C96E0,Austin,2024-03-04 00:00:00,2024-03-10 00:00:00,Resolved,No
EVTF461ABF4,Equipment Failure,Warning,HR,EMPCF21E39E,San Jose,2024-05-27 00:00:00,2024-06-03 00:00:00,Resolved,No
EVTDABFCAC7,Power Outage,Warning,IT,EMPC3CD87EE,Los Angeles,2024-12-17 00:00:00,2024-12-21 00:00:00,Escalated,Yes
EVTFDA0B800,Power Outage,Critical,Finance,EMPBD74825D,Phoenix,2024-04-28 00:00:00,2024-04-30 00:00:00,Resolved,No
EVT4A91EDEE,Vendor Delay,Warning,IT,EMPA9BDB081,San Jose,2024-11-03 00:00:00,,Pending,No
EVT1154A88B,Employee Injury,Warning,Finance,EMP1C66FCAC,Austin,2024-06-25 00:00:00,2024-06-30 00:00:00,Resolved,No
EVT47623B1B,Equipment Failure,Critical,Sales,EMPCF490C88,Philadelphia,2024-09-06 00:00:00,2024-09-08 00:00:00,Resolved,Yes
EVT3D151746,Purchase Request,Normal,IT,EMP36566636,San Antonio,2024-08-26 00:00:00,2024-09-08 00:00:00,Resolved,No
EVT2B0A92C0,Cyber Alert,Warning,Operations,EMP1580C139,New York,2024-02-10 00:00:00,2024-02-15 00:00:00,Resolved,Yes
EVTC1349BD7,Inventory Shortage,Critical,IT,EMP0292DB80,San Diego,2024-11-14 00:00:00,2024-11-15 00:00:00,Resolved,Yes
EVT029441E1,Power Outage,Critical,Operations,EMP33E8A1BF,Los Angeles,2024-12-31 00:00:00,2025-01-03 00:00:00,Resolved,No
EVTD13EB38B,Compliance Issue,Normal,Operations,EMPB53132C6,Jacksonville,2024-04-11 00:00:00,2024-04-22 00:00:00,Resolved,Yes
EVTA2D38533,Equipment Failure,Warning,Marketing,EMP109F01A6,Jacksonville,2024-12-12 00:00:00,2024-12-15 00:00:00,Resolved,No
EVT0CBB45CE,Vendor Delay,Critical,Marketing,EMP1958235C,San Antonio,2024-12-07 00:00:00,2024-12-08 00:00:00,Escalated,No
EVT903BE43B,Power Outage,Warning,IT,EMP9EBD3914,San Diego,2024-08-21 00:00:00,2024-08-25 00:00:00,Resolved,No
EVT2B61AF9A,Machine Breakdown,Critical,HR,EMPE6CB1418,Houston,2024-02-01 00:00:00,2024-02-02 00:00:00,Escalated,Yes
EVT7E3D6E1F,Cyber Alert,Critical,Manufacturing,EMP72E2D8E2,Houston,2024-11-25 00:00:00,2024-11-27 00:00:00,Resolved,Yes
EVT24A0494B,Purchase Request,Normal,Marketing,EMP07631EFF,San Jose,2024-04-24 00:00:00,2024-05-09 00:00:00,Resolved,No
EVTEC386091,Equipment Failure,Warning,Sales,EMP6CF7A8FA,Jacksonville,2024-03-14 00:00:00,2024-03-19 00:00:00,Resolved,No
EVT3B1C26B7,Vendor Delay,Warning,Marketing,EMPF95CF4EF,Austin,2024-12-16 00:00:00,,Pending,No
EVT02CAD506,Machine Breakdown,Warning,HR,EMP37FDD894,Jacksonville,2024-04-01 00:00:00,2024-04-04 00:00:00,Resolved,No
EVTBDEA145F,Compliance Issue,Normal,Manufacturing,EMP0ADA200E,Austin,2024-02-23 00:00:00,2024-03-04 00:00:00,Resolved,Yes
EVTCAC856F2,Cyber Alert,Critical,Quality,EMPC23B5B19,Jacksonville,2024-08-22 00:00:00,,Pending,No
EVTC3401A38,Cyber Alert,Warning,Manufacturing,EMP0E126784,Dallas,2024-03-18 00:00:00,2024-03-21 00:00:00,Resolved,Yes
EVTEE39C34F,Vendor Delay,Warning,Quality,EMP83C0C839,Dallas,2024-01-12 00:00:00,2024-01-16 00:00:00,Resolved,No
EVT3D01AA48,Purchase Request,Normal,Finance,EMP1BED656A,Phoenix,2024-12-16 00:00:00,,Pending,No
EVTEA7782BB,Compliance Issue,Warning,Marketing,EMPAB83ABE4,San Antonio,2024-06-16 00:00:00,2024-06-20 00:00:00,Resolved,Yes
EVT907F4A25,Inventory Shortage,Warning,Logistics,EMP89A85E03,Los Angeles,2024-04-15 00:00:00,2024-04-18 00:00:00,Resolved,No
EVTF0849656,Power Outage,Critical,Quality,EMP3981D198,Chicago,2024-04-10 00:00:00,2024-04-12 00:00:00,Resolved,Yes
EVT0AA7696E,Machine Breakdown,Critical,Logistics,EMP8C60FAA8,Philadelphia,2024-01-17 00:00:00,,Pending,Yes
EVT01FBF598,Machine Breakdown,Warning,Operations,EMP2D22DD44,Philadelphia,2024-05-30 00:00:00,2024-06-02 00:00:00,Resolved,Yes
EVTF10E640E,Power Outage,Critical,Sales,EMP46F0BE7D,San Diego,2024-08-26 00:00:00,2024-08-29 00:00:00,Resolved,No
EVT4E74D5AD,Equipment Failure,Normal,IT,EMP4ACEA115,Houston,2024-10-03 00:00:00,2024-10-10 00:00:00,Resolved,No
EVT2E83E82C,Purchase Request,Normal,IT,EMP709C732D,San Diego,2024-10-12 00:00:00,2024-10-22 00:00:00,Resolved,No
EVT72A93C16,Power Outage,Critical,Logistics,EMP89F55CE6,Austin,2024-04-28 00:00:00,2024-04-29 00:00:00,Escalated,No
EVTF5351FDB,Purchase Request,Normal,Marketing,EMP3FCA7BBC,Phoenix,2024-02-05 00:00:00,2024-02-12 00:00:00,Resolved,No
EVT4EE70CE9,Compliance Issue,Warning,Operations,EMPB8496859,San Antonio,2024-12-18 00:00:00,,Pending,No
EVTB4BB78C9,Purchase Request,Normal,HR,EMP961E0595,San Jose,2024-12-21 00:00:00,2024-12-30 00:00:00,Resolved,Yes
EVTB0A38CCA,Equipment Failure,Normal,Operations,EMPA6D471F0,Austin,2024-02-22 00:00:00,,Pending,Yes
EVTB2A439F4,Compliance Issue,Warning,Manufacturing,EMP3541D204,Philadelphia,2024-08-25 00:00:00,,Pending,No
EVT547CCEE3,Equipment Failure,Critical,Finance,EMPD5D49870,Dallas,2024-12-27 00:00:00,,Pending,Yes
EVT530C8702,Purchase Request,Normal,Quality,EMPBDBC23AB,Dallas,2024-12-19 00:00:00,2025-01-03 00:00:00,Resolved,No
EVT0AB286AE,Cyber Alert,Critical,Sales,EMPA91464FC,Phoenix,2024-07-07 00:00:00,2024-07-09 00:00:00,Resolved,No
EVT6123FB6D,Vendor Delay,Normal,Finance,EMP9C8B2561,Los Angeles,2024-03-21 00:00:00,2024-04-05 00:00:00,Resolved,No
EVTC073E93C,Vendor Delay,Normal,Logistics,EMP0ABCA7D1,Phoenix,2024-04-09 00:00:00,,Pending,No
EVT103B173A,Vendor Delay,Critical,Quality,EMP6F780089,Phoenix,2024-05-05 00:00:00,2024-05-08 00:00:00,Resolved,No
EVT0F9C8C26,Cyber Alert,Warning,Procurement,EMPB291CB59,Phoenix,2024-04-08 00:00:00,2024-04-15 00:00:00,Resolved,No
EVT0432207D,Employee Injury,Critical,Operations,EMPF7A03A22,Houston,2024-03-14 00:00:00,,Pending,Yes
EVTCF4D2241,Power Outage,Warning,Operations,EMP764B64AB,San Jose,2024-12-13 00:00:00,2024-12-17 00:00:00,Resolved,Yes
EVT02F38DEC,Employee Injury,Critical,Quality,EMPD3765EB4,Philadelphia,2024-08-24 00:00:00,2024-08-26 00:00:00,Resolved,Yes
EVTDFA51BF5,Cyber Alert,Critical,Sales,EMP1C839343,Houston,2024-08-13 00:00:00,2024-08-16 00:00:00,Resolved,No
EVTC51E5D57,Vendor Delay,Critical,Procurement,EMP2120A53B,Philadelphia,2024-07-01 00:00:00,2024-07-04 00:00:00,Resolved,No
EVTDF64936F,Cyber Alert,Normal,Manufacturing,EMPF680A0DA,Jacksonville,2024-08-10 00:00:00,2024-08-18 00:00:00,Resolved,No
EVT51D833E1,Inventory Shortage,Normal,Procurement,EMP0F9656C9,Dallas,2024-08-05 00:00:00,,Pending,Yes
EVT3A427A59,Inventory Shortage,Warning,IT,EMPDD6A4A43,Austin,2024-07-03 00:00:00,2024-07-06 00:00:00,Resolved,No
EVT5B761D3E,Cyber Alert,Warning,Operations,EMPA6105E51,Chicago,2024-10-12 00:00:00,2024-10-18 00:00:00,Resolved,No
EVT8AD70E5C,Machine Breakdown,Warning,IT,EMP04C300F1,New York,2024-07-28 00:00:00,2024-07-31 00:00:00,Resolved,No
EVTC4684593,Purchase Request,Normal,Logistics,EMP6D050E8D,San Antonio,2024-11-17 00:00:00,2024-11-24 00:00:00,Resolved,No
EVT8D0A9293,Power Outage,Critical,Procurement,EMP74C2A4D5,New York,2024-04-10 00:00:00,,Pending,Yes
EVT08C4753C,Customer Escalation,Warning,Finance,EMP7ABD82A5,Austin,2024-05-15 00:00:00,2024-05-22 00:00:00,Resolved,No
EVTE5A6EE80,Inventory Shortage,Warning,Quality,EMP75731889,San Diego,2024-09-14 00:00:00,,Pending,No
EVT69E3B84A,Employee Injury,Critical,Procurement,EMP6F9F2725,San Antonio,2024-02-06 00:00:00,2024-02-09 00:00:00,Resolved,Yes
EVTED9A28DC,Inventory Shortage,Normal,Marketing,EMPA55FECE7,Austin,2024-06-27 00:00:00,,Pending,Yes
EVT66BA765D,Employee Injury,Critical,Procurement,EMP820B31E0,Houston,2024-12-23 00:00:00,,Pending,No
EVT1429F14A,Inventory Shortage,Warning,Sales,EMP0402A363,Los Angeles,2024-12-09 00:00:00,2024-12-16 00:00:00,Escalated,No
EVTE1FD0800,Cyber Alert,Critical,Sales,EMP15F253A5,New York,2024-09-10 00:00:00,2024-09-12 00:00:00,Resolved,Yes
EVTE4A753E7,Machine Breakdown,Warning,Logistics,EMPA0F28C6D,New York,2024-03-08 00:00:00,2024-03-11 00:00:00,Resolved,No
EVT82017977,Machine Breakdown,Warning,Sales,EMP9F4DD54F,Los Angeles,2024-07-01 00:00:00,,Pending,No
EVTDD0FB6FD,Power Outage,Critical,Procurement,EMP788AA13E,San Jose,2024-12-04 00:00:00,2024-12-05 00:00:00,Resolved,No
EVTA7F343E1,Cyber Alert,Normal,Sales,EMP24585E9B,Houston,2024-01-04 00:00:00,2024-01-16 00:00:00,Resolved,No
EVT5D7F528E,Vendor Delay,Critical,HR,EMP6F0230E4,Chicago,2024-05-18 00:00:00,2024-05-21 00:00:00,Resolved,Yes
EVT1D541C3B,Power Outage,Critical,IT,EMPC67CB7C6,Jacksonville,2024-03-17 00:00:00,2024-03-18 00:00:00,Resolved,No
EVTC06C6C15,Inventory Shortage,Normal,HR,EMPB783416C,San Diego,2024-10-08 00:00:00,2024-10-15 00:00:00,Resolved,No
EVT03401171,Machine Breakdown,Normal,Operations,EMP3EC6F5BF,Houston,2024-11-05 00:00:00,2024-11-14 00:00:00,Resolved,No
EVT51C03BFA,Vendor Delay,Warning,Logistics,EMP2ACA2C1E,Chicago,2024-01-05 00:00:00,2024-01-09 00:00:00,Resolved,Yes
EVTA2CF43E9,Customer Escalation,Warning,Procurement,EMP1A9EA4EC,Chicago,2024-08-07 00:00:00,2024-08-10 00:00:00,Resolved,No
EVTAA328359,Compliance Issue,Critical,Procurement,EMP4D9A10A9,San Antonio,2024-11-14 00:00:00,2024-11-15 00:00:00,Resolved,No
EVTB5314B27,Cyber Alert,Normal,Marketing,EMP5C7E9CCA,San Diego,2024-09-14 00:00:00,,Pending,Yes
EVTFA50D094,Purchase Request,Normal,IT,EMP6052C9DC,Houston,2024-04-01 00:00:00,2024-04-13 00:00:00,Resolved,No
EVT4045ECAA,Purchase Request,Critical,HR,EMP6A5E9F65,Houston,2024-04-08 00:00:00,2024-04-09 00:00:00,Resolved,No
EVT0E61D095,Purchase Request,Warning,HR,EMP0316C178,New York,2024-11-07 00:00:00,2024-11-13 00:00:00,Resolved,No
EVT39457F91,Cyber Alert,Critical,IT,EMP17CC6283,Houston,2024-12-24 00:00:00,2024-12-25 00:00:00,Resolved,No
EVT5C450180,Equipment Failure,Warning,Manufacturing,EMP8A26B8A2,San Jose,2024-08-31 00:00:00,2024-09-06 00:00:00,Resolved,No
EVTF977360A,Machine Breakdown,Normal,HR,EMP86F5BECD,Jacksonville,2024-08-13 00:00:00,,Pending,No
EVTFC580636,Inventory Shortage,Normal,IT,EMPC7F25B83,San Diego,2024-12-30 00:00:00,,Pending,Yes
EVTA0AA62C8,Customer Escalation,Critical,Operations,EMP50C23D5D,Phoenix,2024-01-25 00:00:00,,Pending,No
EVT606D1405,Cyber Alert,Normal,Logistics,EMP7C143294,New York,2024-09-23 00:00:00,2024-10-04 00:00:00,Resolved,No
EVTBF5E26EE,Employee Injury,Warning,Logistics,EMPEC17BBC0,Chicago,2024-10-02 00:00:00,2024-10-07 00:00:00,Resolved,No
EVT6B1D4FB4,Machine Breakdown,Normal,Logistics,EMP0B78FBB3,San Jose,2024-06-29 00:00:00,2024-07-06 00:00:00,Resolved,Yes
EVT2D9E804C,Machine Breakdown,Warning,Operations,EMP87F861A1,Philadelphia,2024-10-09 00:00:00,2024-10-16 00:00:00,Resolved,No
EVTF6887D18,Customer Escalation,Normal,Procurement,EMPFBB5C257,San Jose,2024-10-18 00:00:00,2024-11-02 00:00:00,Resolved,No
EVTA3F5181A,Customer Escalation,Warning,Procurement,EMP9607B5CD,Dallas,2024-07-30 00:00:00,2024-08-03 00:00:00,Resolved,Yes
EVT78DAEE2B,Compliance Issue,Warning,IT,EMP841ECF28,San Antonio,2024-12-06 00:00:00,2024-12-13 00:00:00,Resolved,No
EVTD2072349,Purchase Request,Warning,IT,EMP9BDF41DD,Dallas,2024-09-18 00:00:00,2024-09-22 00:00:00,Resolved,Yes
EVT83FEE10B,Power Outage,Critical,Sales,EMP9EAC99E9,New York,2024-05-23 00:00:00,,Pending,Yes
EVTC9E85076,Vendor Delay,Normal,Procurement,EMPE74CB660,Jacksonville,2024-12-19 00:00:00,,Pending,No
EVT96E49C51,Power Outage,Critical,Procurement,EMP02DFD641,New York,2024-12-25 00:00:00,2024-12-26 00:00:00,Resolved,Yes
EVTABF6F397,Employee Injury,Warning,Sales,EMPD568389A,Phoenix,2024-02-11 00:00:00,2024-02-14 00:00:00,Resolved,Yes
EVTB8D62FA4,Employee Injury,Warning,IT,EMPE949ED5B,Los Angeles,2024-12-30 00:00:00,,Pending,No
EVTAA13C3CF,Vendor Delay,Warning,Quality,EMPB4BCDB40,Chicago,2024-02-05 00:00:00,2024-02-08 00:00:00,Resolved,No
EVT175638B4,Inventory Shortage,Warning,Procurement,EMP05986040,Dallas,2024-07-22 00:00:00,2024-07-26 00:00:00,Resolved,No
EVT5CC332B3,Compliance Issue,Critical,Marketing,EMP384D38A6,Chicago,2024-10-29 00:00:00,2024-10-31 00:00:00,Resolved,No
EVT062D130B,Inventory Shortage,Warning,Operations,EMPFEFC641F,Chicago,2024-11-16 00:00:00,2024-11-20 00:00:00,Resolved,Yes
EVT4E5B6A90,Compliance Issue,Warning,HR,EMPA0D3C331,Los Angeles,2024-03-28 00:00:00,,Pending,No
EVTF6DC57B0,Inventory Shortage,Critical,Marketing,EMPBEED9B0E,Philadelphia,2024-05-27 00:00:00,2024-05-29 00:00:00,Resolved,No
EVT3A25637F,Vendor Delay,Critical,HR,EMPA9A79E4C,Chicago,2024-12-30 00:00:00,2024-12-31 00:00:00,Resolved,No
EVTBF25488F,Employee Injury,Critical,Marketing,EMP3D9B27E9,Jacksonville,2024-03-07 00:00:00,2024-03-10 00:00:00,Resolved,No
EVT5B299C02,Cyber Alert,Normal,Finance,EMP2CC196D2,San Diego,2024-10-16 00:00:00,2024-10-30 00:00:00,Resolved,No
EVT4F3E4D7E,Purchase Request,Normal,Marketing,EMPD11D35BF,Phoenix,2024-06-15 00:00:00,2024-06-28 00:00:00,Resolved,No
EVTEE257E6F,Compliance Issue,Warning,HR,EMPEDF0D12B,Phoenix,2024-07-06 00:00:00,2024-07-10 00:00:00,Resolved,Yes
EVT8E3CF2F4,Compliance Issue,Warning,Finance,EMP6FB0EF71,Jacksonville,2024-01-31 00:00:00,2024-02-06 00:00:00,Resolved,No
EVTC7E927BF,Employee Injury,Critical,Marketing,EMPF7D88201,New York,2024-02-16 00:00:00,2024-02-19 00:00:00,Resolved,No
EVTDCD5F196,Customer Escalation,Warning,Logistics,EMP57758E7C,Philadelphia,2024-01-30 00:00:00,,Pending,Yes
EVTD37D5AC3,Customer Escalation,Normal,IT,EMP063E46CC,San Jose,2024-12-08 00:00:00,,Pending,No
EVT15C6E70B,Employee Injury,Critical,Finance,EMPCF8F8DEC,Austin,2024-08-23 00:00:00,2024-08-26 00:00:00,Resolved,No
EVTAA926686,Purchase Request,Normal,Sales,EMP5D342D65,Dallas,2024-03-10 00:00:00,2024-03-20 00:00:00,Escalated,No
EVTE7709847,Equipment Failure,Critical,IT,EMP9D16EE3A,Philadelphia,2024-07-12 00:00:00,2024-07-13 00:00:00,Resolved,No
EVTDF0AD043,Compliance Issue,Warning,Finance,EMP04A455C2,Houston,2024-10-16 00:00:00,2024-10-23 00:00:00,Resolved,No
EVT5E8AE4CD,Purchase Request,Normal,Procurement,EMP09E310EC,Dallas,2024-02-08 00:00:00,2024-02-16 00:00:00,Resolved,No
EVT2BD8EF23,Purchase Request,Normal,Finance,EMP79F17FF2,Philadelphia,2024-04-27 00:00:00,2024-05-10 00:00:00,Resolved,Yes
EVTCFAB26DD,Equipment Failure,Critical,Manufacturing,EMP88ED0812,Austin,2024-01-29 00:00:00,2024-01-30 00:00:00,Resolved,Yes
EVT581A47D0,Vendor Delay,Warning,Finance,EMP7DCEC446,Phoenix,2024-02-02 00:00:00,2024-02-09 00:00:00,Resolved,Yes
EVT113BB4DF,Cyber Alert,Critical,IT,EMP72C64BAD,San Antonio,2024-07-18 00:00:00,2024-07-20 00:00:00,Resolved,No
EVTD0AD11B4,Employee Injury,Critical,Sales,EMPF41B7414,Los Angeles,2024-04-01 00:00:00,2024-04-04 00:00:00,Resolved,No
EVT10BF8C8C,Machine Breakdown,Warning,Marketing,EMP2EEE2DF4,Philadelphia,2024-10-26 00:00:00,2024-10-30 00:00:00,Resolved,No
EVT5A450240,Cyber Alert,Warning,Marketing,EMP663F91D5,San Diego,2024-06-06 00:00:00,2024-06-13 00:00:00,Resolved,No
EVTBE349A13,Power Outage,Critical,HR,EMP164064F5,Phoenix,2024-09-14 00:00:00,2024-09-15 00:00:00,Resolved,Yes
EVT82F4DA9F,Purchase Request,Normal,Quality,EMPE877DA63,Jacksonville,2024-11-14 00:00:00,,Pending,No
EVT7A33E6FB,Compliance Issue,Warning,Quality,EMP574B24BC,San Jose,2024-12-07 00:00:00,2024-12-12 00:00:00,Resolved,Yes
EVT2E011651,Purchase Request,Warning,Marketing,EMP381C5180,San Jose,2024-10-18 00:00:00,2024-10-21 00:00:00,Resolved,Yes
EVT8688BCAC,Cyber Alert,Warning,Logistics,EMP312D231C,Los Angeles,2024-02-01 00:00:00,2024-02-06 00:00:00,Resolved,No
EVT2BFFAE52,Vendor Delay,Critical,HR,EMP209F0AE8,Jacksonville,2024-02-18 00:00:00,,Pending,Yes
EVT8939EF0A,Purchase Request,Normal,Logistics,EMP9BF1EEBB,San Diego,2024-09-29 00:00:00,,Pending,No
EVT0ADE1249,Employee Injury,Critical,Manufacturing,EMPA73DB33A,Austin,2024-09-05 00:00:00,2024-09-06 00:00:00,Resolved,No
EVT87CEFC0F,Purchase Request,Warning,IT,EMPCFD7DB2B,Dallas,2024-09-05 00:00:00,,Pending,No
EVT42504E61,Purchase Request,Normal,Finance,EMPAA9612DC,Dallas,2024-07-14 00:00:00,2024-07-23 00:00:00,Resolved,No
EVT7414A1A0,Cyber Alert,Critical,Manufacturing,EMPD8045700,Austin,2024-11-29 00:00:00,2024-12-01 00:00:00,Resolved,Yes
EVT9E68311E,Customer Escalation,Warning,Marketing,EMPA0409A94,Phoenix,2024-08-02 00:00:00,2024-08-07 00:00:00,Resolved,No
EVTC1FCC06C,Customer Escalation,Warning,Operations,EMP8D3017D5,Phoenix,2024-07-25 00:00:00,2024-07-28 00:00:00,Resolved,No
EVTC90A5D88,Equipment Failure,Critical,Finance,EMPCC8B2899,Los Angeles,2024-12-04 00:00:00,2024-12-05 00:00:00,Resolved,No
EVTD94DE12A,Compliance Issue,Warning,IT,EMP50F22172,San Diego,2024-12-19 00:00:00,2024-12-26 00:00:00,Resolved,No
EVT5F664DBF,Compliance Issue,Critical,Finance,EMP08B5EB6D,Dallas,2024-01-02 00:00:00,2024-01-04 00:00:00,Resolved,Yes
EVTB5021595,Customer Escalation,Normal,Marketing,EMPC91C17F1,San Diego,2024-01-01 00:00:00,2024-01-16 00:00:00,Resolved,No
EVT76577604,Power Outage,Critical,Marketing,EMP99C441E6,Phoenix,2024-06-25 00:00:00,2024-06-28 00:00:00,Resolved,No
EVT2DC9B5FA,Equipment Failure,Warning,Finance,EMP8B5F6C54,San Jose,2024-06-01 00:00:00,2024-06-08 00:00:00,Resolved,Yes
EVTAF7862DB,Power Outage,Critical,Operations,EMPF11AE6FE,New York,2024-06-02 00:00:00,2024-06-04 00:00:00,Resolved,No
EVT12BB8405,Machine Breakdown,Critical,Sales,EMPE5D6AC58,San Antonio,2024-12-05 00:00:00,2024-12-08 00:00:00,Resolved,No
EVTA2196317,Cyber Alert,Critical,Marketing,EMPD75CCBC1,San Jose,2024-02-10 00:00:00,2024-02-11 00:00:00,Resolved,No
EVT8A2F81AC,Cyber Alert,Critical,Sales,EMP8F542C68,Austin,2024-01-28 00:00:00,,Pending,No
EVT5990C30F,Machine Breakdown,Critical,Marketing,EMP0C3F3AFF,Philadelphia,2024-01-02 00:00:00,,Pending,No
EVT8B1D604C,Inventory Shortage,Critical,Procurement,EMP32C4EF81,New York,2024-02-11 00:00:00,2024-02-12 00:00:00,Escalated,Yes
EVT8596A778,Equipment Failure,Critical,Manufacturing,EMPD568389A,Dallas,2024-04-18 00:00:00,2024-04-21 00:00:00,Resolved,No
EVT74BCBBEA,Equipment Failure,Critical,HR,EMPB772B27C,San Diego,2024-04-30 00:00:00,,Pending,Yes
EVT3A645ABB,Cyber Alert,Warning,Procurement,EMPB175F3B4,Phoenix,2024-11-16 00:00:00,2024-11-23 00:00:00,Resolved,No
EVT0D34F501,Vendor Delay,Normal,Marketing,EMPDFBAA21B,Austin,2024-11-05 00:00:00,,Pending,Yes
EVT488C6C0B,Cyber Alert,Critical,Sales,EMP963C75D1,San Antonio,2024-04-07 00:00:00,,Pending,No
EVT9F4D8235,Cyber Alert,Critical,Sales,EMPE9E4D2DA,Jacksonville,2024-06-05 00:00:00,2024-06-06 00:00:00,Resolved,Yes
EVT0EA06E59,Vendor Delay,Normal,Procurement,EMPFE72EFC7,San Antonio,2024-07-13 00:00:00,2024-07-21 00:00:00,Resolved,No
EVT84F37A0E,Purchase Request,Normal,Manufacturing,EMP768098FC,Jacksonville,2024-08-08 00:00:00,2024-08-23 00:00:00,Resolved,Yes
EVTD6514A51,Compliance Issue,Critical,Procurement,EMPB4348823,Philadelphia,2024-03-22 00:00:00,2024-03-25 00:00:00,Resolved,No
EVT3935B3C6,Compliance Issue,Critical,Marketing,EMPCBD9C55D,Phoenix,2024-12-04 00:00:00,2024-12-06 00:00:00,Resolved,No
EVTB995FB05,Purchase Request,Normal,Operations,EMPC85ED30B,San Antonio,2024-12-28 00:00:00,2025-01-11 00:00:00,Resolved,No
EVTF8F6813B,Employee Injury,Warning,Finance,EMP74BBF06C,San Jose,2024-04-25 00:00:00,,Pending,No
EVT5670430A,Equipment Failure,Critical,HR,EMP66A3F456,Los Angeles,2024-09-30 00:00:00,2024-10-02 00:00:00,Resolved,No
EVT0DE07005,Employee Injury,Critical,Manufacturing,EMP6B62CDB9,Chicago,2024-05-12 00:00:00,,Pending,No
EVT72D785B4,Equipment Failure,Critical,Operations,EMP0211FB47,San Jose,2024-07-18 00:00:00,2024-07-20 00:00:00,Escalated,Yes
EVT2AFEE454,Equipment Failure,Warning,Manufacturing,EMP9873C5F4,Los Angeles,2024-06-06 00:00:00,,Pending,No
EVT7C9FF795,Equipment Failure,Warning,Sales,EMP5C2CB17D,Chicago,2024-02-15 00:00:00,2024-02-18 00:00:00,Escalated,Yes
EVT790749F4,Equipment Failure,Critical,Sales,EMP0A77E6AA,New York,2024-06-21 00:00:00,,Pending,No
EVT989DF4BC,Inventory Shortage,Warning,Procurement,EMP90829CD7,Philadelphia,2024-05-25 00:00:00,2024-05-31 00:00:00,Resolved,No
EVTC27705B8,Compliance Issue,Warning,Marketing,EMPADA355C8,Jacksonville,2024-04-17 00:00:00,2024-04-20 00:00:00,Resolved,No
EVTF6D47625,Employee Injury,Critical,IT,EMP6AB7A89A,Los Angeles,2024-08-12 00:00:00,,Pending,Yes
EVTE1F8D476,Vendor Delay,Warning,HR,EMPB6614F64,Houston,2024-05-22 00:00:00,2024-05-29 00:00:00,Resolved,No
EVTCDE6CCB8,Compliance Issue,Critical,Logistics,EMP36D1E4AC,Phoenix,2024-01-19 00:00:00,2024-01-22 00:00:00,Resolved,No
EVT50F8E447,Power Outage,Normal,Logistics,EMP825F0D3B,San Diego,2024-02-23 00:00:00,2024-03-07 00:00:00,Resolved,No
EVT8B30617E,Power Outage,Critical,IT,EMP063B07A9,Philadelphia,2024-04-10 00:00:00,,Pending,No
EVT7634ABEF,Compliance Issue,Critical,Sales,EMP3A155F57,New York,2024-03-15 00:00:00,,Pending,No
EVT11A411EE,Purchase Request,Normal,Procurement,EMP192CD285,Jacksonville,2024-08-10 00:00:00,,Pending,Yes
EVTB81B1524,Equipment Failure,Critical,Operations,EMP3FCA7BBC,Austin,2024-12-07 00:00:00,2024-12-09 00:00:00,Resolved,No
EVTA380AD28,Compliance Issue,Normal,Logistics,EMP7FA86F91,Philadelphia,2024-07-08 00:00:00,2024-07-18 00:00:00,Resolved,No
EVT631911B3,Customer Escalation,Normal,Marketing,EMP3AF33EFD,San Diego,2024-12-26 00:00:00,2025-01-04 00:00:00,Resolved,No
EVT69CD7222,Vendor Delay,Normal,Quality,EMP7270985E,Philadelphia,2024-01-06 00:00:00,,Pending,Yes
EVTCE2D62E2,Machine Breakdown,Normal,Sales,EMP2F0CBA86,San Jose,2024-08-27 00:00:00,2024-09-07 00:00:00,Resolved,Yes
EVTDDFD74C8,Customer Escalation,Warning,Finance,EMP170E30ED,Houston,2024-07-14 00:00:00,2024-07-18 00:00:00,Escalated,No
EVT89A55455,Equipment Failure,Critical,Operations,EMP832BB70B,Jacksonville,2024-02-04 00:00:00,,Pending,Yes
EVT7B66725B,Equipment Failure,Critical,Sales,EMPD3942255,Jacksonville,2024-06-22 00:00:00,2024-06-23 00:00:00,Resolved,No
EVT3E0CAE2A,Equipment Failure,Critical,Finance,EMPD6FEFB86,San Jose,2024-12-31 00:00:00,,Pending,No
EVTDC8EFF53,Vendor Delay,Critical,HR,EMP993F5EC4,San Antonio,2024-10-30 00:00:00,,Pending,No
EVT56DD2553,Machine Breakdown,Critical,Manufacturing,EMP679A22F8,San Antonio,2024-02-26 00:00:00,,Pending,Yes
EVTDB5CCB16,Compliance Issue,Warning,Manufacturing,EMP1D713037,Philadelphia,2024-11-07 00:00:00,2024-11-11 00:00:00,Resolved,No
EVT01DA5A64,Purchase Request,Critical,Procurement,EMP00BE755D,Dallas,2024-12-02 00:00:00,2024-12-05 00:00:00,Resolved,Yes
EVT0D448F85,Vendor Delay,Warning,Quality,EMP277755DF,San Diego,2024-07-26 00:00:00,2024-08-01 00:00:00,Resolved,Yes
EVTF7DA39A1,Machine Breakdown,Critical,Operations,EMP2DC9EB32,Chicago,2024-09-05 00:00:00,2024-09-07 00:00:00,Resolved,No
EVTBB0D4CBC,Vendor Delay,Warning,Manufacturing,EMP85C1ED63,Philadelphia,2024-01-05 00:00:00,2024-01-11 00:00:00,Resolved,No
EVTB9998DBA,Employee Injury,Critical,Manufacturing,EMP07A9412F,Austin,2024-12-31 00:00:00,,Pending,No
EVTE3593891,Equipment Failure,Critical,IT,EMP493FCA6D,Los Angeles,2024-02-08 00:00:00,,Pending,No
EVT57C0CF35,Compliance Issue,Critical,Finance,EMP7C1B4E49,Houston,2024-09-07 00:00:00,2024-09-08 00:00:00,Resolved,No
EVTBDA9626F,Customer Escalation,Normal,Quality,EMP0CFD8A7E,Los Angeles,2024-12-09 00:00:00,2024-12-20 00:00:00,Resolved,Yes
EVTDFAA5FFA,Compliance Issue,Critical,Sales,EMP0F2B4163,New York,2024-12-10 00:00:00,2024-12-13 00:00:00,Resolved,No
EVTCF44DE1E,Power Outage,Critical,Procurement,EMP7C6D7FBA,Jacksonville,2024-11-15 00:00:00,,Pending,No
EVT4CFEA45D,Equipment Failure,Critical,IT,EMPB16AAAC4,Philadelphia,2024-12-20 00:00:00,2024-12-23 00:00:00,Resolved,Yes
EVT98354294,Cyber Alert,Warning,IT,EMP556D0E2B,Chicago,2024-07-30 00:00:00,,Pending,Yes
EVTF1E6C566,Cyber Alert,Critical,Procurement,EMPDFE5AFEA,San Diego,2024-12-26 00:00:00,2024-12-27 00:00:00,Resolved,No
EVT3F330145,Customer Escalation,Normal,Procurement,EMP7ABE0947,Los Angeles,2024-07-19 00:00:00,2024-07-27 00:00:00,Resolved,Yes
EVTF1640785,Compliance Issue,Critical,Logistics,EMP0D0B6441,Philadelphia,2024-08-27 00:00:00,2024-08-30 00:00:00,Resolved,Yes
EVT81E9C0B9,Compliance Issue,Normal,Finance,EMP1B03225E,Chicago,2024-08-10 00:00:00,2024-08-22 00:00:00,Resolved,Yes
EVT26AA478F,Employee Injury,Warning,Quality,EMP4B067C85,Jacksonville,2024-09-05 00:00:00,2024-09-09 00:00:00,Resolved,Yes
EVTE3AFDFAE,Machine Breakdown,Normal,HR,EMP464C665B,Los Angeles,2024-03-31 00:00:00,2024-04-09 00:00:00,Resolved,No
EVTC2F8547C,Vendor Delay,Critical,Quality,EMP1AA79AAA,Jacksonville,2024-01-01 00:00:00,,Pending,No
EVT14B3C9C8,Vendor Delay,Warning,IT,EMP0E027443,Dallas,2024-09-03 00:00:00,2024-09-10 00:00:00,Resolved,No
EVT425BF9B0,Purchase Request,Normal,Quality,EMP32E5B1CA,San Jose,2024-09-26 00:00:00,2024-10-11 00:00:00,Resolved,No
EVTF87F9458,Customer Escalation,Warning,Quality,EMPE1132EF0,Jacksonville,2024-01-26 00:00:00,2024-01-31 00:00:00,Resolved,Yes
EVT8177F304,Machine Breakdown,Warning,Operations,EMP9FD46454,San Antonio,2024-03-07 00:00:00,2024-03-13 00:00:00,Resolved,Yes
EVT0C7CC0CF,Compliance Issue,Normal,Procurement,EMPEB4C5DA8,San Diego,2024-04-03 00:00:00,2024-04-14 00:00:00,Resolved,Yes
EVT92A6D280,Customer Escalation,Critical,IT,EMP65F70A1F,Philadelphia,2024-08-29 00:00:00,,Pending,Yes
EVT429E7906,Employee Injury,Warning,HR,EMP97037F8F,San Antonio,2024-03-31 00:00:00,2024-04-05 00:00:00,Resolved,No
EVT13BC2A01,Purchase Request,Critical,Quality,EMP6CBC2F00,San Jose,2024-03-23 00:00:00,2024-03-24 00:00:00,Resolved,Yes
EVTAED70E8C,Cyber Alert,Warning,Quality,EMP34B83D72,New York,2024-06-02 00:00:00,,Pending,Yes
EVT688733B8,Purchase Request,Normal,Manufacturing,EMP6DAA627C,Dallas,2024-04-11 00:00:00,2024-04-18 00:00:00,Escalated,No
EVT48D30BBD,Inventory Shortage,Warning,IT,EMP6C4E55FC,Phoenix,2024-02-02 00:00:00,,Pending,No
EVT4F99FA28,Vendor Delay,Warning,Manufacturing,EMP5674846E,Austin,2024-10-25 00:00:00,2024-10-28 00:00:00,Resolved,No
EVT51CF7682,Inventory Shortage,Normal,Logistics,EMP65BF998B,Chicago,2024-04-27 00:00:00,,Pending,No
EVT5BB3F065,Equipment Failure,Critical,Quality,EMPA91464FC,Austin,2024-10-27 00:00:00,2024-10-28 00:00:00,Resolved,No
EVT7F2CD900,Customer Escalation,Normal,Logistics,EMPBABD1730,Houston,2024-11-04 00:00:00,2024-11-15 00:00:00,Resolved,No
EVT77F5F460,Machine Breakdown,Normal,HR,EMP9E33FEE0,San Jose,2024-01-16 00:00:00,2024-01-30 00:00:00,Resolved,No
EVT724E45F8,Purchase Request,Normal,Sales,EMPEF11F51B,Austin,2024-08-25 00:00:00,2024-09-02 00:00:00,Escalated,Yes
EVTA512AF61,Customer Escalation,Warning,HR,EMPE13F1699,Jacksonville,2024-08-06 00:00:00,,Pending,Yes
EVT9DAFED69,Customer Escalation,Warning,Quality,EMP2C354ED5,Chicago,2024-07-12 00:00:00,2024-07-15 00:00:00,Resolved,Yes
EVT57508262,Purchase Request,Normal,Manufacturing,EMPBD747160,Jacksonville,2024-06-27 00:00:00,,Pending,No
EVTAB93566E,Purchase Request,Warning,HR,EMPB42824C0,Philadelphia,2024-11-13 00:00:00,2024-11-19 00:00:00,Resolved,Yes
EVT7F63052B,Cyber Alert,Critical,Logistics,EMP5D4B2254,Chicago,2024-08-21 00:00:00,2024-08-24 00:00:00,Escalated,Yes
EVTC1AF5D26,Purchase Request,Normal,Quality,EMP208D7667,Dallas,2024-09-02 00:00:00,2024-09-10 00:00:00,Resolved,No
EVT1D1DF0A5,Vendor Delay,Warning,Operations,EMP2FD8DDF8,Houston,2024-07-15 00:00:00,,Pending,No
EVT1DAC39B7,Equipment Failure,Warning,Manufacturing,EMPC3F6B287,New York,2024-09-17 00:00:00,2024-09-20 00:00:00,Resolved,No
EVT8C82424D,Inventory Shortage,Normal,Quality,EMP523B8382,Jacksonville,2024-07-19 00:00:00,2024-08-03 00:00:00,Resolved,No
EVT8FD280B0,Cyber Alert,Critical,IT,EMP15CDC007,Phoenix,2024-11-08 00:00:00,2024-11-11 00:00:00,Resolved,No
EVTB3D2CD6B,Customer Escalation,Warning,Quality,EMP29486B49,San Jose,2024-07-25 00:00:00,2024-07-30 00:00:00,Resolved,Yes
EVT36874401,Machine Breakdown,Critical,Sales,EMP48609F7A,Jacksonville,2024-05-12 00:00:00,2024-05-14 00:00:00,Resolved,No
EVT776AE709,Equipment Failure,Critical,Finance,EMP9EC40F36,Phoenix,2024-04-24 00:00:00,2024-04-25 00:00:00,Resolved,No
EVT9BEC8A61,Employee Injury,Critical,Manufacturing,EMPF5134C07,Chicago,2024-05-16 00:00:00,2024-05-19 00:00:00,Resolved,No
EVTA5649F67,Inventory Shortage,Warning,Finance,EMPCD882FB3,Philadelphia,2024-02-19 00:00:00,2024-02-24 00:00:00,Resolved,Yes
EVTF8FB0AAC,Cyber Alert,Normal,Operations,EMPD37DB8A8,Dallas,2024-04-16 00:00:00,,Pending,No
EVT4997A069,Customer Escalation,Warning,Manufacturing,EMP4A6933B9,San Jose,2024-08-12 00:00:00,,Pending,Yes
EVTB329E06E,Compliance Issue,Warning,Logistics,EMPAA1F1867,Houston,2024-09-06 00:00:00,,Pending,Yes
EVTECC802D1,Power Outage,Normal,Operations,EMPB772B27C,Dallas,2024-04-06 00:00:00,2024-04-19 00:00:00,Resolved,No
EVT69737EDA,Power Outage,Critical,Procurement,EMPA2D34C2C,Houston,2024-10-08 00:00:00,2024-10-09 00:00:00,Resolved,No
EVT1535FE1D,Employee Injury,Critical,Manufacturing,EMP0528FE22,Los Angeles,2024-12-06 00:00:00,2024-12-09 00:00:00,Resolved,No
EVT5DA1D358,Inventory Shortage,Normal,Finance,EMP2E98A6F5,Austin,2024-01-18 00:00:00,2024-02-02 00:00:00,Resolved,Yes
EVT5099FFD6,Machine Breakdown,Warning,Logistics,EMPB67F09C0,San Diego,2024-09-06 00:00:00,,Pending,No
EVT7F40D0EC,Equipment Failure,Critical,Finance,EMPB19FA37E,Jacksonville,2024-02-23 00:00:00,,Pending,Yes
EVT39DCA708,Customer Escalation,Normal,Logistics,EMP3A504146,San Diego,2024-09-20 00:00:00,2024-09-30 00:00:00,Escalated,Yes
EVT2131BF1A,Customer Escalation,Normal,IT,EMPC312EEE1,Jacksonville,2024-05-14 00:00:00,2024-05-24 00:00:00,Resolved,No
EVT716B4924,Power Outage,Critical,HR,EMPB065701C,San Antonio,2024-05-04 00:00:00,2024-05-07 00:00:00,Resolved,No
EVT167EDCBE,Vendor Delay,Warning,IT,EMPFA1D8198,Chicago,2024-04-04 00:00:00,2024-04-07 00:00:00,Resolved,Yes
EVTDF8C62F4,Customer Escalation,Warning,Logistics,EMP41C83E66,Houston,2024-10-17 00:00:00,2024-10-22 00:00:00,Resolved,No
EVTED152A44,Purchase Request,Warning,Sales,EMP9D3B928A,San Antonio,2024-04-23 00:00:00,,Pending,Yes
EVT257391ED,Equipment Failure,Warning,Quality,EMPB5F1D0F7,Jacksonville,2024-01-08 00:00:00,2024-01-11 00:00:00,Resolved,No
EVTCF696C5E,Power Outage,Critical,Quality,EMPCC6F3466,San Diego,2024-09-02 00:00:00,2024-09-05 00:00:00,Resolved,No
EVT91E5C8EA,Vendor Delay,Critical,Marketing,EMP71C7BD8C,Chicago,2024-03-26 00:00:00,2024-03-29 00:00:00,Resolved,No
EVT87D6F47B,Power Outage,Critical,IT,EMP916AA063,Dallas,2024-01-07 00:00:00,,Pending,Yes
EVT3AE94DFB,Customer Escalation,Warning,Operations,EMP61B2BF34,Dallas,2024-09-02 00:00:00,2024-09-07 00:00:00,Resolved,No
EVT109C80C0,Customer Escalation,Warning,Manufacturing,EMPA63F4E0B,Los Angeles,2024-09-09 00:00:00,2024-09-16 00:00:00,Resolved,No
EVT0CF2D1EF,Compliance Issue,Critical,Marketing,EMP1C5E9904,Houston,2024-10-31 00:00:00,2024-11-01 00:00:00,Resolved,No
EVT8EEE1390,Vendor Delay,Normal,Quality,EMP30591F70,Austin,2024-05-23 00:00:00,,Pending,No
EVT4E55FB79,Cyber Alert,Warning,HR,EMP71060816,Los Angeles,2024-05-12 00:00:00,2024-05-16 00:00:00,Resolved,Yes
EVTF927E7B3,Cyber Alert,Critical,Procurement,EMPE6A39D39,Philadelphia,2024-12-15 00:00:00,2024-12-16 00:00:00,Resolved,No
EVT31CB6572,Vendor Delay,Critical,Finance,EMPFF01E7BE,San Jose,2024-03-31 00:00:00,2024-04-02 00:00:00,Resolved,No
EVT72ABB34E,Power Outage,Warning,Finance,EMP5FAA0B38,San Jose,2024-11-12 00:00:00,2024-11-19 00:00:00,Resolved,Yes
EVT56449568,Equipment Failure,Critical,Manufacturing,EMP7F3281BF,Jacksonville,2024-05-21 00:00:00,2024-05-23 00:00:00,Resolved,Yes
EVTD5E4AEF1,Inventory Shortage,Warning,Quality,EMP96B599BB,New York,2024-05-28 00:00:00,2024-05-31 00:00:00,Resolved,Yes
EVT20AA2BFE,Machine Breakdown,Critical,Logistics,EMPD9151C6C,New York,2024-12-21 00:00:00,2024-12-22 00:00:00,Resolved,No
EVTB1862DB1,Cyber Alert,Warning,Manufacturing,EMP16330C8F,Chicago,2024-01-05 00:00:00,,Pending,No
EVT74AF09EF,Equipment Failure,Normal,Sales,EMP8E4EA93F,Dallas,2024-08-06 00:00:00,2024-08-19 00:00:00,Resolved,No
EVT682F049A,Cyber Alert,Critical,Logistics,EMPFF29764B,San Antonio,2024-06-24 00:00:00,2024-06-27 00:00:00,Resolved,No
EVTB5B48883,Employee Injury,Warning,Logistics,EMP3FA68E61,Chicago,2024-03-21 00:00:00,2024-03-27 00:00:00,Resolved,Yes
EVT9CF13317,Cyber Alert,Critical,Marketing,EMP9DC79E3D,Houston,2024-08-19 00:00:00,2024-08-22 00:00:00,Resolved,Yes
EVTA656621B,Equipment Failure,Critical,Manufacturing,EMP36AE4C04,Austin,2024-08-26 00:00:00,2024-08-29 00:00:00,Resolved,No
EVT09D2B3CD,Compliance Issue,Critical,Finance,EMPB0B9BD9E,Houston,2024-12-01 00:00:00,2024-12-03 00:00:00,Resolved,Yes
EVT136D1AFD,Customer Escalation,Warning,Procurement,EMPCD6B696F,San Diego,2024-04-24 00:00:00,2024-04-29 00:00:00,Resolved,No
EVTAAAF3837,Machine Breakdown,Critical,Manufacturing,EMPB7CD5301,San Diego,2024-06-30 00:00:00,2024-07-01 00:00:00,Resolved,No
EVTF0BEF24E,Equipment Failure,Critical,Finance,EMP2C548064,San Diego,2024-06-17 00:00:00,2024-06-20 00:00:00,Escalated,No
EVT18D3F5ED,Compliance Issue,Critical,HR,EMP491FF63D,Philadelphia,2024-05-06 00:00:00,2024-05-08 00:00:00,Resolved,Yes
EVTDD9E150C,Vendor Delay,Warning,Operations,EMPAD944437,New York,2024-01-17 00:00:00,,Pending,Yes
EVT7AFB89DB,Vendor Delay,Warning,IT,EMP26AA3D97,San Antonio,2024-02-10 00:00:00,2024-02-14 00:00:00,Resolved,No
EVT8D8DD1EB,Inventory Shortage,Normal,HR,EMP9DC87F3D,Phoenix,2024-04-27 00:00:00,2024-05-07 00:00:00,Escalated,Yes
EVTB0E35FD6,Inventory Shortage,Normal,Manufacturing,EMP8F164981,Houston,2024-10-19 00:00:00,,Pending,Yes
EVTA1BFAA34,Customer Escalation,Normal,HR,EMPD23C376B,Jacksonville,2024-07-08 00:00:00,2024-07-17 00:00:00,Resolved,No
EVTEE71EE3D,Customer Escalation,Warning,Marketing,EMP7EA4F331,Chicago,2024-06-22 00:00:00,,Pending,No
EVT8122F4B2,Customer Escalation,Warning,Finance,EMP2AEF7EA2,Dallas,2024-06-29 00:00:00,,Pending,No
EVT3870789E,Vendor Delay,Warning,Logistics,EMP7B86EFFB,Chicago,2024-03-06 00:00:00,2024-03-13 00:00:00,Resolved,No
EVT834AC9BE,Purchase Request,Normal,Sales,EMPF2225AD3,Phoenix,2024-11-18 00:00:00,2024-12-03 00:00:00,Resolved,No
EVT911953C9,Purchase Request,Normal,Finance,EMP1AE40C5C,San Jose,2024-05-17 00:00:00,2024-05-26 00:00:00,Resolved,No
EVTBCB65F67,Customer Escalation,Normal,Logistics,EMP25E160FF,San Diego,2024-05-16 00:00:00,2024-05-30 00:00:00,Resolved,Yes
EVT5AD0FCE5,Compliance Issue,Critical,Logistics,EMP012F48B6,New York,2024-03-05 00:00:00,2024-03-07 00:00:00,Resolved,No
EVT1A984D90,Cyber Alert,Critical,Finance,EMPF9480B1B,San Diego,2024-12-03 00:00:00,2024-12-04 00:00:00,Resolved,No
EVT20558635,Power Outage,Critical,Sales,EMP4C50ECB5,Philadelphia,2024-08-09 00:00:00,2024-08-12 00:00:00,Resolved,Yes
EVTA9B98717,Machine Breakdown,Critical,Finance,EMP6BB11DEB,San Jose,2024-09-01 00:00:00,2024-09-02 00:00:00,Resolved,No
EVT9B6131D9,Employee Injury,Critical,Finance,EMP91EF624D,Dallas,2024-12-12 00:00:00,2024-12-13 00:00:00,Resolved,Yes
EVT7B3E72B0,Power Outage,Critical,Operations,EMP599BC528,Dallas,2024-08-12 00:00:00,,Pending,No
EVTC8751F87,Compliance Issue,Critical,Finance,EMP0B6FC6CD,San Diego,2024-02-09 00:00:00,2024-02-11 00:00:00,Resolved,No
EVTB8FBF5E4,Machine Breakdown,Critical,Sales,EMPB89309D6,Houston,2024-11-08 00:00:00,2024-11-11 00:00:00,Resolved,Yes
EVT60B65164,Employee Injury,Critical,Logistics,EMPE2624F9C,Phoenix,2024-02-18 00:00:00,2024-02-20 00:00:00,Resolved,No
EVT43DC3E3E,Inventory Shortage,Normal,Marketing,EMPBCC5E0D2,Dallas,2024-06-03 00:00:00,2024-06-17 00:00:00,Resolved,No
EVT157F72CD,Vendor Delay,Normal,Operations,EMPA4BA39D1,Houston,2024-10-23 00:00:00,,Pending,Yes
EVTB79603B5,Purchase Request,Warning,Quality,EMP2FA63269,San Diego,2024-02-07 00:00:00,,Pending,Yes
EVT0421EB16,Equipment Failure,Critical,Marketing,EMPD2EFE97E,Jacksonville,2024-08-21 00:00:00,2024-08-23 00:00:00,Resolved,Yes
EVTD13E4E62,Inventory Shortage,Critical,Marketing,EMP57758E7C,Los Angeles,2024-02-15 00:00:00,2024-02-16 00:00:00,Resolved,No
EVTE4FDCC7F,Inventory Shortage,Warning,Quality,EMP07689E56,Dallas,2024-08-31 00:00:00,2024-09-03 00:00:00,Escalated,No
EVTFA824E8F,Employee Injury,Critical,Sales,EMPBD756A91,San Diego,2024-01-24 00:00:00,2024-01-25 00:00:00,Resolved,Yes
EVT96A38993,Inventory Shortage,Normal,Marketing,EMP0D432417,Chicago,2024-06-09 00:00:00,2024-06-22 00:00:00,Resolved,Yes
EVTB4756B86,Machine Breakdown,Warning,Procurement,EMPE51818D4,Jacksonville,2024-12-27 00:00:00,2025-01-02 00:00:00,Resolved,No
EVTBD23AF0F,Vendor Delay,Warning,Manufacturing,EMP55051FEB,San Antonio,2024-06-28 00:00:00,2024-07-01 00:00:00,Resolved,No
EVTC1281AC6,Equipment Failure,Normal,IT,EMP2715270F,Los Angeles,2024-09-08 00:00:00,2024-09-21 00:00:00,Escalated,No
EVT62E00199,Power Outage,Critical,IT,EMPA8871244,San Jose,2024-06-24 00:00:00,,Pending,Yes
EVT00A72509,Cyber Alert,Critical,Procurement,EMPCC91367C,Jacksonville,2024-10-19 00:00:00,,Pending,Yes
EVT6B933D30,Power Outage,Critical,Finance,EMP982E1219,San Diego,2024-08-20 00:00:00,2024-08-21 00:00:00,Resolved,No
EVT37D2208E,Purchase Request,Warning,IT,EMPC70ABE11,San Jose,2024-06-13 00:00:00,2024-06-17 00:00:00,Resolved,Yes
EVT3CCED065,Equipment Failure,Critical,Operations,EMP8F4ECD2C,Austin,2024-08-27 00:00:00,2024-08-28 00:00:00,Resolved,Yes
EVTE9FCC71D,Employee Injury,Critical,IT,EMP65BF998B,Los Angeles,2024-10-07 00:00:00,2024-10-08 00:00:00,Resolved,Yes
EVTD8347D95,Employee Injury,Normal,Manufacturing,EMPD9E2CB21,Austin,2024-11-06 00:00:00,2024-11-19 00:00:00,Resolved,No
EVT601A534F,Employee Injury,Warning,Marketing,EMPBABD1730,Philadelphia,2024-10-24 00:00:00,2024-10-29 00:00:00,Resolved,Yes
EVTC479A464,Customer Escalation,Warning,Procurement,EMP47BA4D82,Austin,2024-07-17 00:00:00,,Pending,Yes
EVTD7DCCA10,Power Outage,Warning,Marketing,EMPBA563268,Chicago,2024-11-06 00:00:00,2024-11-13 00:00:00,Resolved,No
EVT7E1FC6C8,Power Outage,Warning,Sales,EMPA7739151,Chicago,2024-08-22 00:00:00,2024-08-28 00:00:00,Resolved,No
EVT0E9A2A03,Employee Injury,Critical,Marketing,EMP8DF0C851,San Antonio,2024-07-24 00:00:00,2024-07-25 00:00:00,Resolved,Yes
EVT6DEDF9CF,Vendor Delay,Normal,Sales,EMP0392E786,Philadelphia,2024-06-23 00:00:00,2024-06-30 00:00:00,Resolved,No
EVTBC7EB354,Equipment Failure,Critical,Quality,EMPCAB79471,Philadelphia,2024-11-08 00:00:00,2024-11-10 00:00:00,Resolved,No
EVT848FCC1F,Employee Injury,Critical,Operations,EMPBAF00A90,Jacksonville,2024-10-27 00:00:00,2024-10-30 00:00:00,Resolved,No
EVT0E5BF37A,Compliance Issue,Warning,Marketing,EMPF486BB6C,Chicago,2024-05-09 00:00:00,2024-05-16 00:00:00,Resolved,Yes
EVT7BA796D1,Customer Escalation,Warning,Finance,EMP9A4A1BB4,Phoenix,2024-11-06 00:00:00,,Pending,No
EVT810728E4,Power Outage,Critical,Quality,EMP6FFC353C,Chicago,2024-06-21 00:00:00,2024-06-23 00:00:00,Resolved,No
EVT6C548E5A,Customer Escalation,Critical,Manufacturing,EMP9C814F9F,Chicago,2024-02-19 00:00:00,,Pending,No
EVT2027A0B6,Purchase Request,Normal,Marketing,EMP9DA0A9E9,Austin,2024-08-02 00:00:00,2024-08-10 00:00:00,Resolved,No
EVT36CEE274,Purchase Request,Normal,HR,EMP7E9C6737,Jacksonville,2024-04-23 00:00:00,2024-05-07 00:00:00,Resolved,No
EVT0EDC5A49,Power Outage,Critical,Finance,EMPD36178F3,New York,2024-11-13 00:00:00,2024-11-14 00:00:00,Escalated,Yes
EVTDC8DD9C0,Cyber Alert,Warning,Logistics,EMP3CA6E10D,Chicago,2024-02-25 00:00:00,2024-03-02 00:00:00,Resolved,No
EVT1551BD64,Compliance Issue,Critical,Marketing,EMP45E88B09,Los Angeles,2024-03-14 00:00:00,2024-03-15 00:00:00,Resolved,No
EVT5408DD21,Vendor Delay,Critical,Operations,EMP7F3281BF,Chicago,2024-12-07 00:00:00,2024-12-10 00:00:00,Resolved,No
EVT7999F78F,Equipment Failure,Normal,Manufacturing,EMP54391F82,Dallas,2024-05-16 00:00:00,,Pending,No
EVT4E724A4B,Employee Injury,Critical,Logistics,EMP319A8E60,Houston,2024-09-26 00:00:00,2024-09-28 00:00:00,Resolved,No
EVTC59DABAD,Machine Breakdown,Critical,Operations,EMP8B44F448,Chicago,2024-08-24 00:00:00,2024-08-25 00:00:00,Resolved,No
EVTED05905B,Compliance Issue,Critical,Manufacturing,EMP08400225,San Antonio,2024-11-11 00:00:00,,Pending,No
EVT32D8901D,Compliance Issue,Normal,Procurement,EMPC2C1B9EC,Chicago,2024-11-15 00:00:00,2024-11-22 00:00:00,Escalated,No
EVT66B265F8,Equipment Failure,Critical,Quality,EMP72BE61ED,San Jose,2024-09-22 00:00:00,,Pending,No
EVT415DDDF7,Machine Breakdown,Critical,HR,EMPB6C4AE0C,Houston,2024-09-21 00:00:00,2024-09-22 00:00:00,Resolved,Yes
EVTD17F9B71,Compliance Issue,Critical,Finance,EMPAFECAF38,San Jose,2024-02-08 00:00:00,2024-02-10 00:00:00,Resolved,No
EVTEDC425B6,Vendor Delay,Critical,Quality,EMP0138532A,New York,2024-05-28 00:00:00,2024-05-31 00:00:00,Resolved,No
EVT1288A716,Purchase Request,Normal,Marketing,EMP61EBA2C4,Jacksonville,2024-01-27 00:00:00,2024-02-03 00:00:00,Resolved,Yes
EVT6A21C0A6,Inventory Shortage,Normal,Manufacturing,EMP0AC204CB,Houston,2024-03-14 00:00:00,2024-03-22 00:00:00,Escalated,No
EVT1248AE13,Vendor Delay,Warning,Logistics,EMP7A28E8EE,Dallas,2024-03-27 00:00:00,2024-03-30 00:00:00,Resolved,Yes
EVTF20A47B6,Equipment Failure,Critical,Sales,EMPB3D16F0E,Dallas,2024-04-26 00:00:00,2024-04-28 00:00:00,Resolved,Yes
EVT5118C910,Customer Escalation,Warning,Quality,EMP4922EBAF,Los Angeles,2024-05-19 00:00:00,,Pending,No
EVTDEC95C2D,Machine Breakdown,Critical,Quality,EMPDDC42F63,Houston,2024-03-20 00:00:00,,Pending,Yes
EVT0C548E65,Employee Injury,Warning,IT,EMP280BD588,New York,2024-11-04 00:00:00,2024-11-08 00:00:00,Resolved,Yes
EVTF89167B7,Power Outage,Critical,Manufacturing,EMPEB93C5C3,Houston,2024-07-02 00:00:00,2024-07-04 00:00:00,Resolved,No
EVT7A944761,Customer Escalation,Critical,Logistics,EMP4F4F6788,San Jose,2024-07-08 00:00:00,,Pending,Yes
EVT5FC2CAC5,Purchase Request,Normal,Quality,EMP3AFEE82B,San Jose,2024-06-20 00:00:00,2024-07-05 00:00:00,Resolved,Yes
EVTDD92DEF6,Employee Injury,Critical,Marketing,EMP143DA5D7,San Diego,2024-10-24 00:00:00,2024-10-25 00:00:00,Resolved,No
EVTFAC16C45,Machine Breakdown,Warning,HR,EMPC64D9A76,San Antonio,2024-11-17 00:00:00,2024-11-20 00:00:00,Resolved,No
EVT50B12B40,Machine Breakdown,Warning,Logistics,EMP6945C239,Chicago,2024-03-19 00:00:00,,Pending,Yes
EVT161EFFB4,Power Outage,Warning,Operations,EMP9224FDF9,Philadelphia,2024-01-12 00:00:00,2024-01-18 00:00:00,Resolved,No
EVT42B28207,Customer Escalation,Warning,Sales,EMP99B1F65B,Dallas,2024-05-09 00:00:00,2024-05-12 00:00:00,Resolved,No
EVTC98FB9D1,Purchase Request,Normal,Procurement,EMP53DC466C,San Diego,2024-09-16 00:00:00,2024-09-25 00:00:00,Resolved,No
EVTB282BCF5,Employee Injury,Warning,Sales,EMPFFC635EB,Austin,2024-09-13 00:00:00,,Pending,Yes
EVT73A51B31,Vendor Delay,Critical,Finance,EMP682E00F5,Dallas,2024-10-04 00:00:00,,Pending,Yes
EVT88B606CE,Customer Escalation,Warning,HR,EMPA2D6C49F,Chicago,2024-12-13 00:00:00,2024-12-18 00:00:00,Resolved,Yes
EVT2636EE99,Compliance Issue,Critical,Marketing,EMPAD672699,Houston,2024-06-14 00:00:00,2024-06-16 00:00:00,Resolved,No
EVT262DC3C0,Cyber Alert,Warning,HR,EMP58245D4C,Los Angeles,2024-06-05 00:00:00,2024-06-09 00:00:00,Resolved,No
EVTCCBD54D4,Power Outage,Warning,IT,EMPA2453352,San Jose,2024-06-06 00:00:00,2024-06-13 00:00:00,Resolved,No
EVTFE3C3FA5,Employee Injury,Critical,Finance,EMP27BBC15C,Phoenix,2024-01-31 00:00:00,2024-02-01 00:00:00,Resolved,No
EVTA274EBE2,Equipment Failure,Critical,IT,EMP2CFA5E59,Chicago,2024-06-10 00:00:00,2024-06-13 00:00:00,Resolved,No
EVT37804ABD,Vendor Delay,Warning,Logistics,EMP0E4F35C3,Philadelphia,2024-09-01 00:00:00,2024-09-07 00:00:00,Resolved,No
EVTDEC84CF3,Employee Injury,Warning,Manufacturing,EMP5C4FA6FB,San Antonio,2024-12-22 00:00:00,2024-12-29 00:00:00,Resolved,No
EVT84D52DBB,Customer Escalation,Normal,Marketing,EMP581CF22A,San Antonio,2024-09-02 00:00:00,2024-09-13 00:00:00,Escalated,No
EVTC10C08B4,Equipment Failure,Warning,Quality,EMP148B1119,Los Angeles,2024-07-31 00:00:00,2024-08-04 00:00:00,Resolved,Yes
EVTF06C21DD,Cyber Alert,Warning,Quality,EMP30484D15,Austin,2024-11-04 00:00:00,2024-11-07 00:00:00,Escalated,No
EVT0BDF0D4B,Employee Injury,Critical,Operations,EMP1027AC66,San Jose,2024-12-30 00:00:00,2025-01-02 00:00:00,Resolved,Yes
EVTF61EC384,Vendor Delay,Warning,Manufacturing,EMP156AE375,New York,2024-03-03 00:00:00,2024-03-09 00:00:00,Resolved,No
EVTA0248686,Cyber Alert,Critical,Marketing,EMPF31D457D,Houston,2024-06-04 00:00:00,2024-06-06 00:00:00,Resolved,No
EVT012CA354,Vendor Delay,Critical,Operations,EMP36B7C138,Chicago,2024-03-09 00:00:00,2024-03-12 00:00:00,Escalated,No
EVTFCDAF4F8,Cyber Alert,Critical,Procurement,EMPEA771A45,Houston,2024-09-25 00:00:00,2024-09-26 00:00:00,Resolved,No
EVTB15378C9,Power Outage,Critical,Finance,EMP7144F616,Chicago,2024-03-20 00:00:00,2024-03-23 00:00:00,Resolved,No
EVT9EF99B76,Cyber Alert,Critical,Operations,EMP3A4C3C5B,San Antonio,2024-09-23 00:00:00,2024-09-24 00:00:00,Resolved,No
EVTAC03251E,Inventory Shortage,Normal,IT,EMP357C05E1,San Diego,2024-06-26 00:00:00,2024-07-06 00:00:00,Resolved,No
EVT435EF5CE,Customer Escalation,Normal,Finance,EMP9F4DD54F,New York,2024-05-13 00:00:00,,Pending,Yes
EVT6896BBB3,Power Outage,Critical,IT,EMP656FCECA,Dallas,2024-11-01 00:00:00,,Pending,No
EVTE1F93E22,Cyber Alert,Warning,Logistics,EMPFA7D2BD4,Houston,2024-10-25 00:00:00,2024-10-30 00:00:00,Resolved,No
EVT0FB23B6D,Employee Injury,Warning,Marketing,EMP87A61F8E,San Antonio,2024-05-24 00:00:00,2024-05-29 00:00:00,Resolved,No
EVT0BC4A8F5,Inventory Shortage,Normal,Marketing,EMPE0EEC234,Jacksonville,2024-02-11 00:00:00,,Pending,No
EVTBFD0D56E,Vendor Delay,Normal,HR,EMP9B21DF31,San Antonio,2024-08-04 00:00:00,2024-08-13 00:00:00,Resolved,No
EVTD2A0F6A3,Compliance Issue,Critical,Operations,EMPC9E768BC,Austin,2024-08-09 00:00:00,2024-08-10 00:00:00,Resolved,No
EVTBBD34076,Power Outage,Warning,IT,EMP1B99714D,Phoenix,2024-07-17 00:00:00,2024-07-21 00:00:00,Resolved,No
EVTDF0FF73A,Vendor Delay,Warning,Sales,EMPEC5A14C8,San Jose,2024-03-11 00:00:00,2024-03-15 00:00:00,Resolved,No
EVT66ED6EFC,Vendor Delay,Warning,Quality,EMP309377D6,San Diego,2024-03-26 00:00:00,,Pending,No
EVTEFD4F56B,Customer Escalation,Normal,Marketing,EMP756FABBE,Philadelphia,2024-04-08 00:00:00,2024-04-17 00:00:00,Resolved,No
EVT797A6BFF,Vendor Delay,Warning,Operations,EMPB694FB22,Chicago,2024-06-23 00:00:00,2024-06-29 00:00:00,Resolved,Yes
EVT3E3DDF25,Compliance Issue,Warning,HR,EMPC6D3BBE5,Dallas,2024-04-08 00:00:00,2024-04-12 00:00:00,Resolved,No
EVTDBC2294F,Cyber Alert,Critical,Sales,EMP7E470535,San Jose,2024-02-26 00:00:00,,Pending,No
EVT1AC0F229,Cyber Alert,Critical,Operations,EMP1D6D372C,Phoenix,2024-08-08 00:00:00,2024-08-11 00:00:00,Resolved,Yes
EVT74947764,Cyber Alert,Critical,Manufacturing,EMPC0AA9E95,Houston,2024-04-25 00:00:00,,Pending,No
EVT8E9FFAA5,Machine Breakdown,Warning,IT,EMPCB23E38C,New York,2024-03-07 00:00:00,2024-03-13 00:00:00,Escalated,No
EVTFE4372B3,Cyber Alert,Normal,Sales,EMPC56A937C,New York,2024-01-05 00:00:00,,Pending,No
EVT6B2FF1E2,Cyber Alert,Critical,Logistics,EMPAC48031D,Chicago,2024-11-04 00:00:00,,Pending,Yes
EVT180A9250,Employee Injury,Critical,Logistics,EMP04D4D581,Houston,2024-05-09 00:00:00,,Pending,Yes
EVTED4DC7BF,Purchase Request,Normal,Sales,EMP58218D56,Houston,2024-11-09 00:00:00,2024-11-24 00:00:00,Resolved,No
EVT0061FD3E,Cyber Alert,Warning,Marketing,EMP5C070AB0,New York,2024-05-29 00:00:00,,Pending,No
EVT17C93DBA,Inventory Shortage,Critical,Marketing,EMP6592254E,San Antonio,2024-05-20 00:00:00,2024-05-23 00:00:00,Resolved,No
EVT9ED41F82,Purchase Request,Normal,Finance,EMP11DDAEDA,Phoenix,2024-09-16 00:00:00,2024-09-27 00:00:00,Resolved,No
EVT3F4E5BB7,Purchase Request,Normal,HR,EMP0C601011,San Diego,2024-06-08 00:00:00,2024-06-15 00:00:00,Resolved,No
EVTF54CA50F,Compliance Issue,Warning,Operations,EMP548D43AB,Austin,2024-05-02 00:00:00,,Pending,No
EVTA4BA2E2D,Compliance Issue,Normal,Logistics,EMPA99B8C56,Dallas,2024-12-24 00:00:00,,Pending,Yes
EVT47EAF7E4,Compliance Issue,Warning,Quality,EMPAAF7CC10,Chicago,2024-08-06 00:00:00,2024-08-10 00:00:00,Resolved,No
EVT95126367,Compliance Issue,Normal,Logistics,EMP8F30A1E4,Jacksonville,2024-11-04 00:00:00,2024-11-14 00:00:00,Resolved,Yes
EVTB4C95EE8,Vendor Delay,Warning,Quality,EMP8E467963,Philadelphia,2024-04-16 00:00:00,2024-04-21 00:00:00,Resolved,No
EVT026BE632,Customer Escalation,Normal,Finance,EMPA164A0AC,Chicago,2024-02-10 00:00:00,2024-02-17 00:00:00,Resolved,Yes
EVT06FFD9A1,Employee Injury,Warning,Marketing,EMP0B09BDEB,New York,2024-10-11 00:00:00,,Pending,No
EVTBA355CB3,Cyber Alert,Critical,Quality,EMP03421B3A,Dallas,2024-04-19 00:00:00,2024-04-21 00:00:00,Resolved,No
EVT7636AA7B,Purchase Request,Normal,Finance,EMP8547164E,Houston,2024-05-23 00:00:00,2024-06-06 00:00:00,Escalated,No
EVT001A446B,Customer Escalation,Warning,Sales,EMP3A2CD130,Chicago,2024-08-03 00:00:00,2024-08-06 00:00:00,Escalated,Yes
EVTB67C15DA,Vendor Delay,Warning,Logistics,EMPD81352DA,San Diego,2024-01-26 00:00:00,,Pending,No
EVT8EDF8619,Power Outage,Critical,Finance,EMPC5D5AEB8,Los Angeles,2024-06-12 00:00:00,2024-06-15 00:00:00,Resolved,No
EVTCB5FC51F,Machine Breakdown,Warning,Sales,EMPD6C40367,Houston,2024-04-11 00:00:00,,Pending,Yes
EVT0C027BF0,Employee Injury,Normal,Finance,EMP5A9FED19,Phoenix,2024-09-30 00:00:00,2024-10-14 00:00:00,Resolved,No
EVT8140D5BE,Purchase Request,Normal,Manufacturing,EMP156AE375,Chicago,2024-03-30 00:00:00,2024-04-13 00:00:00,Resolved,Yes
EVTC8586C79,Equipment Failure,Warning,HR,EMP1B8FD173,New York,2024-01-05 00:00:00,,Pending,Yes
EVT6066F0C7,Customer Escalation,Normal,Finance,EMPBDCE0CBC,San Antonio,2024-09-13 00:00:00,2024-09-21 00:00:00,Escalated,No
EVT00F1C688,Cyber Alert,Critical,IT,EMPC9EF51D4,San Jose,2024-12-06 00:00:00,2024-12-07 00:00:00,Resolved,No
EVT3AB3FE41,Compliance Issue,Normal,Manufacturing,EMP61BE76EA,Philadelphia,2024-06-03 00:00:00,2024-06-10 00:00:00,Resolved,No
EVT5A6F4DF8,Vendor Delay,Critical,Sales,EMP14B66CF7,Chicago,2024-11-19 00:00:00,2024-11-22 00:00:00,Resolved,No
EVT8AEB0C66,Vendor Delay,Normal,IT,EMP9E034D1D,Los Angeles,2024-08-04 00:00:00,,Pending,Yes
EVT652F38C4,Equipment Failure,Warning,Operations,EMP8C4754F6,Dallas,2024-02-15 00:00:00,,Pending,No
EVT08AE232D,Inventory Shortage,Normal,Operations,EMP91ECAA41,San Diego,2024-02-25 00:00:00,2024-03-05 00:00:00,Resolved,No
EVTE3B98C7B,Compliance Issue,Warning,HR,EMP9343B84D,Philadelphia,2024-08-01 00:00:00,2024-08-05 00:00:00,Resolved,No
EVT5AA7C044,Vendor Delay,Normal,IT,EMP5B14C190,San Diego,2024-10-21 00:00:00,2024-11-04 00:00:00,Resolved,No
EVT15CFC223,Inventory Shortage,Critical,Logistics,EMP1D195CF5,Jacksonville,2024-01-08 00:00:00,,Pending,No
EVTF68CFA34,Cyber Alert,Critical,IT,EMPE0CD8851,Chicago,2024-09-10 00:00:00,2024-09-11 00:00:00,Resolved,No
EVT4D75809F,Equipment Failure,Warning,Quality,EMP1D505EE2,Philadelphia,2024-04-12 00:00:00,,Pending,Yes
EVT121A82E3,Employee Injury,Critical,Operations,EMP4BBF42FE,Philadelphia,2024-02-27 00:00:00,2024-03-01 00:00:00,Resolved,Yes
EVTB6194415,Power Outage,Critical,Procurement,EMP3C95887C,Houston,2024-09-11 00:00:00,,Pending,No
EVT098B096B,Inventory Shortage,Normal,Logistics,EMP9DB76688,Austin,2024-04-09 00:00:00,2024-04-20 00:00:00,Resolved,Yes
EVT83AEE1F0,Machine Breakdown,Warning,Marketing,EMP9228E264,Philadelphia,2024-04-23 00:00:00,,Pending,Yes
EVT62F1709E,Power Outage,Critical,HR,EMPE9F0A84C,New York,2024-03-30 00:00:00,2024-04-02 00:00:00,Resolved,Yes
EVT13F42300,Purchase Request,Normal,IT,EMP68CF835B,San Jose,2024-08-25 00:00:00,2024-09-07 00:00:00,Resolved,No
EVTFA807CEE,Cyber Alert,Critical,Sales,EMP0012D99D,Philadelphia,2024-12-09 00:00:00,2024-12-12 00:00:00,Resolved,No
EVTA7626C6B,Compliance Issue,Normal,Operations,EMP1C159BC1,Dallas,2024-10-18 00:00:00,2024-10-26 00:00:00,Resolved,No
EVTAD500FE9,Machine Breakdown,Critical,Marketing,EMP00460255,New York,2024-02-28 00:00:00,2024-02-29 00:00:00,Resolved,No
EVT6C0EC16F,Inventory Shortage,Warning,HR,EMP9D16797D,Dallas,2024-04-28 00:00:00,2024-05-01 00:00:00,Resolved,No
EVTAFE3B5A3,Inventory Shortage,Warning,Operations,EMP0588D04F,Philadelphia,2024-06-04 00:00:00,,Pending,No
EVT70D2EE54,Compliance Issue,Warning,Logistics,EMPAA560312,Chicago,2024-12-22 00:00:00,2024-12-27 00:00:00,Resolved,No
EVTC41F071A,Vendor Delay,Normal,HR,EMPCD9BB062,Los Angeles,2024-08-26 00:00:00,2024-09-02 00:00:00,Resolved,No
EVT76097901,Compliance Issue,Warning,Sales,EMPACCF9E4F,Chicago,2024-01-19 00:00:00,,Pending,No
EVTA15A53F7,Power Outage,Critical,Operations,EMPEF49DE86,Chicago,2024-10-17 00:00:00,2024-10-18 00:00:00,Resolved,No
EVTEA07F808,Customer Escalation,Critical,Marketing,EMP11E24538,New York,2024-06-25 00:00:00,2024-06-26 00:00:00,Resolved,Yes
EVT244D0921,Power Outage,Critical,Quality,EMP06DFE43D,Houston,2024-06-24 00:00:00,,Pending,No
EVT4FBA4A90,Power Outage,Critical,Procurement,EMPA8CAEB92,Jacksonville,2024-10-24 00:00:00,2024-10-27 00:00:00,Resolved,Yes
EVTCA2F56D7,Customer Escalation,Critical,Quality,EMPCEAC06A0,Phoenix,2024-09-01 00:00:00,,Pending,No
EVT19878C76,Purchase Request,Normal,Quality,EMP61C72649,San Diego,2024-12-02 00:00:00,,Pending,No
EVTEAAF9D16,Customer Escalation,Normal,Marketing,EMP246FD534,Phoenix,2024-08-18 00:00:00,2024-08-30 00:00:00,Escalated,Yes
EVT0DA9ECF9,Purchase Request,Normal,Operations,EMP77CE790E,Austin,2024-10-10 00:00:00,2024-10-21 00:00:00,Resolved,Yes
EVT6E84422C,Purchase Request,Warning,Quality,EMP150066DA,San Diego,2024-10-01 00:00:00,2024-10-07 00:00:00,Escalated,Yes
EVT22BC6A77,Compliance Issue,Critical,HR,EMP1D282AA7,New York,2024-02-29 00:00:00,2024-03-01 00:00:00,Resolved,No
EVT53B155F7,Vendor Delay,Normal,Sales,EMPEC1D98C7,Philadelphia,2024-02-06 00:00:00,,Pending,No
EVT9ED05DD7,Inventory Shortage,Normal,Operations,EMPAA3345A0,Austin,2024-10-26 00:00:00,2024-11-04 00:00:00,Resolved,No
EVT1F984466,Cyber Alert,Critical,Manufacturing,EMP1E9D029D,Philadelphia,2024-07-14 00:00:00,2024-07-17 00:00:00,Resolved,No
EVTCBF94456,Cyber Alert,Critical,Marketing,EMPB9B5B7F1,Philadelphia,2024-07-14 00:00:00,2024-07-16 00:00:00,Resolved,No
EVTBD71D524,Employee Injury,Critical,Procurement,EMP25CC3E83,San Diego,2024-09-28 00:00:00,,Pending,Yes
EVTE3932734,Inventory Shortage,Normal,Sales,EMP2B70840A,San Diego,2024-07-27 00:00:00,2024-08-10 00:00:00,Resolved,No
EVTB728176A,Compliance Issue,Normal,Manufacturing,EMP60EFB588,Los Angeles,2024-09-21 00:00:00,,Pending,No
EVT5289F880,Inventory Shortage,Normal,Finance,EMPFD1D6BBE,Jacksonville,2024-11-19 00:00:00,2024-12-04 00:00:00,Resolved,Yes
EVT5C2013B9,Inventory Shortage,Normal,Logistics,EMP1CCA94C2,Austin,2024-05-03 00:00:00,,Pending,No
EVT75283E82,Vendor Delay,Normal,Quality,EMP3A61023C,San Jose,2024-10-10 00:00:00,2024-10-19 00:00:00,Resolved,No
EVTA5713290,Cyber Alert,Critical,Operations,EMP90CA1D64,San Antonio,2024-09-01 00:00:00,2024-09-02 00:00:00,Resolved,No
EVT7D4A5639,Machine Breakdown,Critical,Sales,EMPD2A45353,Austin,2024-07-31 00:00:00,2024-08-02 00:00:00,Resolved,No
EVTFE95DD74,Machine Breakdown,Critical,Finance,EMPDD3007B8,Austin,2024-07-19 00:00:00,2024-07-21 00:00:00,Resolved,Yes
EVT8584B760,Machine Breakdown,Critical,Finance,EMP5C01C7E4,San Diego,2024-01-23 00:00:00,2024-01-24 00:00:00,Resolved,No
EVT74EB7A56,Power Outage,Critical,Manufacturing,EMP24D1B191,San Antonio,2024-11-01 00:00:00,2024-11-03 00:00:00,Resolved,Yes
EVT7E6F9537,Machine Breakdown,Critical,Procurement,EMPD35C2C84,Houston,2024-01-15 00:00:00,,Pending,No
EVTFF641028,Vendor Delay,Warning,Finance,EMP12A1E095,San Antonio,2024-10-09 00:00:00,2024-10-12 00:00:00,Resolved,No
EVT82058C1B,Purchase Request,Normal,Sales,EMPF942C005,New York,2024-11-27 00:00:00,,Pending,No
EVT898CF601,Power Outage,Critical,IT,EMP0033D62A,San Jose,2024-12-10 00:00:00,2024-12-11 00:00:00,Resolved,No
EVTDEF9E159,Equipment Failure,Critical,IT,EMP6B493E12,Austin,2024-10-19 00:00:00,2024-10-20 00:00:00,Resolved,No
EVTFCC0D3B3,Purchase Request,Critical,Marketing,EMP6545E3D8,San Antonio,2024-01-05 00:00:00,,Pending,No
EVTD082C2B4,Equipment Failure,Normal,IT,EMP2B41217F,Chicago,2024-05-06 00:00:00,,Pending,Yes
EVT711FD550,Power Outage,Normal,Finance,EMP8DBC7EF0,Jacksonville,2024-07-15 00:00:00,,Pending,Yes
EVT6F7A4B71,Equipment Failure,Warning,Sales,EMPB73016D5,Dallas,2024-01-20 00:00:00,2024-01-24 00:00:00,Resolved,No
EVTF4F67204,Customer Escalation,Warning,Marketing,EMP484E6926,Houston,2024-11-07 00:00:00,2024-11-11 00:00:00,Resolved,No
EVT9C87FFF0,Power Outage,Critical,HR,EMP86FB29E0,New York,2024-06-04 00:00:00,,Pending,No
EVT7920AADD,Compliance Issue,Warning,HR,EMPEC2B7592,Chicago,2024-11-09 00:00:00,2024-11-12 00:00:00,Resolved,No
EVT1AF45ECA,Vendor Delay,Critical,Logistics,EMPB2A99613,Houston,2024-07-22 00:00:00,,Pending,No
EVT3C1BA6D7,Cyber Alert,Critical,Sales,EMP64159B88,San Antonio,2024-08-13 00:00:00,,Pending,Yes
EVTB4D615E9,Equipment Failure,Critical,Quality,EMP144C4F69,New York,2024-05-31 00:00:00,2024-06-03 00:00:00,Resolved,No
EVTD6A63016,Power Outage,Critical,Finance,EMP056F0717,San Diego,2024-06-30 00:00:00,2024-07-02 00:00:00,Resolved,No
EVT7580889B,Power Outage,Critical,Manufacturing,EMPB322B223,Los Angeles,2024-11-07 00:00:00,2024-11-08 00:00:00,Resolved,No
EVTB8237647,Machine Breakdown,Critical,IT,EMP823FB6EF,Chicago,2024-04-13 00:00:00,2024-04-16 00:00:00,Resolved,No
EVTF83A796F,Power Outage,Warning,Operations,EMP96024CA9,Phoenix,2024-04-18 00:00:00,2024-04-21 00:00:00,Resolved,No
EVTE8BCCC6A,Power Outage,Critical,Finance,EMP00018926,New York,2024-03-22 00:00:00,,Pending,Yes
EVT282D1459,Employee Injury,Critical,Manufacturing,EMPA024946D,Philadelphia,2024-04-26 00:00:00,2024-04-28 00:00:00,Resolved,No
EVTD61DFB34,Machine Breakdown,Warning,Finance,EMP94A2573E,Los Angeles,2024-12-06 00:00:00,,Pending,No
EVTB10FC93A,Vendor Delay,Normal,Sales,EMP9C043614,Philadelphia,2024-04-18 00:00:00,2024-04-30 00:00:00,Resolved,No
EVT0129B837,Compliance Issue,Critical,Manufacturing,EMP76BDC8CB,New York,2024-01-10 00:00:00,2024-01-13 00:00:00,Resolved,No
EVT488E7E20,Cyber Alert,Critical,Marketing,EMPA4241B10,Austin,2024-06-27 00:00:00,2024-06-28 00:00:00,Resolved,No
EVT34B67976,Inventory Shortage,Warning,Quality,EMP7D861477,San Jose,2024-05-16 00:00:00,2024-05-22 00:00:00,Resolved,Yes
EVT27C47847,Equipment Failure,Warning,IT,EMPE2B801EB,San Jose,2024-02-06 00:00:00,2024-02-11 00:00:00,Resolved,Yes
EVT6FB7B3C6,Cyber Alert,Critical,Procurement,EMPDA6A367D,Los Angeles,2024-12-13 00:00:00,2024-12-16 00:00:00,Resolved,Yes
EVT13AE204E,Purchase Request,Normal,Sales,EMP8BED6B60,San Antonio,2024-01-18 00:00:00,2024-01-27 00:00:00,Resolved,Yes
EVT495CA53B,Machine Breakdown,Warning,Procurement,EMPEEC05D2A,Austin,2024-04-11 00:00:00,2024-04-15 00:00:00,Resolved,Yes
EVT7A6E365D,Compliance Issue,Critical,Finance,EMP645794B1,Jacksonville,2024-10-15 00:00:00,2024-10-16 00:00:00,Resolved,No
EVT465D33C0,Employee Injury,Critical,Finance,EMPD5865585,Chicago,2024-06-19 00:00:00,2024-06-22 00:00:00,Resolved,No
EVT79947237,Purchase Request,Normal,Quality,EMP3468BD6C,Los Angeles,2024-03-22 00:00:00,2024-03-31 00:00:00,Resolved,Yes
EVTC04CC4A4,Cyber Alert,Normal,Finance,EMP36338011,Dallas,2024-03-25 00:00:00,2024-04-03 00:00:00,Resolved,Yes
EVT55F49E03,Vendor Delay,Warning,Operations,EMPD09075C5,New York,2024-12-18 00:00:00,2024-12-21 00:00:00,Resolved,No
EVTC8270718,Vendor Delay,Warning,Sales,EMPEB229867,Phoenix,2024-08-09 00:00:00,,Pending,No
EVTCE75BC3D,Employee Injury,Warning,Marketing,EMPFE3F29A9,Los Angeles,2024-05-21 00:00:00,2024-05-27 00:00:00,Resolved,Yes
EVT777A4FCC,Inventory Shortage,Critical,Quality,EMP6C0341E2,Jacksonville,2024-11-24 00:00:00,2024-11-26 00:00:00,Resolved,Yes
EVT80990071,Customer Escalation,Warning,Manufacturing,EMP3EEA517D,Houston,2024-09-14 00:00:00,2024-09-19 00:00:00,Resolved,No
EVT5075D3BE,Vendor Delay,Warning,HR,EMP8956F600,New York,2024-09-15 00:00:00,,Pending,No
EVTA3FDF9FE,Customer Escalation,Warning,Procurement,EMPDAA0E86A,Jacksonville,2024-08-29 00:00:00,2024-09-04 00:00:00,Resolved,Yes
EVTCF446585,Machine Breakdown,Critical,Manufacturing,EMPA3564C7D,Dallas,2024-08-31 00:00:00,2024-09-01 00:00:00,Resolved,No
EVT4BA50977,Employee Injury,Warning,Marketing,EMP6BDF065F,Houston,2024-08-27 00:00:00,2024-09-03 00:00:00,Resolved,Yes
EVTEA34AD71,Employee Injury,Critical,Operations,EMP8E643DD6,New York,2024-03-21 00:00:00,2024-03-22 00:00:00,Resolved,Yes
EVT9C824D50,Vendor Delay,Normal,Quality,EMP0216FAA3,Dallas,2024-08-10 00:00:00,2024-08-17 00:00:00,Resolved,Yes
EVTE8E273A0,Employee Injury,Critical,Operations,EMP1B36073E,Austin,2024-01-20 00:00:00,2024-01-21 00:00:00,Resolved,Yes
EVT4AF634A3,Employee Injury,Critical,Manufacturing,EMPDB316203,Philadelphia,2024-01-30 00:00:00,2024-02-01 00:00:00,Resolved,No
EVT19C946D9,Machine Breakdown,Normal,Operations,EMP87F33F39,San Antonio,2024-10-14 00:00:00,2024-10-29 00:00:00,Resolved,Yes
EVT6AE3010E,Machine Breakdown,Warning,HR,EMP2EB505F9,Dallas,2024-07-25 00:00:00,2024-07-31 00:00:00,Resolved,Yes
EVT96BC457C,Inventory Shortage,Warning,Finance,EMP72FD0D42,Phoenix,2024-10-29 00:00:00,,Pending,No
EVTF3A02D92,Compliance Issue,Warning,Marketing,EMP02D1237D,Phoenix,2024-04-14 00:00:00,2024-04-19 00:00:00,Resolved,Yes
EVT2D4EC267,Inventory Shortage,Normal,Finance,EMP7F0952F1,Chicago,2024-07-07 00:00:00,2024-07-21 00:00:00,Resolved,No
EVT5015005D,Inventory Shortage,Warning,Manufacturing,EMP11FF0D59,Chicago,2024-06-06 00:00:00,,Pending,No
EVTE71EEA76,Machine Breakdown,Warning,Procurement,EMP189B013C,Houston,2024-03-16 00:00:00,2024-03-21 00:00:00,Resolved,No
EVT7967785E,Employee Injury,Warning,Operations,EMP4A15CFFF,Chicago,2024-10-22 00:00:00,2024-10-28 00:00:00,Resolved,Yes
EVT98C8CED8,Power Outage,Critical,Marketing,EMPD1A8FC23,Philadelphia,2024-06-05 00:00:00,2024-06-06 00:00:00,Resolved,No
EVTBFBF7F26,Customer Escalation,Warning,Procurement,EMPD838C0D2,Dallas,2024-10-27 00:00:00,2024-11-01 00:00:00,Resolved,Yes
EVTD73FBA78,Machine Breakdown,Warning,Finance,EMP3F4BF325,San Jose,2024-02-26 00:00:00,,Pending,Yes
EVTD49DD628,Compliance Issue,Warning,Marketing,EMP0B0CDBC4,Los Angeles,2024-02-13 00:00:00,2024-02-19 00:00:00,Resolved,No
EVT06473B2B,Inventory Shortage,Critical,Sales,EMP08EC2028,Philadelphia,2024-09-08 00:00:00,2024-09-09 00:00:00,Resolved,No
EVTB69B2C9C,Cyber Alert,Normal,Procurement,EMP06BEEFDD,San Antonio,2024-12-20 00:00:00,2025-01-03 00:00:00,Resolved,No
EVTF9F1355E,Vendor Delay,Warning,Procurement,EMP6DB06707,San Antonio,2024-11-12 00:00:00,2024-11-18 00:00:00,Resolved,Yes
EVT1EB4A5D2,Inventory Shortage,Warning,Marketing,EMPF8AB3322,Los Angeles,2024-04-04 00:00:00,2024-04-08 00:00:00,Resolved,No
EVTB6BBC43F,Vendor Delay,Warning,Sales,EMP6E896F06,Dallas,2024-07-22 00:00:00,2024-07-28 00:00:00,Resolved,Yes
EVT333FCA5C,Vendor Delay,Normal,Procurement,EMPC466A1B1,Houston,2024-11-22 00:00:00,2024-12-03 00:00:00,Resolved,No
EVTB364337E,Equipment Failure,Warning,Manufacturing,EMPC2FE4338,Dallas,2024-09-15 00:00:00,2024-09-21 00:00:00,Resolved,No
EVTB2BFC55C,Inventory Shortage,Normal,Operations,EMP6467E48C,Los Angeles,2024-01-13 00:00:00,,Pending,No
EVT4F3225C3,Customer Escalation,Warning,Operations,EMPD0752F8D,Chicago,2024-05-06 00:00:00,2024-05-12 00:00:00,Resolved,No
EVT8B2F8682,Machine Breakdown,Critical,Operations,EMPDA53DB9B,New York,2024-10-11 00:00:00,2024-10-12 00:00:00,Resolved,Yes
EVT81FE3D82,Equipment Failure,Normal,HR,EMPEF5AF759,Los Angeles,2024-07-03 00:00:00,,Pending,Yes
EVT97B6730D,Vendor Delay,Critical,Logistics,EMPFEABB0F4,San Diego,2024-04-27 00:00:00,2024-04-28 00:00:00,Resolved,No
EVTB4DFFAC2,Power Outage,Warning,Quality,EMP70F2DAC9,San Diego,2024-08-30 00:00:00,,Pending,Yes
EVT9062151E,Compliance Issue,Critical,IT,EMP3DD13239,New York,2024-09-28 00:00:00,2024-09-29 00:00:00,Resolved,Yes
EVT3B9C2945,Machine Breakdown,Normal,Sales,EMP2FE072C3,Austin,2024-07-05 00:00:00,,Pending,No
EVT810E1E30,Vendor Delay,Critical,Logistics,EMP6CF7A8FA,Philadelphia,2024-01-06 00:00:00,,Pending,Yes
EVT1AF249D3,Vendor Delay,Warning,IT,EMPA574F821,Chicago,2024-06-16 00:00:00,2024-06-23 00:00:00,Resolved,Yes
EVT6781742C,Cyber Alert,Normal,Procurement,EMP1580C139,New York,2024-03-12 00:00:00,2024-03-24 00:00:00,Resolved,No
EVT947871C8,Cyber Alert,Critical,IT,EMPD87AAF5F,Jacksonville,2024-10-25 00:00:00,,Pending,Yes
EVTB543D6E3,Equipment Failure,Normal,HR,EMPAE83AFAC,San Diego,2024-07-09 00:00:00,,Pending,Yes
EVT730B7047,Customer Escalation,Critical,Marketing,EMP9873C5F4,Phoenix,2024-11-24 00:00:00,2024-11-27 00:00:00,Resolved,No
EVT79E400C8,Vendor Delay,Normal,Manufacturing,EMPA8DFA358,Houston,2024-05-19 00:00:00,2024-05-27 00:00:00,Resolved,No
EVTB9088749,Employee Injury,Critical,Marketing,EMPB90717F3,Austin,2024-04-12 00:00:00,2024-04-15 00:00:00,Resolved,Yes
EVT34DCE7F3,Purchase Request,Normal,Finance,EMP93DB5A23,Philadelphia,2024-05-10 00:00:00,2024-05-21 00:00:00,Resolved,No
EVT086897D2,Customer Escalation,Normal,Operations,EMPDA3B017D,Philadelphia,2024-01-30 00:00:00,2024-02-08 00:00:00,Resolved,Yes
EVT831A927E,Vendor Delay,Critical,Quality,EMP7FC0DA4F,Los Angeles,2024-03-22 00:00:00,,Pending,No
EVT0E5FFB75,Cyber Alert,Critical,HR,EMP5CB5CEB2,Philadelphia,2024-05-29 00:00:00,2024-05-31 00:00:00,Resolved,Yes
EVTC474DE80,Purchase Request,Normal,Marketing,EMP2768F592,San Antonio,2024-04-13 00:00:00,,Pending,No
EVT64FF9883,Equipment Failure,Warning,Operations,EMP3AECA4A3,Chicago,2024-02-09 00:00:00,2024-02-15 00:00:00,Resolved,No
EVT659D1EEC,Purchase Request,Normal,HR,EMP92920379,Chicago,2024-08-23 00:00:00,2024-09-06 00:00:00,Resolved,No
EVT051A45A4,Inventory Shortage,Warning,Procurement,EMP9824D2C5,San Antonio,2024-03-18 00:00:00,2024-03-23 00:00:00,Resolved,No
EVT957EC5DC,Power Outage,Critical,IT,EMP51CD44EF,Chicago,2024-12-15 00:00:00,,Pending,Yes
EVT6DB57784,Cyber Alert,Warning,Marketing,EMP8B95C1D3,San Diego,2024-08-28 00:00:00,,Pending,Yes
EVT9C3BEFD8,Customer Escalation,Normal,Manufacturing,EMP8D3017D5,Los Angeles,2024-12-21 00:00:00,2025-01-02 00:00:00,Resolved,No
EVT908B961A,Compliance Issue,Warning,Logistics,EMP41B86777,Phoenix,2024-03-07 00:00:00,2024-03-11 00:00:00,Resolved,No
EVTBE624D60,Vendor Delay,Critical,Quality,EMP82BA546F,San Antonio,2024-03-26 00:00:00,,Pending,No
EVTB1D5CA8B,Vendor Delay,Critical,Sales,EMP9C797749,Austin,2024-11-13 00:00:00,,Pending,No
EVT38A4D343,Vendor Delay,Critical,Operations,EMP5456D8A0,San Diego,2024-04-10 00:00:00,2024-04-13 00:00:00,Resolved,No
EVT9C4D4A95,Customer Escalation,Normal,Logistics,EMP161C9621,Los Angeles,2024-12-06 00:00:00,2024-12-15 00:00:00,Resolved,Yes
EVT043F5775,Compliance Issue,Warning,Quality,EMP6E0226D7,Phoenix,2024-10-09 00:00:00,,Pending,Yes
EVT5B6A562A,Machine Breakdown,Critical,Logistics,EMP464C665B,Phoenix,2024-04-23 00:00:00,2024-04-24 00:00:00,Resolved,Yes
EVT2FCF17F1,Machine Breakdown,Critical,Logistics,EMPE3E35BA3,San Antonio,2024-11-04 00:00:00,2024-11-05 00:00:00,Resolved,No
EVTA2D87BB1,Purchase Request,Normal,Finance,EMPE22600B0,Jacksonville,2024-04-09 00:00:00,2024-04-24 00:00:00,Resolved,Yes
EVTFFA2D125,Vendor Delay,Warning,Logistics,EMPE13D4F41,Philadelphia,2024-04-30 00:00:00,2024-05-05 00:00:00,Resolved,Yes
EVT8EE87852,Power Outage,Critical,Manufacturing,EMPE40D968E,Chicago,2024-03-25 00:00:00,,Pending,No
EVTC9B821C2,Equipment Failure,Warning,Manufacturing,EMP73F5EA60,Philadelphia,2024-06-19 00:00:00,,Pending,Yes
EVTFCE40980,Cyber Alert,Normal,HR,EMP12789078,Dallas,2024-07-04 00:00:00,2024-07-11 00:00:00,Resolved,No
EVTF0EBA0C7,Machine Breakdown,Warning,Logistics,EMP687220C1,Chicago,2024-05-29 00:00:00,2024-06-02 00:00:00,Resolved,No
EVT0872A9D5,Power Outage,Critical,HR,EMPC7F06FB7,San Diego,2024-12-16 00:00:00,2024-12-19 00:00:00,Resolved,No
EVT0512C819,Vendor Delay,Normal,Operations,EMPB85482E6,Philadelphia,2024-03-03 00:00:00,2024-03-14 00:00:00,Resolved,Yes
EVTE54806A1,Machine Breakdown,Normal,Marketing,EMP9954E134,San Jose,2024-11-01 00:00:00,2024-11-09 00:00:00,Resolved,No
EVT9AE8C98C,Purchase Request,Normal,Quality,EMPB9D27782,Jacksonville,2024-10-02 00:00:00,2024-10-13 00:00:00,Resolved,Yes
EVT8CCA7552,Employee Injury,Critical,Logistics,EMP86E90BD6,San Antonio,2024-11-12 00:00:00,2024-11-15 00:00:00,Resolved,No
EVT695335FF,Purchase Request,Normal,Manufacturing,EMP9886059D,Phoenix,2024-06-30 00:00:00,,Pending,No
EVT07656F44,Power Outage,Critical,Procurement,EMPDAE82218,Chicago,2024-04-21 00:00:00,2024-04-22 00:00:00,Resolved,No
EVT85C4A5CA,Power Outage,Critical,HR,EMP91B49A0D,New York,2024-09-22 00:00:00,,Pending,No
EVTF14C182C,Purchase Request,Warning,Quality,EMP8663BC22,Austin,2024-06-03 00:00:00,2024-06-09 00:00:00,Resolved,Yes
EVT821197FD,Inventory Shortage,Warning,Operations,EMP1A350D73,San Diego,2024-10-23 00:00:00,2024-10-29 00:00:00,Resolved,No
EVTDA036826,Compliance Issue,Normal,Manufacturing,EMP8E7E9A1F,Chicago,2024-02-09 00:00:00,,Pending,No
EVT665473D8,Equipment Failure,Critical,Sales,EMP58654E5E,Los Angeles,2024-06-15 00:00:00,,Pending,No
EVT63EB0BB9,Compliance Issue,Normal,Quality,EMP71345AF5,Houston,2024-01-22 00:00:00,,Pending,Yes
EVTB60DE0F9,Purchase Request,Normal,Logistics,EMP81AF60DB,Houston,2024-07-13 00:00:00,,Pending,No
EVTF12BA4CB,Customer Escalation,Warning,Manufacturing,EMP284C26A6,Philadelphia,2024-05-18 00:00:00,2024-05-24 00:00:00,Resolved,Yes
EVTD9BD1987,Equipment Failure,Normal,Operations,EMP5B237EB1,Austin,2024-11-25 00:00:00,2024-12-02 00:00:00,Resolved,No
EVTFD99F8F7,Customer Escalation,Critical,HR,EMPF88E83C2,Los Angeles,2024-12-14 00:00:00,,Pending,No
EVT7ADEF36A,Machine Breakdown,Warning,Procurement,EMPAF66D6A0,San Antonio,2024-10-07 00:00:00,2024-10-10 00:00:00,Resolved,No
EVTB319E560,Equipment Failure,Critical,Marketing,EMPF58DF144,Chicago,2024-09-16 00:00:00,2024-09-19 00:00:00,Resolved,Yes
EVTE195F1F5,Cyber Alert,Critical,Quality,EMP0C601011,Jacksonville,2024-07-07 00:00:00,,Pending,No
EVTB73FB1D4,Compliance Issue,Warning,Manufacturing,EMPD2141DD5,Dallas,2024-01-15 00:00:00,2024-01-19 00:00:00,Resolved,Yes
EVTF7F4749E,Equipment Failure,Critical,HR,EMP1985982E,Philadelphia,2024-12-02 00:00:00,2024-12-03 00:00:00,Resolved,No
EVTD8800585,Compliance Issue,Normal,Finance,EMPB0458FBC,San Diego,2024-01-25 00:00:00,2024-02-09 00:00:00,Resolved,No
EVT0DF4375B,Compliance Issue,Normal,Sales,EMPDAB820B5,San Jose,2024-06-12 00:00:00,,Pending,No
EVT3B16F163,Inventory Shortage,Critical,Sales,EMP0A1FE4F8,Austin,2024-04-30 00:00:00,,Pending,Yes
EVT37237261,Cyber Alert,Critical,HR,EMP74F7991E,Austin,2024-11-26 00:00:00,2024-11-27 00:00:00,Resolved,No
EVTA5CDC7DA,Vendor Delay,Normal,Logistics,EMPAD780B10,Philadelphia,2024-11-12 00:00:00,2024-11-23 00:00:00,Resolved,No
EVT1F94D5C7,Inventory Shortage,Normal,HR,EMP3002ED02,San Antonio,2024-06-14 00:00:00,,Pending,No
EVT6FF426C4,Employee Injury,Critical,HR,EMP1C7D6195,Austin,2024-01-11 00:00:00,2024-01-13 00:00:00,Resolved,No
EVT870D8E8D,Cyber Alert,Critical,Marketing,EMPBF765305,Philadelphia,2024-02-19 00:00:00,,Pending,No
EVT2F9942D3,Customer Escalation,Critical,Operations,EMP687220C1,Philadelphia,2024-01-07 00:00:00,2024-01-08 00:00:00,Resolved,Yes
EVT1D325178,Employee Injury,Warning,Marketing,EMPEB794F61,New York,2024-05-26 00:00:00,2024-06-01 00:00:00,Resolved,No
EVTA1B5A326,Equipment Failure,Critical,IT,EMP29F24617,New York,2024-07-13 00:00:00,2024-07-14 00:00:00,Resolved,No
EVT6FE4C2F2,Vendor Delay,Critical,Logistics,EMP7DB37FF1,Philadelphia,2024-07-08 00:00:00,2024-07-10 00:00:00,Resolved,No
EVT57E26223,Power Outage,Critical,Manufacturing,EMP03108EA4,Phoenix,2024-09-09 00:00:00,2024-09-11 00:00:00,Resolved,No
EVT6E016484,Cyber Alert,Critical,Sales,EMPF18964BE,Jacksonville,2024-04-29 00:00:00,2024-04-30 00:00:00,Resolved,No
EVT82E73045,Equipment Failure,Warning,Operations,EMP6B2E4451,Houston,2024-07-21 00:00:00,2024-07-26 00:00:00,Resolved,No
EVTF0BEB8F2,Machine Breakdown,Normal,Quality,EMPE6B855F5,Philadelphia,2024-08-18 00:00:00,2024-08-29 00:00:00,Resolved,No
EVT9C9CB194,Customer Escalation,Critical,Quality,EMPDCC2130C,Los Angeles,2024-02-11 00:00:00,,Pending,No
EVTD8B9E79F,Customer Escalation,Warning,IT,EMPB9CD4E28,Philadelphia,2024-10-22 00:00:00,2024-10-25 00:00:00,Resolved,Yes
EVTF1C6B51E,Inventory Shortage,Warning,HR,EMPEE1185CA,New York,2024-07-05 00:00:00,2024-07-12 00:00:00,Resolved,No
EVT17E1B661,Inventory Shortage,Critical,Finance,EMPD2A45353,Philadelphia,2024-05-26 00:00:00,2024-05-29 00:00:00,Resolved,No
EVT0587BA0F,Purchase Request,Warning,Finance,EMP5426BD4C,Phoenix,2024-07-16 00:00:00,2024-07-21 00:00:00,Resolved,No
EVT227EFD6E,Customer Escalation,Normal,IT,EMPD9BA07E0,Dallas,2024-08-13 00:00:00,2024-08-28 00:00:00,Resolved,No
EVT319E8A3C,Customer Escalation,Warning,Procurement,EMP83A0872F,Los Angeles,2024-10-20 00:00:00,,Pending,No
EVT42C22E20,Customer Escalation,Warning,IT,EMP6248A954,Los Angeles,2024-03-19 00:00:00,,Pending,No
EVTB4BC71BD,Equipment Failure,Warning,Operations,EMPEDA7C593,San Diego,2024-06-17 00:00:00,2024-06-23 00:00:00,Resolved,No
EVTC19F69C8,Compliance Issue,Warning,IT,EMP5A517F42,Jacksonville,2024-09-05 00:00:00,2024-09-12 00:00:00,Resolved,Yes
EVT9DCAFE16,Customer Escalation,Warning,Marketing,EMP403B42CB,Los Angeles,2024-08-16 00:00:00,2024-08-20 00:00:00,Resolved,No
EVTCA666779,Machine Breakdown,Warning,HR,EMPCDA527F7,Jacksonville,2024-04-10 00:00:00,2024-04-14 00:00:00,Escalated,No
EVT9F3D8BDE,Employee Injury,Critical,Sales,EMP035A225F,Houston,2024-11-28 00:00:00,2024-11-29 00:00:00,Resolved,Yes
EVT17FFCB47,Employee Injury,Critical,Sales,EMPDDD36444,Austin,2024-12-07 00:00:00,2024-12-10 00:00:00,Resolved,Yes
EVT386E3E64,Cyber Alert,Warning,IT,EMP6C403A60,Phoenix,2024-01-17 00:00:00,,Pending,No
EVT3AC955D3,Cyber Alert,Critical,Sales,EMP2431BDF8,San Jose,2024-10-02 00:00:00,2024-10-05 00:00:00,Resolved,No
EVT010E6E28,Equipment Failure,Critical,Quality,EMPC7A8F69C,Jacksonville,2024-03-14 00:00:00,2024-03-16 00:00:00,Resolved,Yes
EVTB02CFA81,Cyber Alert,Critical,Procurement,EMP1FAED20A,Jacksonville,2024-10-10 00:00:00,,Pending,No
EVTAB04FE85,Cyber Alert,Warning,HR,EMP45639811,Dallas,2024-04-19 00:00:00,2024-04-24 00:00:00,Resolved,No
EVT7ADD4116,Customer Escalation,Critical,Marketing,EMPF634C616,Phoenix,2024-02-01 00:00:00,2024-02-02 00:00:00,Resolved,No
EVT215FA96B,Equipment Failure,Warning,HR,EMP46431636,Los Angeles,2024-06-17 00:00:00,2024-06-20 00:00:00,Resolved,No
EVTEE7695B4,Employee Injury,Warning,Procurement,EMPA27EC22A,Dallas,2024-08-20 00:00:00,2024-08-24 00:00:00,Resolved,No
EVT540F4E94,Compliance Issue,Warning,Manufacturing,EMPA562966F,Chicago,2024-12-15 00:00:00,2024-12-18 00:00:00,Resolved,Yes
EVT901CA4AF,Power Outage,Critical,Marketing,EMPFD8D3F4C,Los Angeles,2024-06-30 00:00:00,,Pending,No
EVTD8B394C0,Inventory Shortage,Warning,Sales,EMP95A8208B,San Jose,2024-01-26 00:00:00,2024-02-02 00:00:00,Resolved,No
EVTD72425CC,Machine Breakdown,Normal,Quality,EMP3B7628E4,San Diego,2024-01-17 00:00:00,2024-01-26 00:00:00,Escalated,Yes
EVT0107C34F,Cyber Alert,Warning,IT,EMP231264E0,Austin,2024-05-01 00:00:00,2024-05-05 00:00:00,Resolved,No
EVT85330C4F,Inventory Shortage,Warning,IT,EMP2768F592,New York,2024-07-16 00:00:00,2024-07-19 00:00:00,Resolved,No
EVTA9153C24,Compliance Issue,Warning,Operations,EMP0183B8D3,Houston,2024-12-02 00:00:00,2024-12-08 00:00:00,Resolved,No
EVT46123962,Compliance Issue,Warning,Marketing,EMP69BE2121,Los Angeles,2024-10-27 00:00:00,2024-11-03 00:00:00,Resolved,Yes
EVT6195FA4A,Compliance Issue,Warning,Operations,EMP9088DCC5,Chicago,2024-08-10 00:00:00,2024-08-16 00:00:00,Resolved,No
EVT75034521,Equipment Failure,Critical,IT,EMP27EA2133,Chicago,2024-09-16 00:00:00,2024-09-18 00:00:00,Resolved,No
EVTECAB8D80,Purchase Request,Normal,Marketing,EMP43355C55,Los Angeles,2024-09-09 00:00:00,2024-09-16 00:00:00,Resolved,No
EVTF2ABD0E2,Purchase Request,Normal,Quality,EMPD6A9C396,San Jose,2024-12-07 00:00:00,2024-12-20 00:00:00,Resolved,No
EVTE43F87D9,Inventory Shortage,Normal,Finance,EMPCC56ADE8,Austin,2024-09-26 00:00:00,,Pending,No
EVT513334D3,Equipment Failure,Critical,Marketing,EMPCBCD501A,Chicago,2024-05-07 00:00:00,2024-05-09 00:00:00,Resolved,No
EVT86510F5D,Customer Escalation,Critical,Marketing,EMP6D73B3C7,San Diego,2024-03-17 00:00:00,2024-03-19 00:00:00,Resolved,No
EVT24985308,Customer Escalation,Warning,Sales,EMP593448E1,Austin,2024-02-29 00:00:00,2024-03-03 00:00:00,Resolved,Yes
EVT5E8C58B0,Cyber Alert,Critical,Procurement,EMP87DD11BD,Austin,2024-12-07 00:00:00,2024-12-09 00:00:00,Resolved,No
EVT34817714,Equipment Failure,Critical,IT,EMP660AF96D,Austin,2024-11-16 00:00:00,,Pending,No
EVT3D1CA44E,Cyber Alert,Critical,Sales,EMPC29E46D2,San Diego,2024-07-19 00:00:00,2024-07-22 00:00:00,Resolved,Yes
EVT92349558,Compliance Issue,Critical,Manufacturing,EMP26AA3D97,Houston,2024-07-20 00:00:00,,Pending,Yes
EVT104ED151,Cyber Alert,Warning,IT,EMP01CF030C,Los Angeles,2024-01-23 00:00:00,2024-01-30 00:00:00,Resolved,No
EVTF23C71C2,Equipment Failure,Critical,Sales,EMP816E9FDD,Jacksonville,2024-12-31 00:00:00,,Pending,No
EVT789C6F1D,Purchase Request,Warning,HR,EMP73D2B77A,Phoenix,2024-01-24 00:00:00,2024-01-30 00:00:00,Resolved,No
EVTBEA8D5FC,Inventory Shortage,Critical,Operations,EMPC1B38571,Philadelphia,2024-02-20 00:00:00,,Pending,No
EVTD0237C09,Customer Escalation,Warning,Procurement,EMP9F78F913,New York,2024-11-21 00:00:00,2024-11-25 00:00:00,Resolved,Yes
EVT55723880,Purchase Request,Normal,HR,EMP8B3E0E85,Houston,2024-04-15 00:00:00,2024-04-22 00:00:00,Resolved,Yes
EVT6D79DD77,Inventory Shortage,Normal,Sales,EMPD3A9E3B7,Phoenix,2024-05-24 00:00:00,2024-06-07 00:00:00,Resolved,No
EVT2D8EF467,Employee Injury,Critical,Quality,EMPB6DEDB37,San Jose,2024-05-10 00:00:00,2024-05-13 00:00:00,Resolved,Yes
EVTF9BB0E53,Inventory Shortage,Normal,Sales,EMP43513D3D,Jacksonville,2024-05-04 00:00:00,2024-05-13 00:00:00,Resolved,No
EVT71F13E46,Cyber Alert,Warning,Sales,EMP3B9BC95A,Phoenix,2024-07-03 00:00:00,2024-07-09 00:00:00,Resolved,Yes
EVT6152B861,Vendor Delay,Normal,Sales,EMPDB9BBA03,Dallas,2024-07-10 00:00:00,2024-07-25 00:00:00,Resolved,No
EVTF1A7D146,Inventory Shortage,Normal,Logistics,EMPB312B949,Austin,2024-10-14 00:00:00,,Pending,No
EVT6FCB42D4,Customer Escalation,Warning,Sales,EMPC1F202EC,Los Angeles,2024-05-29 00:00:00,2024-06-01 00:00:00,Resolved,No
EVTB003B6EE,Equipment Failure,Warning,Sales,EMP4E528343,Phoenix,2024-01-08 00:00:00,2024-01-11 00:00:00,Escalated,No
EVT692CFECB,Cyber Alert,Normal,Finance,EMPD3942255,Philadelphia,2024-04-13 00:00:00,2024-04-22 00:00:00,Escalated,No
EVTDE043A53,Purchase Request,Normal,Procurement,EMPAD62D66B,Phoenix,2024-11-03 00:00:00,2024-11-10 00:00:00,Resolved,Yes
EVT7580B5F7,Purchase Request,Normal,HR,EMPE76A2DE6,Dallas,2024-02-23 00:00:00,,Pending,Yes
EVT32885AB1,Machine Breakdown,Critical,Marketing,EMP70F2DAC9,San Antonio,2024-03-23 00:00:00,2024-03-26 00:00:00,Resolved,No
EVTB34FEA40,Purchase Request,Normal,Manufacturing,EMPD067907F,Phoenix,2024-03-21 00:00:00,2024-04-04 00:00:00,Resolved,No
EVTEBB81603,Power Outage,Critical,IT,EMP021E95F7,Phoenix,2024-03-17 00:00:00,2024-03-20 00:00:00,Resolved,No
EVTF46678B4,Vendor Delay,Warning,Manufacturing,EMPA7CD97B8,New York,2024-03-21 00:00:00,2024-03-28 00:00:00,Resolved,No
EVTF91FCD30,Equipment Failure,Critical,Logistics,EMP12407DF8,Philadelphia,2024-11-29 00:00:00,2024-12-01 00:00:00,Resolved,Yes
EVT26EAF516,Vendor Delay,Critical,Marketing,EMPA1489C45,Phoenix,2024-06-11 00:00:00,,Pending,No
EVT9403D895,Employee Injury,Critical,Operations,EMP0BA699BB,New York,2024-10-05 00:00:00,2024-10-06 00:00:00,Resolved,Yes
EVT9B9EEAA7,Employee Injury,Warning,Marketing,EMP45C6827A,Houston,2024-09-27 00:00:00,2024-10-03 00:00:00,Resolved,No
EVT93840050,Inventory Shortage,Normal,Finance,EMP9634CCBE,Chicago,2024-04-21 00:00:00,,Pending,Yes
EVT3834B55E,Compliance Issue,Warning,IT,EMP68E25F9D,San Jose,2024-08-09 00:00:00,2024-08-15 00:00:00,Resolved,No
EVTB26C2087,Employee Injury,Critical,Operations,EMPE1ED995B,Jacksonville,2024-01-05 00:00:00,,Pending,No
EVTD32573A1,Purchase Request,Normal,Logistics,EMP1BD01EF2,Dallas,2024-06-17 00:00:00,2024-06-26 00:00:00,Resolved,Yes
EVT6EF4003D,Machine Breakdown,Critical,Quality,EMPB9ACD3B2,Jacksonville,2024-02-18 00:00:00,2024-02-21 00:00:00,Resolved,Yes
EVTD54590A2,Inventory Shortage,Critical,Sales,EMP04EB0C24,Philadelphia,2024-05-09 00:00:00,,Pending,No
EVTD1CD3AC8,Equipment Failure,Critical,IT,EMP57A05738,Chicago,2024-06-22 00:00:00,2024-06-24 00:00:00,Resolved,Yes
EVTC7306D44,Equipment Failure,Critical,Sales,EMPB8620C65,Los Angeles,2024-09-01 00:00:00,2024-09-03 00:00:00,Resolved,No
EVTBB6FB7F7,Vendor Delay,Warning,Operations,EMPE1E9A339,Austin,2024-06-09 00:00:00,2024-06-15 00:00:00,Resolved,No
EVTA60FCAC8,Compliance Issue,Warning,Logistics,EMPFBD0D0AC,Los Angeles,2024-05-17 00:00:00,2024-05-21 00:00:00,Resolved,No
EVT33C05805,Power Outage,Critical,Logistics,EMP65230CC0,San Diego,2024-07-10 00:00:00,2024-07-12 00:00:00,Resolved,No
EVTDC04D32F,Purchase Request,Normal,HR,EMP5DFC9BFC,San Antonio,2024-07-17 00:00:00,2024-07-26 00:00:00,Resolved,No
EVT12B46FE4,Cyber Alert,Warning,Finance,EMPA287E415,San Antonio,2024-10-31 00:00:00,2024-11-04 00:00:00,Resolved,Yes
EVT518D5AD3,Inventory Shortage,Warning,Quality,EMP5B1CC51D,Chicago,2024-08-20 00:00:00,2024-08-27 00:00:00,Resolved,Yes
EVT8AB52B08,Equipment Failure,Critical,IT,EMP5F344F36,Chicago,2024-04-10 00:00:00,,Pending,No
EVTD0E0DC9B,Cyber Alert,Critical,Procurement,EMPB5735EC0,San Diego,2024-07-28 00:00:00,2024-07-29 00:00:00,Resolved,Yes
EVT3EE9FC0C,Employee Injury,Warning,Marketing,EMP70BF8DC7,San Diego,2024-02-28 00:00:00,2024-03-06 00:00:00,Resolved,No
EVTEB299F9B,Inventory Shortage,Normal,Sales,EMPD15FE008,New York,2024-10-18 00:00:00,2024-11-02 00:00:00,Resolved,Yes
EVT1576C9D6,Inventory Shortage,Normal,HR,EMPF6841E8C,Jacksonville,2024-12-29 00:00:00,2025-01-10 00:00:00,Resolved,No
EVT15883082,Cyber Alert,Critical,Sales,EMPDA0BF8F9,New York,2024-05-14 00:00:00,,Pending,Yes
EVTE3BEE5DC,Compliance Issue,Warning,Procurement,EMP68B04994,Chicago,2024-10-03 00:00:00,2024-10-10 00:00:00,Escalated,Yes
EVTDEC8BCE9,Employee Injury,Critical,Logistics,EMPC5B7CCE4,Philadelphia,2024-05-27 00:00:00,2024-05-28 00:00:00,Resolved,No
EVT0BB50275,Vendor Delay,Warning,Operations,EMPCBF45F29,San Antonio,2024-04-23 00:00:00,,Pending,No
EVT9EB3CDE0,Machine Breakdown,Critical,Quality,EMPF33AD6D2,Chicago,2024-12-07 00:00:00,2024-12-09 00:00:00,Escalated,No
EVTE7BAB9E1,Inventory Shortage,Normal,IT,EMP81599C94,Los Angeles,2024-07-01 00:00:00,,Pending,No
EVT4B7FB984,Inventory Shortage,Normal,Procurement,EMP3D77EEE5,New York,2024-06-15 00:00:00,2024-06-23 00:00:00,Resolved,No
EVTEB1B96CE,Purchase Request,Warning,Marketing,EMP3ADF7DE5,Houston,2024-08-08 00:00:00,,Pending,No
EVT009136C5,Inventory Shortage,Warning,Procurement,EMPD6C103AD,San Jose,2024-02-06 00:00:00,2024-02-13 00:00:00,Resolved,No
EVT516A33BD,Inventory Shortage,Normal,HR,EMPE1EEA1B8,Houston,2024-06-21 00:00:00,2024-07-02 00:00:00,Resolved,Yes
EVT4D4C2AD8,Cyber Alert,Critical,Logistics,EMP8EA7C054,Jacksonville,2024-10-24 00:00:00,,Pending,No
EVT226A7781,Power Outage,Critical,Manufacturing,EMPFB5C42B7,Chicago,2024-09-13 00:00:00,2024-09-15 00:00:00,Resolved,No
EVT6B4B45C1,Compliance Issue,Warning,HR,EMPA6277E6B,Jacksonville,2024-12-04 00:00:00,,Pending,Yes
EVTBB90838D,Power Outage,Critical,Sales,EMPAE1ADA1A,Dallas,2024-12-27 00:00:00,,Pending,No
EVT974F0ADC,Vendor Delay,Critical,Marketing,EMPC423FF3E,Austin,2024-08-04 00:00:00,2024-08-05 00:00:00,Resolved,Yes
EVTDD647B83,Machine Breakdown,Normal,IT,EMP05583BF3,Austin,2024-06-27 00:00:00,2024-07-04 00:00:00,Resolved,Yes
EVT1299EB93,Equipment Failure,Warning,Manufacturing,EMP43934201,San Antonio,2024-06-17 00:00:00,2024-06-24 00:00:00,Resolved,No
EVTAC602586,Vendor Delay,Normal,Procurement,EMP40A7AEF8,San Jose,2024-05-26 00:00:00,2024-06-08 00:00:00,Resolved,No
EVT82B19668,Equipment Failure,Normal,Operations,EMP61F68158,Austin,2024-08-06 00:00:00,,Pending,No
EVT215C6358,Customer Escalation,Warning,Logistics,EMP402B8259,Dallas,2024-10-01 00:00:00,2024-10-05 00:00:00,Resolved,No
EVTC6292986,Inventory Shortage,Warning,Sales,EMPE506A9C9,Austin,2024-06-16 00:00:00,2024-06-19 00:00:00,Resolved,Yes
EVT0FB63BCE,Compliance Issue,Warning,IT,EMP4B9DAFAB,Houston,2024-01-21 00:00:00,2024-01-28 00:00:00,Resolved,Yes
EVT73E1FDD3,Machine Breakdown,Warning,Logistics,EMPB93801CD,San Antonio,2024-03-21 00:00:00,,Pending,No
EVT6E8638F4,Purchase Request,Normal,Manufacturing,EMP660CC29B,San Diego,2024-02-01 00:00:00,,Pending,Yes
EVTC2FD841E,Employee Injury,Critical,Procurement,EMPBFF55604,San Antonio,2024-05-21 00:00:00,2024-05-23 00:00:00,Resolved,No
EVT0DCBC14E,Employee Injury,Normal,IT,EMPF58DF144,Los Angeles,2024-11-26 00:00:00,,Pending,Yes
EVT27AF21B7,Machine Breakdown,Critical,Logistics,EMP263FB12A,Jacksonville,2024-10-20 00:00:00,2024-10-21 00:00:00,Resolved,No
EVT4952B9F8,Vendor Delay,Critical,Operations,EMPB67F09C0,Phoenix,2024-04-07 00:00:00,2024-04-08 00:00:00,Resolved,No
EVT7C70A450,Purchase Request,Normal,Marketing,EMP7B852E35,Austin,2024-05-29 00:00:00,,Pending,Yes
EVTA273BF42,Vendor Delay,Warning,Marketing,EMP18C32611,Chicago,2024-03-12 00:00:00,2024-03-17 00:00:00,Resolved,Yes
EVT65206A9B,Cyber Alert,Critical,Finance,EMP3B5E6938,San Diego,2024-02-10 00:00:00,2024-02-11 00:00:00,Escalated,Yes
EVTFEF8F963,Customer Escalation,Warning,HR,EMP9FA88C8C,Austin,2024-09-01 00:00:00,,Pending,No
EVT4A02D357,Employee Injury,Critical,Sales,EMPAE3A9592,Philadelphia,2024-11-19 00:00:00,2024-11-20 00:00:00,Resolved,No
EVTB5AAA267,Vendor Delay,Normal,IT,EMPE137F654,San Diego,2024-07-17 00:00:00,2024-07-25 00:00:00,Resolved,No
EVTD357AEAC,Vendor Delay,Warning,Quality,EMP2104E33F,Houston,2024-09-21 00:00:00,2024-09-25 00:00:00,Resolved,Yes
EVT78512D0B,Customer Escalation,Warning,IT,EMP926AB3EF,San Antonio,2024-07-28 00:00:00,2024-08-01 00:00:00,Resolved,Yes
EVT96B12E49,Power Outage,Critical,Marketing,EMP9F1853B0,Dallas,2024-12-23 00:00:00,2024-12-24 00:00:00,Resolved,No
EVT5256A8D4,Cyber Alert,Critical,Logistics,EMPE3B15286,Dallas,2024-05-01 00:00:00,2024-05-02 00:00:00,Resolved,No
EVTF19CA9E6,Employee Injury,Warning,Marketing,EMPDF882D61,Phoenix,2024-01-06 00:00:00,2024-01-13 00:00:00,Resolved,No
EVTC9B37E89,Machine Breakdown,Critical,Marketing,EMP394C691F,Austin,2024-01-03 00:00:00,2024-01-05 00:00:00,Resolved,No
EVTBA17F51E,Inventory Shortage,Warning,Marketing,EMP22D77C4E,Austin,2024-10-31 00:00:00,,Pending,No
EVT7DF7873F,Employee Injury,Critical,Logistics,EMP5CB3E6E9,San Antonio,2024-05-10 00:00:00,2024-05-12 00:00:00,Resolved,No
EVTA409546F,Inventory Shortage,Normal,HR,EMP1801E162,San Jose,2024-03-17 00:00:00,2024-03-25 00:00:00,Resolved,Yes
EVT915D59B0,Cyber Alert,Warning,HR,EMPA4331E30,Dallas,2024-12-13 00:00:00,2024-12-20 00:00:00,Resolved,No
EVTBE7691B8,Customer Escalation,Warning,Marketing,EMP784951DF,San Antonio,2024-02-28 00:00:00,2024-03-06 00:00:00,Resolved,Yes
EVTAC2B2608,Machine Breakdown,Normal,Quality,EMP56AE1152,Houston,2024-03-10 00:00:00,2024-03-23 00:00:00,Resolved,No
EVT42A8BA0C,Compliance Issue,Warning,Sales,EMP1E2EB528,Philadelphia,2024-03-27 00:00:00,2024-04-02 00:00:00,Resolved,No
EVT90551EFF,Inventory Shortage,Normal,Manufacturing,EMP2C4B3B49,San Antonio,2024-04-17 00:00:00,2024-04-27 00:00:00,Escalated,No
EVT5C130408,Compliance Issue,Critical,Finance,EMP7A167CF2,San Jose,2024-10-29 00:00:00,2024-10-31 00:00:00,Resolved,No
EVT4996192D,Cyber Alert,Critical,Logistics,EMPEB3D37E0,San Diego,2024-03-03 00:00:00,2024-03-06 00:00:00,Resolved,No
EVT138D7143,Employee Injury,Warning,Sales,EMP8686BD80,San Diego,2024-05-09 00:00:00,2024-05-15 00:00:00,Resolved,No
EVTAD5240D9,Inventory Shortage,Normal,Operations,EMP7D651756,Jacksonville,2024-01-24 00:00:00,2024-02-07 00:00:00,Resolved,No
EVTFFD68A8D,Employee Injury,Warning,HR,EMP75B03E1E,Houston,2024-09-11 00:00:00,2024-09-16 00:00:00,Resolved,No
EVT16BAA5A0,Cyber Alert,Critical,Marketing,EMP6757C258,Los Angeles,2024-09-29 00:00:00,2024-10-02 00:00:00,Resolved,Yes
EVT9482CB9F,Cyber Alert,Critical,Quality,EMP0F4EFF68,New York,2024-12-05 00:00:00,,Pending,No
EVTC0B2AA7B,Employee Injury,Critical,Quality,EMPD8798461,Dallas,2024-02-02 00:00:00,2024-02-05 00:00:00,Escalated,Yes
EVTBD03F3FE,Power Outage,Critical,Manufacturing,EMP40B51B96,San Diego,2024-02-25 00:00:00,2024-02-28 00:00:00,Resolved,No
EVT83B9DE6A,Employee Injury,Critical,Sales,EMP3435C670,Chicago,2024-08-11 00:00:00,2024-08-14 00:00:00,Resolved,No
EVTB43B4C18,Vendor Delay,Warning,Operations,EMP8F0503B7,San Diego,2024-12-08 00:00:00,2024-12-11 00:00:00,Resolved,No
EVT50F44C6A,Cyber Alert,Critical,Quality,EMP8063FD37,Los Angeles,2024-02-24 00:00:00,2024-02-27 00:00:00,Resolved,No
EVT25D308FA,Inventory Shortage,Normal,HR,EMPB13B2C16,San Jose,2024-12-02 00:00:00,2024-12-17 00:00:00,Resolved,No
EVT14482D27,Purchase Request,Normal,Finance,EMPA1BC744C,Los Angeles,2024-10-20 00:00:00,2024-10-28 00:00:00,Resolved,Yes
EVTA376C5B8,Purchase Request,Warning,HR,EMP866E4D7B,Philadelphia,2024-09-18 00:00:00,2024-09-25 00:00:00,Resolved,No
EVT37A70D6D,Vendor Delay,Critical,Procurement,EMP7B23357D,New York,2024-03-15 00:00:00,2024-03-16 00:00:00,Resolved,Yes
EVT63DA9A00,Employee Injury,Critical,Manufacturing,EMP6EB5D3D0,New York,2024-08-13 00:00:00,2024-08-15 00:00:00,Resolved,No
EVT9A702DF6,Machine Breakdown,Critical,Manufacturing,EMPE6956135,San Diego,2024-03-29 00:00:00,,Pending,Yes
EVTC96E8BBA,Purchase Request,Normal,HR,EMP82DC567F,Philadelphia,2024-09-22 00:00:00,2024-10-05 00:00:00,Resolved,Yes
EVT7A5E7A7A,Employee Injury,Warning,Operations,EMPC9F3DEA6,Phoenix,2024-06-07 00:00:00,,Pending,No
EVT50D4A461,Customer Escalation,Normal,Procurement,EMP9DC6B6C3,New York,2024-07-09 00:00:00,,Pending,No
EVTFDC720F7,Power Outage,Warning,Finance,EMPADDECD48,Austin,2024-07-18 00:00:00,,Pending,Yes
EVT975AC531,Purchase Request,Warning,Finance,EMP4D5176EA,Chicago,2024-07-24 00:00:00,2024-07-29 00:00:00,Resolved,Yes
EVT06179099,Power Outage,Warning,Sales,EMP39CCA61A,Philadelphia,2024-10-02 00:00:00,2024-10-07 00:00:00,Resolved,Yes
EVT8A83FAC8,Inventory Shortage,Warning,Operations,EMP07AF7C3F,Dallas,2024-11-26 00:00:00,2024-12-02 00:00:00,Escalated,Yes
EVTC130CEAA,Inventory Shortage,Critical,Procurement,EMP2BF637C0,Philadelphia,2024-04-30 00:00:00,2024-05-02 00:00:00,Resolved,Yes
EVT47493E3C,Vendor Delay,Normal,Logistics,EMP9E262BCA,New York,2024-07-26 00:00:00,2024-08-03 00:00:00,Resolved,No
EVTADCB903C,Equipment Failure,Warning,HR,EMPF9BA7BF4,New York,2024-10-17 00:00:00,2024-10-20 00:00:00,Resolved,Yes
EVTB6D7932D,Employee Injury,Critical,Sales,EMPF4B4FA4E,New York,2024-04-06 00:00:00,2024-04-08 00:00:00,Resolved,No
EVT977C25C5,Power Outage,Critical,Operations,EMPC3E8D6A2,Chicago,2024-01-29 00:00:00,2024-02-01 00:00:00,Resolved,No
EVT08C480E4,Compliance Issue,Critical,Procurement,EMP4D2F6741,Austin,2024-03-25 00:00:00,2024-03-28 00:00:00,Resolved,No
EVTBBDE7D0F,Cyber Alert,Critical,Manufacturing,EMP0A9BDB65,Austin,2024-11-08 00:00:00,,Pending,Yes
EVT588A07D8,Cyber Alert,Warning,IT,EMP635CACD4,San Diego,2024-09-28 00:00:00,2024-10-03 00:00:00,Resolved,Yes
EVTCD3EB60C,Inventory Shortage,Normal,Quality,EMP4E51FBC4,Phoenix,2024-03-13 00:00:00,2024-03-24 00:00:00,Resolved,Yes
EVT076B0739,Cyber Alert,Warning,Operations,EMPBF8B1B73,San Jose,2024-10-28 00:00:00,2024-11-01 00:00:00,Resolved,No
EVTCB19B908,Equipment Failure,Critical,HR,EMPDCE527F2,San Diego,2024-06-23 00:00:00,,Pending,Yes
EVT58481419,Equipment Failure,Warning,Manufacturing,EMP1B03225E,San Diego,2024-07-12 00:00:00,,Pending,Yes
EVT71BAEA80,Employee Injury,Critical,IT,EMP75B4E660,Phoenix,2024-05-26 00:00:00,2024-05-28 00:00:00,Resolved,No
EVT68A548DA,Equipment Failure,Critical,IT,EMP2EB505F9,Dallas,2024-08-25 00:00:00,2024-08-27 00:00:00,Resolved,No
EVT22F38E94,Equipment Failure,Warning,Quality,EMP16104475,Houston,2024-09-27 00:00:00,2024-10-04 00:00:00,Resolved,No
EVTD1AEC91D,Customer Escalation,Critical,Manufacturing,EMPE617D6AB,Philadelphia,2024-09-02 00:00:00,2024-09-03 00:00:00,Resolved,No
EVT9B320DE9,Employee Injury,Warning,Logistics,EMP74FCAFD5,New York,2024-07-05 00:00:00,,Pending,No
EVTFFEC3AE5,Customer Escalation,Warning,Operations,EMPBF9FE92F,San Jose,2024-07-01 00:00:00,2024-07-06 00:00:00,Escalated,No
EVT9518441D,Machine Breakdown,Critical,Quality,EMP5D8A6628,Phoenix,2024-05-30 00:00:00,2024-06-02 00:00:00,Resolved,No
EVTDB5F8199,Inventory Shortage,Critical,Logistics,EMP3420C8AC,Austin,2024-04-23 00:00:00,2024-04-26 00:00:00,Resolved,No
EVT02D1B8FB,Cyber Alert,Normal,Sales,EMPF9D738F5,Chicago,2024-02-26 00:00:00,,Pending,No
EVT39D3B62C,Purchase Request,Normal,Sales,EMP56F19B12,Dallas,2024-03-27 00:00:00,,Pending,No
EVTAFA874DA,Customer Escalation,Warning,HR,EMP04D82A7F,Houston,2024-04-19 00:00:00,,Pending,No
EVT3C5D882C,Vendor Delay,Normal,Marketing,EMP903F9CEF,Chicago,2024-08-21 00:00:00,,Pending,Yes
EVTF17B00F5,Customer Escalation,Warning,Quality,EMPA17CDA7C,Philadelphia,2024-06-28 00:00:00,2024-07-04 00:00:00,Resolved,No
EVTA47DFDB7,Customer Escalation,Warning,Finance,EMP4C0CF949,Dallas,2024-02-01 00:00:00,,Pending,No
EVT58D797BB,Inventory Shortage,Critical,Finance,EMP47D958CE,San Jose,2024-05-31 00:00:00,2024-06-03 00:00:00,Resolved,Yes
EVT123C0F8E,Inventory Shortage,Normal,IT,EMPD060D723,San Diego,2024-08-11 00:00:00,,Pending,No
EVT3026D66F,Power Outage,Warning,Finance,EMP6D0777A7,San Diego,2024-06-26 00:00:00,2024-07-02 00:00:00,Resolved,Yes
EVT934AFAD0,Inventory Shortage,Normal,HR,EMP5AE241ED,Chicago,2024-07-28 00:00:00,2024-08-08 00:00:00,Resolved,No
EVTD9C980C7,Vendor Delay,Critical,Marketing,EMP5AAB368F,Houston,2024-03-11 00:00:00,2024-03-12 00:00:00,Resolved,No
EVT80161D7E,Customer Escalation,Normal,Sales,EMP6DFEC8C7,Dallas,2024-01-27 00:00:00,2024-02-07 00:00:00,Resolved,No
EVT735228AF,Inventory Shortage,Warning,Sales,EMP36AE4C04,Philadelphia,2024-09-19 00:00:00,2024-09-25 00:00:00,Resolved,No
EVT677BB40B,Equipment Failure,Warning,Operations,EMP17659BE6,Chicago,2024-07-11 00:00:00,,Pending,No
EVT63912DAC,Inventory Shortage,Critical,IT,EMPD5EE7AC3,Dallas,2024-09-17 00:00:00,2024-09-20 00:00:00,Resolved,Yes
EVT796F5BB5,Machine Breakdown,Warning,Finance,EMPAD672699,San Antonio,2024-06-10 00:00:00,2024-06-16 00:00:00,Resolved,No
EVT9DBAC55F,Customer Escalation,Critical,Manufacturing,EMP1EA588B9,San Jose,2024-07-07 00:00:00,2024-07-08 00:00:00,Resolved,No
EVT2BA6E8D8,Machine Breakdown,Warning,Manufacturing,EMP2B044AB4,San Antonio,2024-02-05 00:00:00,2024-02-11 00:00:00,Resolved,No
EVTF9A6CFD5,Employee Injury,Critical,Manufacturing,EMP30A6DB00,Houston,2024-02-18 00:00:00,2024-02-19 00:00:00,Resolved,No
EVT14260879,Customer Escalation,Normal,Quality,EMP69F269BF,Philadelphia,2024-09-05 00:00:00,2024-09-16 00:00:00,Resolved,No
EVT2B769879,Machine Breakdown,Critical,Sales,EMP1D9223C7,Philadelphia,2024-11-20 00:00:00,2024-11-22 00:00:00,Resolved,No
EVT4C099BC4,Equipment Failure,Critical,Finance,EMP96F93AE0,Los Angeles,2024-10-23 00:00:00,2024-10-24 00:00:00,Resolved,No
EVT7BEE0A27,Customer Escalation,Warning,Marketing,EMPA5B6FC0D,Phoenix,2024-02-14 00:00:00,2024-02-21 00:00:00,Resolved,No
EVT857A453C,Customer Escalation,Normal,HR,EMP60B2AEB2,Chicago,2024-10-25 00:00:00,2024-11-03 00:00:00,Resolved,Yes
EVTF1F86960,Customer Escalation,Warning,IT,EMP1909E0EE,San Jose,2024-05-06 00:00:00,2024-05-13 00:00:00,Resolved,No
EVT9466F7EA,Cyber Alert,Normal,Manufacturing,EMP0F9F594E,Philadelphia,2024-04-23 00:00:00,2024-05-08 00:00:00,Resolved,Yes
EVTDB31D362,Purchase Request,Warning,Sales,EMP45B63F60,Phoenix,2024-02-18 00:00:00,2024-02-21 00:00:00,Resolved,No
EVT50986AFC,Cyber Alert,Critical,Operations,EMP288FE452,Phoenix,2024-06-06 00:00:00,2024-06-07 00:00:00,Resolved,No
EVTE6F5AF47,Power Outage,Critical,Sales,EMP14364796,Chicago,2024-03-10 00:00:00,2024-03-12 00:00:00,Resolved,Yes
EVT6D794861,Compliance Issue,Warning,Manufacturing,EMP181EE500,Chicago,2024-12-28 00:00:00,,Pending,Yes
EVT6CF685A7,Compliance Issue,Warning,Quality,EMPD7A1A274,Austin,2024-01-25 00:00:00,2024-01-31 00:00:00,Resolved,No
EVTE0BEE47C,Equipment Failure,Critical,Sales,EMP82590591,San Antonio,2024-03-21 00:00:00,2024-03-23 00:00:00,Resolved,No
EVT4288AED3,Purchase Request,Normal,Finance,EMP48638A3C,Chicago,2024-09-13 00:00:00,2024-09-23 00:00:00,Resolved,Yes
EVT2891EDEA,Equipment Failure,Critical,IT,EMP4BA78239,Philadelphia,2024-05-01 00:00:00,,Pending,Yes
EVT5C1AC9EB,Vendor Delay,Critical,Procurement,EMP208216B2,Houston,2024-01-01 00:00:00,2024-01-02 00:00:00,Resolved,Yes
EVT46742BBB,Equipment Failure,Warning,Sales,EMP77C21795,Houston,2024-12-22 00:00:00,2024-12-27 00:00:00,Resolved,No
EVT1EB6DCBE,Machine Breakdown,Warning,Sales,EMPF1A40370,San Jose,2024-01-02 00:00:00,2024-01-09 00:00:00,Resolved,No
EVTCCB1C174,Employee Injury,Critical,Manufacturing,EMPCD95A3A5,Jacksonville,2024-03-09 00:00:00,2024-03-11 00:00:00,Resolved,Yes
EVT11EE7485,Vendor Delay,Normal,Logistics,EMP8D7721AF,Chicago,2024-03-30 00:00:00,2024-04-06 00:00:00,Resolved,No
EVT8AD67168,Compliance Issue,Normal,Manufacturing,EMPF4EF030E,San Diego,2024-02-07 00:00:00,2024-02-20 00:00:00,Resolved,Yes
EVTFAE365F9,Compliance Issue,Warning,Sales,EMP04D82A7F,Phoenix,2024-02-15 00:00:00,2024-02-21 00:00:00,Escalated,No
EVTFB6C8B8A,Power Outage,Critical,Quality,EMP2DB11931,New York,2024-08-25 00:00:00,2024-08-28 00:00:00,Resolved,No
EVT4342D22E,Cyber Alert,Normal,Procurement,EMPD3441A31,Chicago,2024-11-27 00:00:00,,Pending,No
EVTCBDD3D5D,Compliance Issue,Critical,IT,EMP9CA1F5F7,San Jose,2024-01-27 00:00:00,2024-01-30 00:00:00,Resolved,Yes
EVT9A591934,Power Outage,Critical,Quality,EMP357753A0,Houston,2024-10-07 00:00:00,,Pending,Yes
EVT57FFCE32,Power Outage,Warning,IT,EMPAE582BFF,Jacksonville,2024-03-01 00:00:00,,Pending,Yes
EVT47A15F91,Inventory Shortage,Normal,Sales,EMPD2136E5A,New York,2024-01-05 00:00:00,2024-01-19 00:00:00,Resolved,Yes
EVT10AFC134,Equipment Failure,Critical,Procurement,EMPB9356D4F,Los Angeles,2024-07-25 00:00:00,2024-07-26 00:00:00,Escalated,No
EVT263AEA50,Inventory Shortage,Warning,Logistics,EMPD4EF302B,Austin,2024-10-05 00:00:00,2024-10-11 00:00:00,Resolved,No
EVT333E352A,Power Outage,Warning,Marketing,EMP6C9775CC,New York,2024-06-30 00:00:00,,Pending,Yes
EVT52F319C6,Employee Injury,Critical,Manufacturing,EMPEAA4593E,Chicago,2024-01-15 00:00:00,,Pending,No
EVT1CDB3346,Machine Breakdown,Critical,Sales,EMPF13CD1F6,San Diego,2024-06-20 00:00:00,,Pending,Yes
EVTC2F7650C,Equipment Failure,Critical,Procurement,EMP9D59DA86,San Jose,2024-12-27 00:00:00,2024-12-29 00:00:00,Resolved,Yes
EVT2296EE52,Power Outage,Critical,Quality,EMP5B0AA825,Austin,2024-03-14 00:00:00,,Pending,Yes
EVT2775BE5B,Vendor Delay,Normal,Procurement,EMP6DE1AA5F,Phoenix,2024-11-23 00:00:00,,Pending,No
EVTB03807DB,Machine Breakdown,Critical,Manufacturing,EMP76047A73,San Antonio,2024-05-08 00:00:00,2024-05-10 00:00:00,Resolved,No
EVT993554A4,Customer Escalation,Critical,Finance,EMP0BBFC38F,Chicago,2024-08-28 00:00:00,2024-08-30 00:00:00,Resolved,Yes
EVTBF0D030A,Cyber Alert,Warning,Operations,EMPE4714BBC,Philadelphia,2024-04-30 00:00:00,2024-05-03 00:00:00,Resolved,No
EVT446AB7E8,Equipment Failure,Critical,Quality,EMPBEBD93EB,Phoenix,2024-06-08 00:00:00,2024-06-09 00:00:00,Resolved,No
EVTE79FAE0A,Power Outage,Warning,Operations,EMP43B412D8,Austin,2024-04-23 00:00:00,2024-04-26 00:00:00,Resolved,Yes
EVT9D0DC1B9,Power Outage,Warning,Operations,EMP8D867109,Jacksonville,2024-02-19 00:00:00,2024-02-23 00:00:00,Resolved,No
EVT232A521A,Cyber Alert,Warning,Quality,EMP9DF1BD32,San Diego,2024-02-06 00:00:00,2024-02-11 00:00:00,Resolved,No
EVT5E6D1426,Power Outage,Warning,HR,EMP93DB5A23,Houston,2024-10-31 00:00:00,2024-11-04 00:00:00,Resolved,No
EVTD9B4830C,Employee Injury,Warning,Operations,EMPCC0B9479,San Antonio,2024-02-19 00:00:00,,Pending,No
EVTFE23B9F2,Cyber Alert,Warning,Sales,EMP2B96E124,Los Angeles,2024-01-29 00:00:00,2024-02-04 00:00:00,Resolved,No
EVTE9C3BE80,Vendor Delay,Warning,Finance,EMP514BE024,Los Angeles,2024-03-16 00:00:00,2024-03-22 00:00:00,Resolved,No
EVT4474D17C,Equipment Failure,Critical,Finance,EMP6E3785A9,Dallas,2024-12-27 00:00:00,2024-12-28 00:00:00,Resolved,No
EVTB8D2AEB8,Compliance Issue,Normal,Quality,EMPFD300C0F,Philadelphia,2024-03-02 00:00:00,2024-03-15 00:00:00,Resolved,Yes
EVTACA6967B,Machine Breakdown,Normal,Finance,EMP57131EAF,New York,2024-09-01 00:00:00,2024-09-14 00:00:00,Resolved,Yes
EVT23880FAC,Purchase Request,Normal,Procurement,EMP24D2D209,San Antonio,2024-12-26 00:00:00,2025-01-08 00:00:00,Resolved,Yes
EVT9952F23F,Customer Escalation,Warning,Procurement,EMP00465E1D,Austin,2024-03-09 00:00:00,2024-03-12 00:00:00,Resolved,No
EVT97FB0948,Cyber Alert,Normal,Procurement,EMPB9218C5C,Los Angeles,2024-08-13 00:00:00,,Pending,No
EVT920BBD88,Employee Injury,Critical,Quality,EMP868C8C0E,Jacksonville,2024-11-28 00:00:00,2024-11-29 00:00:00,Resolved,No
EVT8786A913,Equipment Failure,Normal,Marketing,EMPE6DFB188,Jacksonville,2024-08-19 00:00:00,2024-08-27 00:00:00,Resolved,No
EVT6A7490C3,Equipment Failure,Critical,Procurement,EMPEEBC2716,Austin,2024-09-30 00:00:00,2024-10-02 00:00:00,Resolved,Yes
EVT1C1BAB0C,Vendor Delay,Critical,Manufacturing,EMPBDCCFC3E,Philadelphia,2024-10-19 00:00:00,,Pending,No
EVT2B74E233,Cyber Alert,Critical,Operations,EMP620169C4,Los Angeles,2024-04-30 00:00:00,2024-05-03 00:00:00,Resolved,No
EVTBAF59B71,Employee Injury,Critical,Quality,EMP2198E037,Houston,2024-09-19 00:00:00,2024-09-22 00:00:00,Resolved,Yes
EVT99906DB2,Inventory Shortage,Warning,Logistics,EMPE727CB22,Los Angeles,2024-11-22 00:00:00,2024-11-26 00:00:00,Resolved,Yes
EVT5B642029,Machine Breakdown,Normal,Procurement,EMPCBD9C55D,Philadelphia,2024-07-25 00:00:00,2024-08-07 00:00:00,Resolved,No
EVT873827B4,Inventory Shortage,Warning,Operations,EMPA357C8A5,San Jose,2024-08-29 00:00:00,2024-09-03 00:00:00,Resolved,No
EVTA618C6F5,Equipment Failure,Critical,Quality,EMP6D7AE3A4,Los Angeles,2024-12-19 00:00:00,,Pending,No
EVTD4398ABA,Inventory Shortage,Critical,HR,EMPF7D16F24,Dallas,2024-07-28 00:00:00,2024-07-31 00:00:00,Resolved,Yes
EVTDA53F194,Equipment Failure,Warning,Sales,EMP04F34F48,New York,2024-06-19 00:00:00,2024-06-26 00:00:00,Escalated,No
EVT3F533E62,Customer Escalation,Warning,Operations,EMP54DA6FA1,Philadelphia,2024-02-20 00:00:00,2024-02-25 00:00:00,Resolved,No
EVT940C602F,Compliance Issue,Critical,IT,EMP824A39C3,Austin,2024-04-18 00:00:00,,Pending,No
EVT564D55F7,Cyber Alert,Critical,Quality,EMP2C16F81A,Jacksonville,2024-12-02 00:00:00,,Pending,No
EVT3AABEA97,Power Outage,Critical,HR,EMP2F0DDE07,San Jose,2024-05-20 00:00:00,2024-05-23 00:00:00,Resolved,Yes
EVTDD11F1DE,Employee Injury,Critical,Operations,EMP097CEBDE,Dallas,2024-11-06 00:00:00,,Pending,No
EVTDCEA2399,Employee Injury,Critical,Procurement,EMP658009B3,San Jose,2024-07-21 00:00:00,2024-07-23 00:00:00,Resolved,No
EVT2C76932F,Cyber Alert,Warning,Finance,EMP2D5EDD1B,Los Angeles,2024-12-02 00:00:00,,Pending,Yes
EVTB0D75605,Inventory Shortage,Normal,IT,EMP18AB4633,Chicago,2024-07-10 00:00:00,,Pending,No
EVTE8B3A714,Employee Injury,Critical,Finance,EMPC1BFFF3A,Los Angeles,2024-05-25 00:00:00,2024-05-26 00:00:00,Resolved,No
EVTB0DFBF01,Customer Escalation,Critical,Logistics,EMP381F62BF,Austin,2024-02-25 00:00:00,2024-02-26 00:00:00,Resolved,Yes
EVT2A474D95,Inventory Shortage,Critical,Procurement,EMP36FFF468,San Antonio,2024-08-04 00:00:00,2024-08-07 00:00:00,Resolved,No
EVT6B1EA024,Vendor Delay,Warning,Operations,EMP4950B5F2,Philadelphia,2024-02-08 00:00:00,2024-02-13 00:00:00,Resolved,No
EVT06B49780,Employee Injury,Critical,IT,EMP125A25AE,San Diego,2024-06-21 00:00:00,2024-06-23 00:00:00,Resolved,No
EVT6E46CD78,Vendor Delay,Warning,Manufacturing,EMPE43CE421,Jacksonville,2024-09-21 00:00:00,2024-09-25 00:00:00,Resolved,Yes
EVT34D61186,Machine Breakdown,Warning,Operations,EMP358DE6A4,Los Angeles,2024-07-14 00:00:00,2024-07-20 00:00:00,Resolved,Yes
EVTAD4E09DA,Vendor Delay,Warning,IT,EMPE2925ECE,New York,2024-03-30 00:00:00,2024-04-04 00:00:00,Resolved,Yes
EVTF3D4418D,Purchase Request,Normal,Marketing,EMPD38AF1DA,San Diego,2024-01-24 00:00:00,2024-02-04 00:00:00,Resolved,No
EVTCC187569,Machine Breakdown,Warning,Procurement,EMP50F324D2,Jacksonville,2024-07-22 00:00:00,2024-07-28 00:00:00,Resolved,No
EVT017EB527,Machine Breakdown,Warning,Procurement,EMP43C78FAD,Phoenix,2024-09-19 00:00:00,2024-09-24 00:00:00,Resolved,No
EVT2F10A866,Equipment Failure,Critical,Operations,EMP0DC22F51,Austin,2024-02-27 00:00:00,2024-03-01 00:00:00,Resolved,Yes
EVT25A3A981,Employee Injury,Critical,Manufacturing,EMPC46FD1A5,Houston,2024-07-02 00:00:00,2024-07-03 00:00:00,Resolved,Yes
EVTE3716D00,Employee Injury,Critical,Manufacturing,EMP563020C8,New York,2024-11-26 00:00:00,2024-11-27 00:00:00,Resolved,Yes
EVTA9ABA502,Purchase Request,Normal,Logistics,EMPB3A25B98,Austin,2024-11-20 00:00:00,2024-11-27 00:00:00,Resolved,No
EVT594DB9FB,Compliance Issue,Warning,Logistics,EMPB61D9F8F,Houston,2024-08-01 00:00:00,,Pending,No
EVT20E3A769,Equipment Failure,Normal,Operations,EMP725CE965,Jacksonville,2024-08-20 00:00:00,,Pending,No
EVTD35AB54E,Equipment Failure,Critical,Operations,EMP47340BF0,Houston,2024-07-28 00:00:00,2024-07-29 00:00:00,Resolved,No
EVTA46C6173,Customer Escalation,Normal,Finance,EMP97A2A684,Chicago,2024-05-17 00:00:00,2024-05-30 00:00:00,Resolved,No
EVT0F6642BA,Machine Breakdown,Critical,IT,EMPF2B45B6C,Los Angeles,2024-08-04 00:00:00,,Pending,No
EVT0359EC61,Purchase Request,Normal,Quality,EMP895BED81,San Antonio,2024-12-15 00:00:00,2024-12-25 00:00:00,Resolved,Yes
EVT21724138,Power Outage,Critical,Operations,EMPDB9BBA03,Austin,2024-03-22 00:00:00,2024-03-23 00:00:00,Resolved,Yes
EVTC83E3C9E,Vendor Delay,Normal,Logistics,EMPA56B22DA,San Antonio,2024-04-11 00:00:00,,Pending,Yes
EVT3658EA25,Cyber Alert,Critical,Quality,EMP3435C670,Philadelphia,2024-12-05 00:00:00,2024-12-08 00:00:00,Resolved,No
EVT5CDB8EDB,Power Outage,Critical,Sales,EMP989C8BB7,Dallas,2024-03-10 00:00:00,2024-03-11 00:00:00,Resolved,No
EVTB7566541,Inventory Shortage,Normal,Operations,EMP76F49895,San Antonio,2024-04-04 00:00:00,2024-04-15 00:00:00,Resolved,No
EVTD767330C,Cyber Alert,Normal,Quality,EMP30EF08E0,Austin,2024-12-02 00:00:00,2024-12-14 00:00:00,Resolved,Yes
EVT778511C5,Inventory Shortage,Normal,Logistics,EMP8A26B8A2,Philadelphia,2024-04-07 00:00:00,2024-04-16 00:00:00,Resolved,Yes
EVT764192FA,Purchase Request,Normal,Manufacturing,EMPC2B47DEE,Austin,2024-11-12 00:00:00,2024-11-23 00:00:00,Resolved,Yes
EVT32400436,Purchase Request,Critical,Sales,EMP66F5A195,San Antonio,2024-12-21 00:00:00,2024-12-23 00:00:00,Resolved,No
EVTE7A8B34D,Machine Breakdown,Critical,Sales,EMPFD36CD8B,Philadelphia,2024-03-18 00:00:00,2024-03-21 00:00:00,Resolved,Yes
EVT7070DDFF,Equipment Failure,Critical,HR,EMPB3234161,San Antonio,2024-06-14 00:00:00,2024-06-15 00:00:00,Resolved,No
EVT33DFE935,Machine Breakdown,Normal,Manufacturing,EMP9228E264,San Jose,2024-03-31 00:00:00,,Pending,No
EVT79587C16,Employee Injury,Warning,Operations,EMPF982DD18,Chicago,2024-08-04 00:00:00,2024-08-09 00:00:00,Resolved,No
EVTF3E12ADE,Inventory Shortage,Critical,Finance,EMPD6B94394,San Diego,2024-02-17 00:00:00,,Pending,Yes
EVT3D6D6003,Customer Escalation,Normal,IT,EMPC83E8643,Jacksonville,2024-03-22 00:00:00,2024-03-31 00:00:00,Resolved,No
EVT89A5B14B,Equipment Failure,Critical,Sales,EMPCDAEBE98,Phoenix,2024-10-04 00:00:00,2024-10-05 00:00:00,Resolved,No
EVTC37A29AB,Power Outage,Critical,HR,EMPB75C2DB8,San Jose,2024-07-25 00:00:00,,Pending,Yes
EVT250FF49B,Cyber Alert,Critical,Procurement,EMPD7197430,Jacksonville,2024-01-25 00:00:00,,Pending,No
EVTA8874907,Machine Breakdown,Critical,Manufacturing,EMPFF64C3C5,San Jose,2024-04-04 00:00:00,2024-04-07 00:00:00,Resolved,No
EVT3D069B6B,Compliance Issue,Critical,HR,EMP3E600E59,Houston,2024-09-26 00:00:00,2024-09-29 00:00:00,Resolved,Yes
EVTED3E6864,Customer Escalation,Critical,Quality,EMP468A73A6,New York,2024-09-09 00:00:00,2024-09-10 00:00:00,Resolved,No
EVTAE9DEA50,Equipment Failure,Warning,Sales,EMP1F33D98C,Jacksonville,2024-05-06 00:00:00,2024-05-09 00:00:00,Resolved,No
EVT3924DC4F,Employee Injury,Critical,Sales,EMP41E05305,San Jose,2024-07-21 00:00:00,2024-07-22 00:00:00,Resolved,No
EVT569D8AA3,Power Outage,Warning,Sales,EMPCD0922DD,San Jose,2024-01-24 00:00:00,2024-01-28 00:00:00,Resolved,No
EVT61474BA6,Compliance Issue,Warning,Marketing,EMPDE271E7C,New York,2024-08-19 00:00:00,,Pending,No
EVT7BC60969,Equipment Failure,Critical,Operations,EMPD49E4065,San Jose,2024-05-05 00:00:00,2024-05-07 00:00:00,Resolved,No
EVT503DA9F7,Inventory Shortage,Warning,Procurement,EMP3AA1B401,Dallas,2024-05-01 00:00:00,2024-05-06 00:00:00,Resolved,Yes
EVT658A06A4,Employee Injury,Critical,Marketing,EMPBD6E156B,Dallas,2024-11-19 00:00:00,2024-11-22 00:00:00,Resolved,No
EVTEC262461,Customer Escalation,Normal,Operations,EMP9C917DCC,Jacksonville,2024-10-20 00:00:00,2024-11-03 00:00:00,Escalated,No
EVT64D5414D,Compliance Issue,Warning,Operations,EMPA9377E83,San Antonio,2024-05-13 00:00:00,2024-05-19 00:00:00,Resolved,No
EVT0D512406,Employee Injury,Critical,Finance,EMPDF977ED4,San Antonio,2024-09-01 00:00:00,,Pending,No
EVTA9150674,Purchase Request,Normal,Quality,EMPE4E0FC6F,Austin,2024-01-30 00:00:00,2024-02-13 00:00:00,Escalated,No
EVTB1EEF46F,Inventory Shortage,Warning,Operations,EMP669065C8,San Diego,2024-09-30 00:00:00,2024-10-07 00:00:00,Resolved,No
EVTD7872E5C,Cyber Alert,Critical,Quality,EMPF19402AA,San Antonio,2024-01-13 00:00:00,2024-01-15 00:00:00,Resolved,No
EVTE972BF07,Employee Injury,Critical,Logistics,EMPF1FADA5D,San Jose,2024-10-28 00:00:00,2024-10-29 00:00:00,Resolved,No
EVT3C0F114F,Cyber Alert,Critical,Finance,EMP2BA97B2A,Houston,2024-05-13 00:00:00,2024-05-16 00:00:00,Resolved,Yes
EVT72068A22,Customer Escalation,Warning,Quality,EMPAF85A1D1,Chicago,2024-10-16 00:00:00,2024-10-23 00:00:00,Resolved,Yes
EVT13DEA2AF,Machine Breakdown,Warning,Sales,EMP9A5D9EC6,Los Angeles,2024-03-23 00:00:00,2024-03-27 00:00:00,Resolved,No
EVT356D8088,Vendor Delay,Critical,Sales,EMP36EBA932,Dallas,2024-06-14 00:00:00,2024-06-15 00:00:00,Resolved,Yes
EVT15745162,Customer Escalation,Warning,Operations,EMPB91564F6,Phoenix,2024-07-06 00:00:00,2024-07-10 00:00:00,Resolved,Yes
EVT94E9A2E4,Vendor Delay,Critical,Operations,EMP2C55E071,San Jose,2024-03-27 00:00:00,2024-03-30 00:00:00,Resolved,No
EVT2052324C,Customer Escalation,Warning,Procurement,EMP1611D627,Chicago,2024-05-17 00:00:00,2024-05-23 00:00:00,Resolved,No
EVTC99BD270,Cyber Alert,Warning,Operations,EMPECEC47B6,Los Angeles,2024-09-05 00:00:00,,Pending,No
EVT1FBABADA,Power Outage,Critical,IT,EMP6E374686,Philadelphia,2024-10-09 00:00:00,2024-10-10 00:00:00,Resolved,Yes
EVTE58E4B1E,Machine Breakdown,Critical,Marketing,EMP7AEE9F0B,Philadelphia,2024-05-17 00:00:00,2024-05-19 00:00:00,Resolved,Yes
EVTF00CD368,Compliance Issue,Warning,Marketing,EMPBF08BF95,Phoenix,2024-07-17 00:00:00,,Pending,Yes
EVT1B592711,Employee Injury,Warning,HR,EMP8C42A2EA,Houston,2024-11-07 00:00:00,2024-11-11 00:00:00,Resolved,No
EVTF9FC0464,Inventory Shortage,Normal,Quality,EMPFE048ED2,Jacksonville,2024-07-23 00:00:00,2024-08-05 00:00:00,Resolved,No
EVT33AF4482,Power Outage,Critical,Procurement,EMPA92CF9A7,Philadelphia,2024-07-06 00:00:00,2024-07-09 00:00:00,Resolved,No
EVT4A2E6F2D,Machine Breakdown,Critical,Logistics,EMP04AFE600,San Antonio,2024-10-25 00:00:00,,Pending,No
EVTF393C63E,Vendor Delay,Normal,Finance,EMP051CA900,Jacksonville,2024-03-29 00:00:00,2024-04-13 00:00:00,Resolved,Yes
EVT142215C7,Compliance Issue,Warning,IT,EMP07B891FF,Phoenix,2024-07-05 00:00:00,2024-07-09 00:00:00,Resolved,No
EVTFC23736C,Inventory Shortage,Normal,Finance,EMP2DD595E2,Chicago,2024-08-18 00:00:00,,Pending,Yes
EVTB70D1073,Compliance Issue,Warning,Sales,EMP86DAFFB6,Chicago,2024-02-02 00:00:00,2024-02-07 00:00:00,Resolved,Yes
EVTB1A97FF6,Equipment Failure,Warning,Quality,EMPF202D858,New York,2024-10-19 00:00:00,2024-10-22 00:00:00,Resolved,Yes
EVTBB6F9ADF,Inventory Shortage,Warning,Logistics,EMP7FF57B52,Austin,2024-02-07 00:00:00,,Pending,No
EVT4DDDF459,Machine Breakdown,Warning,HR,EMP9FE565E3,San Antonio,2024-08-19 00:00:00,2024-08-25 00:00:00,Resolved,Yes
EVT00677963,Employee Injury,Critical,Quality,EMP7A7ABCF9,Chicago,2024-07-11 00:00:00,,Pending,No
EVTF526A1C3,Purchase Request,Normal,HR,EMP9217D0F2,Chicago,2024-07-10 00:00:00,2024-07-22 00:00:00,Resolved,No
EVTCB63AAAA,Inventory Shortage,Normal,Quality,EMP0CFD654C,San Antonio,2024-11-04 00:00:00,2024-11-18 00:00:00,Resolved,Yes
EVT2F3D8880,Vendor Delay,Normal,Manufacturing,EMPBDEAA3A8,Jacksonville,2024-04-27 00:00:00,,Pending,No
EVTF2FB5BFB,Compliance Issue,Critical,Quality,EMPAD92FEBE,Philadelphia,2024-10-02 00:00:00,2024-10-05 00:00:00,Resolved,Yes
EVTA15397D0,Machine Breakdown,Critical,Operations,EMP07D7CC93,San Antonio,2024-04-04 00:00:00,2024-04-06 00:00:00,Resolved,Yes
EVT9E6C7E6F,Equipment Failure,Warning,Manufacturing,EMP5795E2D4,Los Angeles,2024-12-14 00:00:00,,Pending,Yes
EVT60178738,Compliance Issue,Warning,Sales,EMP32C9B484,New York,2024-09-06 00:00:00,2024-09-10 00:00:00,Resolved,Yes
EVTB50FE6BE,Cyber Alert,Normal,Procurement,EMPD337A8FC,San Diego,2024-03-05 00:00:00,2024-03-17 00:00:00,Resolved,No
EVTE6C176D9,Customer Escalation,Critical,Finance,EMPC5CFAAAF,San Jose,2024-10-05 00:00:00,2024-10-08 00:00:00,Resolved,Yes
EVT0C454114,Cyber Alert,Warning,Finance,EMPA33C9BD0,Philadelphia,2024-02-18 00:00:00,2024-02-21 00:00:00,Escalated,Yes
EVTFBB49B77,Vendor Delay,Warning,Quality,EMPA9985448,Jacksonville,2024-12-30 00:00:00,2025-01-02 00:00:00,Resolved,No
EVTA7F17403,Machine Breakdown,Warning,Procurement,EMPBD8562FB,San Jose,2024-11-24 00:00:00,,Pending,Yes
EVT7C474309,Employee Injury,Warning,Quality,EMPFBDD7747,Phoenix,2024-01-07 00:00:00,2024-01-11 00:00:00,Escalated,Yes
EVTB279696A,Vendor Delay,Critical,Logistics,EMP31AABC91,Philadelphia,2024-10-23 00:00:00,2024-10-26 00:00:00,Resolved,Yes
EVT676B043C,Inventory Shortage,Normal,Quality,EMP6FF6CC8C,San Jose,2024-03-02 00:00:00,2024-03-15 00:00:00,Resolved,No
EVT9CB3146D,Machine Breakdown,Warning,Sales,EMPE8E4B1B9,San Diego,2024-03-10 00:00:00,2024-03-17 00:00:00,Resolved,No
EVT6162AE04,Vendor Delay,Warning,Operations,EMP279D02D2,New York,2024-04-26 00:00:00,2024-04-29 00:00:00,Resolved,No
EVT94C5FEC1,Power Outage,Warning,IT,EMP9954E134,Los Angeles,2024-10-15 00:00:00,2024-10-22 00:00:00,Resolved,No
EVTF5870575,Compliance Issue,Warning,Manufacturing,EMP02E17996,Jacksonville,2024-11-11 00:00:00,2024-11-16 00:00:00,Resolved,Yes
EVT57631092,Vendor Delay,Warning,Finance,EMP440F1EBA,San Antonio,2024-12-13 00:00:00,2024-12-19 00:00:00,Resolved,No
EVT63ABA9F0,Machine Breakdown,Critical,Operations,EMP0FC1F5D8,Phoenix,2024-08-18 00:00:00,2024-08-19 00:00:00,Escalated,Yes
EVT200AFFD5,Customer Escalation,Warning,Finance,EMP4BE5CE87,Dallas,2024-11-12 00:00:00,2024-11-18 00:00:00,Resolved,Yes
EVT3A8FFE47,Cyber Alert,Warning,Operations,EMPE7193DD2,San Antonio,2024-06-08 00:00:00,2024-06-12 00:00:00,Resolved,No
EVT8C80F645,Inventory Shortage,Warning,Quality,EMP6CF1145D,Los Angeles,2024-04-08 00:00:00,2024-04-11 00:00:00,Resolved,Yes
EVT395AEE85,Cyber Alert,Warning,Operations,EMPAD4C85AB,Philadelphia,2024-12-02 00:00:00,2024-12-05 00:00:00,Resolved,Yes
EVT14E9ED39,Employee Injury,Critical,Operations,EMP4F117E95,Austin,2024-08-18 00:00:00,2024-08-19 00:00:00,Resolved,No
EVTDB753155,Employee Injury,Critical,Marketing,EMPF22651E0,Jacksonville,2024-09-13 00:00:00,2024-09-15 00:00:00,Resolved,No
EVT8713C763,Purchase Request,Normal,Manufacturing,EMP044DE662,Philadelphia,2024-09-29 00:00:00,,Pending,Yes
EVT74D6A3B4,Purchase Request,Normal,Finance,EMP82590591,Chicago,2024-05-25 00:00:00,,Pending,No
EVT424A5759,Customer Escalation,Warning,Marketing,EMP14B9FF4E,Dallas,2024-09-27 00:00:00,2024-10-04 00:00:00,Resolved,No
EVT9B165459,Power Outage,Warning,IT,EMP3286B0CC,Los Angeles,2024-04-27 00:00:00,2024-05-04 00:00:00,Resolved,Yes
EVT28B7B1DC,Compliance Issue,Critical,Finance,EMPC3178828,Jacksonville,2024-05-21 00:00:00,2024-05-23 00:00:00,Resolved,No
EVT06CF02FA,Machine Breakdown,Critical,Marketing,EMPAB51FC16,New York,2024-01-25 00:00:00,,Pending,No
EVT502E0A38,Power Outage,Critical,Quality,EMP22BB2374,Houston,2024-09-15 00:00:00,,Pending,No
EVTB90DEF63,Vendor Delay,Critical,Quality,EMP314F01D9,San Jose,2024-06-17 00:00:00,,Pending,No
EVTDE2073F5,Vendor Delay,Normal,Quality,EMP1D089DBD,Austin,2024-12-05 00:00:00,2024-12-16 00:00:00,Escalated,No
EVT639ABF1B,Cyber Alert,Warning,Finance,EMPF89752C7,Phoenix,2024-04-20 00:00:00,2024-04-27 00:00:00,Resolved,No
EVTE5E178FB,Vendor Delay,Warning,Operations,EMP81993D98,Phoenix,2024-03-28 00:00:00,,Pending,Yes
EVT5180C3F8,Power Outage,Critical,Quality,EMP9492A6DA,Chicago,2024-06-07 00:00:00,2024-06-08 00:00:00,Resolved,No
EVTB7D3F3BB,Vendor Delay,Warning,Operations,EMPFF717787,Chicago,2024-09-06 00:00:00,2024-09-11 00:00:00,Escalated,Yes
EVT1E6A87CB,Machine Breakdown,Critical,Manufacturing,EMP515E9FD8,San Diego,2024-11-13 00:00:00,2024-11-14 00:00:00,Resolved,No
EVTD5F307E0,Equipment Failure,Critical,Marketing,EMPC18B3761,Jacksonville,2024-04-15 00:00:00,2024-04-16 00:00:00,Resolved,Yes
EVTA93682A4,Vendor Delay,Normal,IT,EMPAC0F07C9,Los Angeles,2024-06-14 00:00:00,2024-06-24 00:00:00,Resolved,Yes
EVT8AFEB59D,Equipment Failure,Normal,Logistics,EMPBAFE3C31,Los Angeles,2024-10-14 00:00:00,2024-10-23 00:00:00,Resolved,Yes
EVTB6639921,Inventory Shortage,Normal,IT,EMP9FD6359E,New York,2024-04-29 00:00:00,2024-05-14 00:00:00,Resolved,No
EVT9DBCA58C,Machine Breakdown,Normal,Finance,EMP8762DADC,Philadelphia,2024-11-12 00:00:00,2024-11-25 00:00:00,Resolved,No
EVT7444B079,Equipment Failure,Warning,Sales,EMP931DAFDE,San Jose,2024-03-18 00:00:00,2024-03-24 00:00:00,Resolved,No
EVTB519CF2D,Employee Injury,Critical,Operations,EMP4F7542D8,Houston,2024-06-17 00:00:00,2024-06-19 00:00:00,Resolved,Yes
EVT68E96440,Employee Injury,Warning,Procurement,EMP3EC4D367,San Jose,2024-08-16 00:00:00,2024-08-20 00:00:00,Resolved,No
EVTB9FAA96B,Compliance Issue,Warning,Operations,EMP8A7C63DA,New York,2024-07-11 00:00:00,2024-07-15 00:00:00,Resolved,Yes
EVTD3753860,Purchase Request,Warning,Procurement,EMPE2AE14AA,Jacksonville,2024-05-16 00:00:00,,Pending,No
EVT87526165,Cyber Alert,Critical,Sales,EMP70DCB0FB,San Diego,2024-04-25 00:00:00,2024-04-26 00:00:00,Resolved,No
EVT9BB22497,Compliance Issue,Warning,Sales,EMP4D488772,Houston,2024-10-15 00:00:00,2024-10-20 00:00:00,Resolved,No
EVT31A2B47B,Vendor Delay,Warning,Quality,EMPCEBCBA12,Houston,2024-12-28 00:00:00,2025-01-03 00:00:00,Resolved,No
EVT18BEC370,Compliance Issue,Warning,Finance,EMP4D1DB1A2,New York,2024-03-18 00:00:00,2024-03-21 00:00:00,Resolved,No
EVTCDE1D72A,Inventory Shortage,Normal,Marketing,EMP86EBEC09,San Jose,2024-08-05 00:00:00,2024-08-18 00:00:00,Resolved,Yes
EVT69AB59D1,Compliance Issue,Warning,Procurement,EMPBEA824F5,Phoenix,2024-09-19 00:00:00,2024-09-25 00:00:00,Resolved,Yes
EVT1948687D,Customer Escalation,Warning,Finance,EMP73C53EB1,Chicago,2024-02-02 00:00:00,2024-02-09 00:00:00,Resolved,No
EVT19884314,Machine Breakdown,Critical,IT,EMPC922B52A,Philadelphia,2024-09-08 00:00:00,2024-09-09 00:00:00,Resolved,Yes
EVTE842381C,Power Outage,Critical,Logistics,EMPCC8B2899,San Antonio,2024-12-11 00:00:00,2024-12-12 00:00:00,Resolved,No
EVT74FC8265,Machine Breakdown,Critical,Operations,EMPB363D074,Houston,2024-09-19 00:00:00,,Pending,Yes
EVTFA97CD71,Equipment Failure,Critical,Procurement,EMPBED3E2D7,Los Angeles,2024-04-17 00:00:00,2024-04-20 00:00:00,Resolved,Yes
EVT97AF167D,Vendor Delay,Warning,Marketing,EMP7743406C,Austin,2024-02-25 00:00:00,2024-03-01 00:00:00,Resolved,No
EVT7B7A9896,Vendor Delay,Warning,Operations,EMPE829FCD7,Jacksonville,2024-01-01 00:00:00,2024-01-04 00:00:00,Resolved,Yes
EVT628A2AFF,Inventory Shortage,Normal,Finance,EMPB29D1079,Los Angeles,2024-01-12 00:00:00,2024-01-27 00:00:00,Resolved,No
EVT0D0FB018,Compliance Issue,Warning,Quality,EMPDAC381F9,San Antonio,2024-10-01 00:00:00,2024-10-05 00:00:00,Resolved,No
EVT7E0BF34F,Compliance Issue,Warning,Logistics,EMP4A4757D7,Dallas,2024-03-05 00:00:00,2024-03-09 00:00:00,Resolved,No
EVT2D672D36,Equipment Failure,Warning,Manufacturing,EMP58B7F0CE,Dallas,2024-05-21 00:00:00,2024-05-25 00:00:00,Resolved,Yes
EVTDEE2BCB0,Equipment Failure,Warning,IT,EMP128DBE16,Philadelphia,2024-11-07 00:00:00,2024-11-10 00:00:00,Resolved,No
EVT4B869D21,Equipment Failure,Critical,Marketing,EMP5F984BFC,Dallas,2024-08-13 00:00:00,2024-08-14 00:00:00,Resolved,No
EVTEC8669A6,Equipment Failure,Warning,IT,EMPDB684CB1,New York,2024-10-13 00:00:00,2024-10-18 00:00:00,Resolved,No
EVT4B7A2993,Inventory Shortage,Normal,Procurement,EMP5DC1D8C7,Phoenix,2024-03-11 00:00:00,2024-03-18 00:00:00,Resolved,Yes
EVT8DEB37C0,Power Outage,Critical,IT,EMPB4A30762,San Jose,2024-02-13 00:00:00,,Pending,No
EVTD9764923,Compliance Issue,Warning,HR,EMP60CBACC1,Chicago,2024-08-20 00:00:00,2024-08-23 00:00:00,Resolved,Yes
EVTFC983958,Power Outage,Critical,Logistics,EMP3FD8D44C,Los Angeles,2024-04-06 00:00:00,,Pending,Yes
EVT34D59FC1,Customer Escalation,Warning,HR,EMPDF314B3B,New York,2024-06-19 00:00:00,2024-06-25 00:00:00,Resolved,No
EVT50435894,Purchase Request,Normal,Logistics,EMP6AD5AAEF,Chicago,2024-04-28 00:00:00,2024-05-10 00:00:00,Resolved,No
EVT2398001F,Customer Escalation,Warning,Procurement,EMP653EFC26,Phoenix,2024-12-21 00:00:00,2024-12-25 00:00:00,Resolved,Yes
EVTBD9F4A4B,Customer Escalation,Warning,Quality,EMP3AD3CE73,Philadelphia,2024-06-05 00:00:00,2024-06-10 00:00:00,Resolved,No
EVTD2EEF994,Inventory Shortage,Critical,Operations,EMPE1AFA558,San Jose,2024-08-26 00:00:00,,Pending,Yes
EVT1F5A9E5A,Vendor Delay,Warning,Sales,EMP7CAAFD50,Los Angeles,2024-02-21 00:00:00,2024-02-25 00:00:00,Resolved,No
EVTD303556B,Equipment Failure,Critical,Logistics,EMP047F3B0E,Chicago,2024-05-02 00:00:00,2024-05-05 00:00:00,Resolved,No
EVT2BB366C5,Power Outage,Critical,Logistics,EMP955AAB39,San Diego,2024-04-14 00:00:00,2024-04-15 00:00:00,Resolved,No
EVTCF5AB24E,Vendor Delay,Warning,Sales,EMPDCBC9DF4,Phoenix,2024-06-18 00:00:00,2024-06-23 00:00:00,Resolved,No
EVT629288B1,Employee Injury,Warning,Quality,EMP46FF2E2D,Houston,2024-07-02 00:00:00,2024-07-09 00:00:00,Resolved,No
EVT19DC666B,Vendor Delay,Warning,Operations,EMP4EF2E209,Austin,2024-06-26 00:00:00,2024-06-29 00:00:00,Resolved,No
EVT2F3722AD,Equipment Failure,Critical,IT,EMP051A1700,Phoenix,2024-11-12 00:00:00,2024-11-14 00:00:00,Resolved,No
EVTB3B555D0,Purchase Request,Normal,Logistics,EMP74F3FF4F,San Antonio,2024-11-27 00:00:00,2024-12-11 00:00:00,Resolved,Yes
EVTFDFCADD0,Power Outage,Warning,IT,EMPD13F2FE1,San Diego,2024-04-23 00:00:00,2024-04-28 00:00:00,Resolved,Yes
EVT6B0DD9E1,Vendor Delay,Warning,Procurement,EMP9207E54B,Philadelphia,2024-01-23 00:00:00,2024-01-27 00:00:00,Resolved,No
EVTAF5CF774,Machine Breakdown,Normal,IT,EMPBAE59D81,San Diego,2024-03-10 00:00:00,2024-03-23 00:00:00,Resolved,Yes
EVTF3626324,Machine Breakdown,Normal,Procurement,EMP1148445B,Phoenix,2024-02-23 00:00:00,2024-03-07 00:00:00,Resolved,No
EVTA2A859D4,Purchase Request,Normal,HR,EMPFA585DF9,Jacksonville,2024-06-28 00:00:00,2024-07-12 00:00:00,Resolved,No
EVTF5289888,Power Outage,Critical,Operations,EMP5E9AFDC6,Los Angeles,2024-03-22 00:00:00,,Pending,No
EVTB19CBA4B,Vendor Delay,Warning,Procurement,EMP9B5902DC,New York,2024-01-30 00:00:00,2024-02-06 00:00:00,Resolved,Yes
EVTA8193B79,Cyber Alert,Critical,Quality,EMP0EFD62EB,San Antonio,2024-03-25 00:00:00,,Pending,No
EVT3B4B581A,Compliance Issue,Warning,Finance,EMP397D446C,Houston,2024-11-24 00:00:00,2024-11-28 00:00:00,Resolved,Yes
EVT5A5169A6,Vendor Delay,Warning,HR,EMP7B01A23B,San Diego,2024-06-11 00:00:00,2024-06-18 00:00:00,Resolved,No
EVT9D249883,Compliance Issue,Warning,IT,EMP36D9AE52,Phoenix,2024-09-06 00:00:00,2024-09-12 00:00:00,Resolved,No
EVT72947E9C,Purchase Request,Normal,Marketing,EMPA39D944A,Jacksonville,2024-04-05 00:00:00,2024-04-16 00:00:00,Resolved,No
EVTE8E531E4,Power Outage,Normal,Procurement,EMP30577880,Los Angeles,2024-08-22 00:00:00,2024-08-30 00:00:00,Escalated,Yes
EVT9C09D9E8,Employee Injury,Warning,HR,EMP90D02820,San Jose,2024-03-18 00:00:00,2024-03-23 00:00:00,Resolved,Yes
EVTA08CF92E,Machine Breakdown,Warning,Procurement,EMPE67E6B2A,Los Angeles,2024-12-30 00:00:00,2025-01-03 00:00:00,Resolved,Yes
EVT15918E3F,Power Outage,Critical,Manufacturing,EMP360B44FF,San Antonio,2024-10-04 00:00:00,,Pending,No
EVTD6AF766B,Machine Breakdown,Critical,HR,EMP8CC53865,Phoenix,2024-09-02 00:00:00,2024-09-03 00:00:00,Resolved,Yes
EVT94BED574,Power Outage,Critical,Sales,EMP19254EFF,Austin,2024-09-20 00:00:00,2024-09-22 00:00:00,Resolved,No
EVT55ED9682,Inventory Shortage,Normal,Marketing,EMP918F9B5A,Los Angeles,2024-10-06 00:00:00,2024-10-21 00:00:00,Resolved,No
EVTF8B509C5,Vendor Delay,Warning,Quality,EMPE12A3168,Jacksonville,2024-01-13 00:00:00,2024-01-17 00:00:00,Resolved,No
EVT9D5D130A,Power Outage,Warning,Marketing,EMPF8A24F62,New York,2024-05-16 00:00:00,,Pending,No
EVTE949638B,Compliance Issue,Normal,Procurement,EMP033D451E,Philadelphia,2024-06-15 00:00:00,2024-06-30 00:00:00,Resolved,Yes
EVT11C096AE,Equipment Failure,Normal,Procurement,EMP4AA77579,Los Angeles,2024-05-06 00:00:00,,Pending,Yes
EVT839B8A0D,Power Outage,Critical,Manufacturing,EMP99392A53,Chicago,2024-06-07 00:00:00,2024-06-10 00:00:00,Resolved,Yes
EVT69A5916E,Customer Escalation,Warning,Finance,EMP3ADF7DE5,Philadelphia,2024-09-08 00:00:00,,Pending,Yes
EVT9BB950AC,Purchase Request,Critical,Procurement,EMPDF298F51,Houston,2024-05-24 00:00:00,2024-05-26 00:00:00,Resolved,No
EVTEABAC42E,Employee Injury,Warning,IT,EMP5BC0BB23,San Diego,2024-11-07 00:00:00,2024-11-11 00:00:00,Resolved,No
EVT13B79E80,Purchase Request,Normal,Quality,EMP852DB433,Austin,2024-06-10 00:00:00,,Pending,Yes
EVT9B01DA07,Machine Breakdown,Warning,Operations,EMP891399AD,Los Angeles,2024-10-14 00:00:00,2024-10-21 00:00:00,Resolved,Yes
EVTC7B9D1D7,Inventory Shortage,Critical,IT,EMPBFB721C4,Dallas,2024-03-06 00:00:00,2024-03-09 00:00:00,Resolved,No
EVTD8322A3C,Purchase Request,Normal,Finance,EMPD8F4A73B,Phoenix,2024-12-11 00:00:00,,Pending,Yes
EVTBECAEA3C,Power Outage,Critical,IT,EMPEAB03164,San Jose,2024-07-30 00:00:00,2024-08-02 00:00:00,Resolved,No
EVT775ACC5F,Inventory Shortage,Normal,Procurement,EMP902FD364,San Antonio,2024-10-31 00:00:00,2024-11-09 00:00:00,Resolved,No
EVT42870017,Cyber Alert,Critical,Marketing,EMP05021428,Austin,2024-10-30 00:00:00,2024-11-02 00:00:00,Resolved,No
EVTB9AD9AC8,Employee Injury,Normal,Operations,EMP291B3FA9,New York,2024-05-26 00:00:00,,Pending,No
EVT2BF031C9,Customer Escalation,Warning,Finance,EMP45A0E3A4,San Jose,2024-07-12 00:00:00,2024-07-16 00:00:00,Resolved,No
EVTED0F8B79,Customer Escalation,Warning,Procurement,EMPB0362125,San Antonio,2024-05-31 00:00:00,2024-06-05 00:00:00,Resolved,No
EVT0B02B755,Inventory Shortage,Normal,Quality,EMPDE713772,New York,2024-09-11 00:00:00,2024-09-25 00:00:00,Resolved,Yes
EVTBB28C004,Vendor Delay,Warning,Manufacturing,EMP420A5EE6,Philadelphia,2024-04-25 00:00:00,2024-04-30 00:00:00,Resolved,No
EVT1A930C90,Vendor Delay,Normal,Finance,EMP714D8FBE,San Diego,2024-11-26 00:00:00,2024-12-11 00:00:00,Resolved,Yes
EVTB70FA05B,Customer Escalation,Warning,Sales,EMP8C8A3D7B,Los Angeles,2024-08-25 00:00:00,2024-08-31 00:00:00,Resolved,No
EVT25EAF178,Power Outage,Warning,Marketing,EMP2DC9B113,Houston,2024-06-22 00:00:00,2024-06-28 00:00:00,Resolved,Yes
EVT5F152C4D,Employee Injury,Critical,Operations,EMP5A932153,Jacksonville,2024-04-23 00:00:00,2024-04-25 00:00:00,Resolved,Yes
EVT301C280D,Customer Escalation,Normal,Operations,EMP8B697E21,Los Angeles,2024-02-18 00:00:00,,Pending,No
EVT22A34F6A,Customer Escalation,Critical,Finance,EMP59BB5257,San Jose,2024-05-01 00:00:00,,Pending,Yes
EVT86F841C7,Power Outage,Warning,Marketing,EMP6D0777A7,San Antonio,2024-11-11 00:00:00,,Pending,No
EVT9CEC6B76,Inventory Shortage,Normal,Marketing,EMP18EFF889,San Diego,2024-09-13 00:00:00,2024-09-20 00:00:00,Resolved,No
EVT297910AC,Compliance Issue,Warning,Marketing,EMPE34C423F,Austin,2024-03-04 00:00:00,2024-03-07 00:00:00,Resolved,No
EVT68463CAB,Cyber Alert,Critical,Quality,EMPBEB6D2A4,San Jose,2024-01-31 00:00:00,2024-02-02 00:00:00,Resolved,Yes
EVTAF539039,Cyber Alert,Critical,Sales,EMP75C9D389,Philadelphia,2024-07-04 00:00:00,2024-07-06 00:00:00,Resolved,No
EVTA4FA88F7,Compliance Issue,Critical,HR,EMPEEAC17CD,Dallas,2024-07-22 00:00:00,2024-07-25 00:00:00,Resolved,No
EVTCE6E8366,Customer Escalation,Normal,Manufacturing,EMPE63167CD,Jacksonville,2024-01-18 00:00:00,,Pending,Yes
EVTC7270258,Purchase Request,Normal,IT,EMP816E3BF9,San Antonio,2024-03-17 00:00:00,,Pending,No
EVTD92A8856,Machine Breakdown,Normal,Quality,EMP2A3A8D82,Phoenix,2024-06-24 00:00:00,2024-07-09 00:00:00,Resolved,No
EVT84266F36,Cyber Alert,Critical,HR,EMP22CD1083,Phoenix,2024-01-16 00:00:00,2024-01-19 00:00:00,Resolved,No
EVT03B3DC0D,Employee Injury,Critical,Manufacturing,EMPEDB8E9A6,Los Angeles,2024-08-22 00:00:00,2024-08-24 00:00:00,Resolved,Yes
EVT945EBB99,Machine Breakdown,Warning,Manufacturing,EMPE2A51C1E,San Antonio,2024-04-18 00:00:00,2024-04-22 00:00:00,Resolved,No
EVTAD8B276B,Machine Breakdown,Normal,Quality,EMP2FFB3806,Jacksonville,2024-08-30 00:00:00,,Pending,Yes
EVT0F96623A,Employee Injury,Normal,Sales,EMP6113B65D,Phoenix,2024-03-22 00:00:00,2024-03-30 00:00:00,Resolved,Yes
EVT5FDF582D,Machine Breakdown,Normal,Marketing,EMPA1E2186D,Los Angeles,2024-04-19 00:00:00,2024-05-04 00:00:00,Resolved,Yes
EVTF83D60A4,Machine Breakdown,Critical,Marketing,EMP4F5E02BC,Los Angeles,2024-02-15 00:00:00,,Pending,No
EVTB2112E4E,Purchase Request,Normal,Manufacturing,EMP69B5C0CA,San Jose,2024-11-20 00:00:00,2024-11-27 00:00:00,Resolved,No
EVT68B4304A,Compliance Issue,Warning,Quality,EMP54C48D00,Jacksonville,2024-01-17 00:00:00,2024-01-20 00:00:00,Resolved,Yes
EVTCEEA00CC,Machine Breakdown,Warning,Manufacturing,EMP2B5D17F7,New York,2024-07-29 00:00:00,2024-08-01 00:00:00,Resolved,No
EVTE938FBDE,Customer Escalation,Normal,Operations,EMPD3927B9D,Chicago,2024-09-12 00:00:00,2024-09-23 00:00:00,Resolved,No
EVT32E73A1C,Vendor Delay,Normal,Marketing,EMPED8DC7AC,Chicago,2024-06-14 00:00:00,2024-06-22 00:00:00,Resolved,Yes
EVT65E67AE0,Cyber Alert,Critical,Sales,EMP109F01A6,Los Angeles,2024-01-16 00:00:00,2024-01-19 00:00:00,Resolved,Yes
EVTF3A3EF80,Employee Injury,Warning,Procurement,EMPB9C7DD73,Dallas,2024-10-07 00:00:00,,Pending,Yes
EVT81B3246B,Machine Breakdown,Critical,Logistics,EMP18C32611,Houston,2024-02-04 00:00:00,2024-02-05 00:00:00,Resolved,No
EVT73381D09,Cyber Alert,Warning,Sales,EMP063D18D7,Los Angeles,2024-07-08 00:00:00,2024-07-15 00:00:00,Resolved,Yes
EVTA41409F3,Compliance Issue,Warning,IT,EMP25D53DED,San Diego,2024-02-14 00:00:00,2024-02-19 00:00:00,Resolved,No
EVT8DE68ED7,Machine Breakdown,Critical,Procurement,EMPA80FD103,Houston,2024-05-28 00:00:00,2024-05-30 00:00:00,Resolved,No
EVT1654B896,Equipment Failure,Warning,Finance,EMPA4CDFAA9,San Diego,2024-05-24 00:00:00,,Pending,No
EVT189A40E7,Purchase Request,Critical,Logistics,EMPA55FECE7,Los Angeles,2024-11-06 00:00:00,2024-11-07 00:00:00,Resolved,Yes
EVT11E24D7B,Vendor Delay,Normal,IT,EMP2E2197DC,Austin,2024-05-04 00:00:00,2024-05-14 00:00:00,Resolved,Yes
EVT022E23A8,Cyber Alert,Critical,Sales,EMP512FE527,Philadelphia,2024-03-05 00:00:00,,Pending,No
EVTDE4BA519,Compliance Issue,Warning,Quality,EMP288D0F46,Houston,2024-01-29 00:00:00,2024-02-04 00:00:00,Resolved,No
EVT952DE8D0,Employee Injury,Normal,HR,EMP10843B4D,Los Angeles,2024-10-19 00:00:00,2024-10-29 00:00:00,Resolved,No
EVTB6BD838A,Power Outage,Critical,Sales,EMP2979D55A,San Antonio,2024-06-04 00:00:00,,Pending,Yes
EVTCEF5E4E5,Compliance Issue,Warning,Marketing,EMPDF1019DA,Jacksonville,2024-02-16 00:00:00,2024-02-22 00:00:00,Resolved,No
EVT93DB5303,Inventory Shortage,Critical,Quality,EMPA8949D26,San Diego,2024-09-07 00:00:00,,Pending,Yes
EVTE01A26DC,Customer Escalation,Normal,Marketing,EMP3AD8649A,Los Angeles,2024-01-04 00:00:00,2024-01-17 00:00:00,Resolved,Yes
EVT1A97745C,Purchase Request,Warning,Sales,EMP5269F86B,New York,2024-11-12 00:00:00,2024-11-19 00:00:00,Escalated,No
EVTDF6B68D2,Vendor Delay,Warning,HR,EMPF6BEB1A4,San Antonio,2024-12-07 00:00:00,2024-12-11 00:00:00,Resolved,No
EVT076E9B2D,Purchase Request,Normal,Sales,EMP4964096D,New York,2024-10-07 00:00:00,2024-10-18 00:00:00,Resolved,No
EVT8B7D1CF0,Purchase Request,Normal,Logistics,EMP1A9EA4EC,Los Angeles,2024-03-30 00:00:00,,Pending,Yes
EVT90E2FE3F,Customer Escalation,Warning,HR,EMP9D9A0BAA,New York,2024-03-27 00:00:00,2024-04-03 00:00:00,Resolved,No
EVT61ECF9D5,Purchase Request,Normal,Sales,EMPD5CBFA7F,San Diego,2024-05-23 00:00:00,2024-06-05 00:00:00,Resolved,No
EVT9368ED88,Inventory Shortage,Critical,Logistics,EMP8C2178CE,San Jose,2024-05-14 00:00:00,2024-05-15 00:00:00,Resolved,No
EVTC0E0B5CF,Vendor Delay,Normal,Quality,EMP4A6933B9,New York,2024-10-08 00:00:00,,Pending,Yes
EVTFF01A250,Compliance Issue,Warning,Quality,EMP7B1525D4,Jacksonville,2024-05-26 00:00:00,2024-05-31 00:00:00,Resolved,No
EVTA27C9CC4,Vendor Delay,Warning,Quality,EMP58E38C70,San Diego,2024-11-18 00:00:00,2024-11-23 00:00:00,Resolved,Yes
EVT38533F1A,Cyber Alert,Warning,Marketing,EMP850D74DB,Philadelphia,2024-07-12 00:00:00,2024-07-18 00:00:00,Resolved,No
EVT9C96CE78,Power Outage,Critical,Marketing,EMPFD1D6BBE,Los Angeles,2024-01-03 00:00:00,2024-01-05 00:00:00,Resolved,No
EVTB0117859,Machine Breakdown,Critical,Marketing,EMP8BD1DB13,Jacksonville,2024-08-18 00:00:00,2024-08-19 00:00:00,Resolved,No
EVT6455B145,Inventory Shortage,Critical,Marketing,EMP9FD46454,Phoenix,2024-02-08 00:00:00,2024-02-10 00:00:00,Resolved,Yes
EVT7E4151FD,Power Outage,Critical,Marketing,EMP9DF7F1A6,Chicago,2024-07-30 00:00:00,,Pending,Yes
EVT08A0903F,Equipment Failure,Warning,Sales,EMP4AB5C89F,San Antonio,2024-02-03 00:00:00,,Pending,No
EVT65D552CF,Vendor Delay,Normal,Manufacturing,EMP46FBFD0E,Phoenix,2024-10-30 00:00:00,2024-11-10 00:00:00,Resolved,Yes
EVT1A2D4B4C,Power Outage,Critical,Logistics,EMP7C2C4CEB,Chicago,2024-08-21 00:00:00,2024-08-22 00:00:00,Resolved,Yes
EVT755150E7,Compliance Issue,Normal,Manufacturing,EMPB7C0D59F,San Antonio,2024-04-23 00:00:00,2024-05-02 00:00:00,Resolved,No
EVTCCA91E1A,Equipment Failure,Warning,Procurement,EMP65EC9130,San Jose,2024-09-11 00:00:00,,Pending,No
EVTFC69E592,Vendor Delay,Normal,Marketing,EMP72C9D4B7,Dallas,2024-02-15 00:00:00,2024-02-29 00:00:00,Resolved,No
EVT49F7C2C5,Employee Injury,Critical,Manufacturing,EMPE7D224D3,Jacksonville,2024-12-06 00:00:00,2024-12-09 00:00:00,Resolved,No
EVTAAAF9C96,Customer Escalation,Warning,Manufacturing,EMPCE8F32A3,Los Angeles,2024-04-01 00:00:00,2024-04-07 00:00:00,Resolved,No
EVTA8FDB60C,Inventory Shortage,Warning,Finance,EMP9B514D0A,Chicago,2024-02-17 00:00:00,,Pending,Yes
EVT98CA3582,Cyber Alert,Critical,Finance,EMP32C1187F,San Jose,2024-11-17 00:00:00,2024-11-20 00:00:00,Resolved,No
EVT1F72A18D,Equipment Failure,Warning,HR,EMPBB0AAB04,Phoenix,2024-10-01 00:00:00,2024-10-08 00:00:00,Escalated,Yes
EVTB479C30E,Compliance Issue,Warning,IT,EMP103B2040,Austin,2024-12-04 00:00:00,,Pending,No
EVT629F8252,Inventory Shortage,Critical,Marketing,EMPE17E6A8C,Dallas,2024-12-08 00:00:00,,Pending,No
EVT85375FC4,Customer Escalation,Critical,Operations,EMP243102A2,San Antonio,2024-02-08 00:00:00,2024-02-10 00:00:00,Resolved,No
EVTC14CC2B1,Employee Injury,Warning,HR,EMP63B677FD,New York,2024-06-13 00:00:00,2024-06-16 00:00:00,Resolved,Yes
EVTF95AC814,Equipment Failure,Critical,Quality,EMPBED3E2D7,San Antonio,2024-10-20 00:00:00,2024-10-23 00:00:00,Resolved,Yes
EVTCD5FA81C,Equipment Failure,Warning,HR,EMP258F38B8,San Jose,2024-12-24 00:00:00,2024-12-30 00:00:00,Resolved,No
EVTC51C5D77,Inventory Shortage,Critical,Sales,EMP621481D2,Philadelphia,2024-01-15 00:00:00,2024-01-16 00:00:00,Resolved,No
EVT4C8EA076,Equipment Failure,Critical,Finance,EMP3968B1A8,New York,2024-03-27 00:00:00,2024-03-28 00:00:00,Resolved,No
EVT5278497F,Machine Breakdown,Critical,Quality,EMPB8D6CA27,Jacksonville,2024-05-06 00:00:00,2024-05-07 00:00:00,Resolved,No
EVTF1AA1C2F,Customer Escalation,Warning,Finance,EMPE91A72B8,Houston,2024-08-07 00:00:00,2024-08-13 00:00:00,Resolved,Yes
EVT1118F052,Power Outage,Normal,Finance,EMPFDBC517A,Jacksonville,2024-11-03 00:00:00,2024-11-17 00:00:00,Resolved,No
EVT57947E4E,Cyber Alert,Warning,Operations,EMPDA0BF8F9,Austin,2024-12-29 00:00:00,2025-01-03 00:00:00,Resolved,No
EVTD581989A,Customer Escalation,Normal,HR,EMPB44357CA,Houston,2024-11-19 00:00:00,,Pending,No
EVT49D32997,Power Outage,Warning,Marketing,EMPD9952502,San Antonio,2024-01-31 00:00:00,,Pending,No
EVTFDD5BA65,Inventory Shortage,Warning,HR,EMP9B5D5786,Chicago,2024-11-07 00:00:00,2024-11-14 00:00:00,Resolved,No
EVT65BE73B4,Compliance Issue,Warning,HR,EMP6CC5D0B8,Phoenix,2024-05-19 00:00:00,2024-05-22 00:00:00,Resolved,Yes
EVTF4D87DA6,Vendor Delay,Normal,HR,EMP9B7E1363,Jacksonville,2024-11-20 00:00:00,,Pending,No
EVT9B566729,Equipment Failure,Critical,Sales,EMP008D2CCF,San Antonio,2024-06-08 00:00:00,2024-06-09 00:00:00,Resolved,Yes
EVT78854CEA,Inventory Shortage,Critical,Finance,EMP545C4A95,Houston,2024-11-25 00:00:00,2024-11-26 00:00:00,Resolved,No
EVT1637309F,Employee Injury,Critical,Sales,EMPB650D171,Los Angeles,2024-10-02 00:00:00,2024-10-03 00:00:00,Resolved,No
EVT24D8D612,Vendor Delay,Normal,Logistics,EMP0F228C8F,San Jose,2024-03-20 00:00:00,,Pending,No
EVTFA89FA1A,Vendor Delay,Warning,Marketing,EMPAF586B04,Jacksonville,2024-11-01 00:00:00,2024-11-05 00:00:00,Resolved,No
EVTA5990AC0,Customer Escalation,Critical,Sales,EMPAE582BFF,San Diego,2024-03-28 00:00:00,,Pending,No
EVT03F645E8,Machine Breakdown,Normal,HR,EMP5579D485,Austin,2024-10-20 00:00:00,,Pending,No
EVT9F7ABA66,Purchase Request,Normal,Manufacturing,EMPEBB4AC40,Jacksonville,2024-07-18 00:00:00,2024-07-30 00:00:00,Resolved,Yes
EVTC97E360B,Purchase Request,Normal,HR,EMP31C8D94A,San Antonio,2024-11-30 00:00:00,2024-12-13 00:00:00,Resolved,No
EVT421EA382,Inventory Shortage,Normal,Logistics,EMPF7CFCA49,Jacksonville,2024-07-13 00:00:00,,Pending,Yes
EVT0B824AE1,Customer Escalation,Normal,Procurement,EMP1C082B7F,Los Angeles,2024-08-01 00:00:00,2024-08-09 00:00:00,Resolved,Yes
EVT66A23D7E,Vendor Delay,Normal,Logistics,EMP5ED24F8E,San Diego,2024-09-22 00:00:00,2024-09-29 00:00:00,Resolved,No
EVT81D09D81,Purchase Request,Normal,Logistics,EMP634CAC57,Philadelphia,2024-05-21 00:00:00,2024-05-30 00:00:00,Resolved,No
EVTE062825C,Inventory Shortage,Normal,Operations,EMPFEF2013D,Dallas,2024-05-17 00:00:00,2024-05-29 00:00:00,Resolved,No
EVT55A3522F,Machine Breakdown,Critical,HR,EMPD93BDD42,Phoenix,2024-10-07 00:00:00,2024-10-10 00:00:00,Resolved,No
EVT1978BDC2,Compliance Issue,Warning,Logistics,EMP6E05A468,Phoenix,2024-09-04 00:00:00,2024-09-11 00:00:00,Resolved,No
EVTFA092FC0,Purchase Request,Warning,Sales,EMPE33C7606,Austin,2024-06-11 00:00:00,2024-06-16 00:00:00,Resolved,No
EVT52A7F1A3,Inventory Shortage,Critical,Sales,EMP3304898A,San Diego,2024-01-18 00:00:00,,Pending,Yes
EVT8E5FD968,Power Outage,Warning,Logistics,EMP3CD8A956,San Jose,2024-04-09 00:00:00,2024-04-14 00:00:00,Resolved,Yes
EVT59EB122D,Employee Injury,Critical,Procurement,EMPF8519F2E,Houston,2024-09-05 00:00:00,2024-09-07 00:00:00,Resolved,No
EVT6907A365,Equipment Failure,Critical,Procurement,EMP93634A1C,Philadelphia,2024-01-09 00:00:00,,Pending,Yes
EVTC7222392,Equipment Failure,Warning,Finance,EMPDAA664FD,Chicago,2024-11-28 00:00:00,2024-12-03 00:00:00,Resolved,No
EVT3DD9480E,Inventory Shortage,Critical,Operations,EMP4778DF9B,Jacksonville,2024-08-19 00:00:00,2024-08-20 00:00:00,Resolved,No
EVT74CB7D96,Cyber Alert,Normal,Logistics,EMP92D7D263,New York,2024-07-30 00:00:00,2024-08-11 00:00:00,Escalated,Yes
EVTB4E4D08C,Employee Injury,Critical,HR,EMPA98B52AC,New York,2024-09-16 00:00:00,,Pending,Yes
EVT97E57E98,Equipment Failure,Warning,HR,EMPB16AAAC4,Philadelphia,2024-05-26 00:00:00,2024-05-29 00:00:00,Resolved,Yes
EVTA2905103,Compliance Issue,Warning,Procurement,EMP86E1FCEA,Jacksonville,2024-08-14 00:00:00,2024-08-19 00:00:00,Resolved,Yes
EVTA07F1485,Power Outage,Warning,Operations,EMPFE33842C,Phoenix,2024-04-30 00:00:00,2024-05-04 00:00:00,Resolved,No
EVTD49BAA9F,Machine Breakdown,Critical,Quality,EMPF52D6F75,Jacksonville,2024-04-30 00:00:00,2024-05-03 00:00:00,Resolved,No
EVTB48731AF,Cyber Alert,Critical,Manufacturing,EMP4D45AC3C,Phoenix,2024-12-21 00:00:00,,Pending,Yes
EVT236AB328,Compliance Issue,Warning,Finance,EMPFDEE0D9E,Austin,2024-08-25 00:00:00,,Pending,Yes
EVT11DC7D0D,Inventory Shortage,Normal,Marketing,EMP06356F53,San Diego,2024-10-07 00:00:00,2024-10-15 00:00:00,Resolved,Yes
EVT3B0FC2CD,Machine Breakdown,Warning,Procurement,EMPF4F4548F,Los Angeles,2024-06-24 00:00:00,,Pending,No
EVT6750C78A,Equipment Failure,Critical,HR,EMPE703E3AD,Jacksonville,2024-05-24 00:00:00,2024-05-25 00:00:00,Resolved,No
EVTB1D5E61E,Employee Injury,Critical,Manufacturing,EMP59BECFD4,San Jose,2024-08-19 00:00:00,2024-08-22 00:00:00,Resolved,No
EVT858D16FD,Power Outage,Critical,Logistics,EMPDB3266BF,Dallas,2024-08-18 00:00:00,2024-08-19 00:00:00,Resolved,Yes
EVT08DDA840,Vendor Delay,Normal,Marketing,EMP0CBD14C4,Jacksonville,2024-02-06 00:00:00,,Pending,No
EVTB6A43C61,Compliance Issue,Normal,IT,EMP689CCEF2,Dallas,2024-01-19 00:00:00,2024-01-26 00:00:00,Resolved,No
EVT2427E1D6,Employee Injury,Critical,Operations,EMPBCC5E0D2,San Jose,2024-01-05 00:00:00,,Pending,No
EVT131932CB,Vendor Delay,Warning,Sales,EMPF28CC8D2,New York,2024-04-18 00:00:00,2024-04-21 00:00:00,Resolved,Yes
EVT42B3B277,Equipment Failure,Critical,Finance,EMP594B5DC3,San Diego,2024-06-26 00:00:00,2024-06-29 00:00:00,Resolved,No
EVTE05ED782,Cyber Alert,Critical,Finance,EMP678D840D,Jacksonville,2024-02-16 00:00:00,2024-02-19 00:00:00,Resolved,No
EVT35CCE004,Inventory Shortage,Normal,IT,EMPE9F96C01,Philadelphia,2024-09-26 00:00:00,2024-10-07 00:00:00,Resolved,Yes
EVT709941A0,Machine Breakdown,Critical,Operations,EMP554B1664,Chicago,2024-09-02 00:00:00,2024-09-05 00:00:00,Resolved,No
EVTB6C166E2,Employee Injury,Warning,Procurement,EMP22BE9097,Austin,2024-03-28 00:00:00,,Pending,No
EVTC49D6FA1,Equipment Failure,Normal,HR,EMP50FD1D35,San Jose,2024-04-27 00:00:00,2024-05-07 00:00:00,Resolved,No
EVTEF1CAB46,Vendor Delay,Warning,Quality,EMPB55C1AEB,San Jose,2024-12-10 00:00:00,,Pending,No
EVT2DDC79E7,Equipment Failure,Warning,Finance,EMP39CCA61A,Houston,2024-05-23 00:00:00,,Pending,No
EVT4DFCD8B7,Employee Injury,Warning,Operations,EMPAA9A980B,Phoenix,2024-12-11 00:00:00,,Pending,No
EVTD5DB6F00,Equipment Failure,Critical,Procurement,EMP24585E9B,San Antonio,2024-04-29 00:00:00,,Pending,No
EVTA5653A6F,Cyber Alert,Warning,IT,EMPAB4EBB40,Los Angeles,2024-04-19 00:00:00,2024-04-26 00:00:00,Resolved,No
EVT58A7120E,Cyber Alert,Warning,HR,EMPD361CD27,Houston,2024-05-25 00:00:00,2024-05-31 00:00:00,Resolved,Yes
EVTD0DA9E64,Equipment Failure,Critical,Manufacturing,EMP127F2B9B,Chicago,2024-10-25 00:00:00,2024-10-26 00:00:00,Resolved,Yes
EVT5A8974E7,Employee Injury,Critical,IT,EMP6939A1C9,Jacksonville,2024-02-05 00:00:00,2024-02-08 00:00:00,Resolved,No
EVT23854570,Power Outage,Critical,IT,EMPD5BE0A56,Dallas,2024-04-08 00:00:00,,Pending,No
EVT0FA23EAD,Cyber Alert,Critical,Sales,EMPDFE5AFEA,Phoenix,2024-06-11 00:00:00,2024-06-12 00:00:00,Resolved,No
EVT201DA001,Employee Injury,Warning,Manufacturing,EMP239C4403,San Jose,2024-06-24 00:00:00,2024-07-01 00:00:00,Resolved,Yes
EVT868A26D9,Purchase Request,Normal,Quality,EMP01ED651A,Los Angeles,2024-08-12 00:00:00,2024-08-22 00:00:00,Resolved,Yes
EVTF3628940,Customer Escalation,Warning,Logistics,EMP7F43C0E4,San Antonio,2024-09-28 00:00:00,2024-10-05 00:00:00,Resolved,No
EVT173B157C,Compliance Issue,Critical,Logistics,EMP97F3190C,Phoenix,2024-06-17 00:00:00,2024-06-19 00:00:00,Resolved,Yes
EVT80A08381,Cyber Alert,Warning,Operations,EMP993F5EC4,Chicago,2024-05-09 00:00:00,2024-05-16 00:00:00,Resolved,Yes
EVTACB89191,Machine Breakdown,Critical,Manufacturing,EMP174EB3CE,Phoenix,2024-11-25 00:00:00,2024-11-26 00:00:00,Resolved,No
EVTF82B81B9,Employee Injury,Critical,Sales,EMP455984A8,San Antonio,2024-12-05 00:00:00,2024-12-06 00:00:00,Resolved,No
EVT63A6DE08,Inventory Shortage,Warning,IT,EMP90483345,Jacksonville,2024-04-17 00:00:00,2024-04-24 00:00:00,Resolved,Yes
EVT3C7316D1,Cyber Alert,Critical,Marketing,EMP575728B8,Austin,2024-07-19 00:00:00,2024-07-21 00:00:00,Resolved,Yes
EVT4FDD320F,Cyber Alert,Critical,Procurement,EMPCDF28613,Austin,2024-03-19 00:00:00,2024-03-21 00:00:00,Resolved,Yes
EVT3D23CFD7,Purchase Request,Normal,Manufacturing,EMP3DDE5A33,Dallas,2024-01-09 00:00:00,2024-01-21 00:00:00,Resolved,Yes
EVT89D77582,Cyber Alert,Critical,Quality,EMPB369490B,New York,2024-08-13 00:00:00,,Pending,No
EVT4B9C156F,Employee Injury,Critical,HR,EMP9099D7AB,Houston,2024-01-23 00:00:00,2024-01-26 00:00:00,Resolved,Yes
EVTD1E6DC94,Customer Escalation,Warning,Operations,EMPD4260C13,Los Angeles,2024-11-20 00:00:00,2024-11-24 00:00:00,Resolved,Yes
EVT4763A9C1,Customer Escalation,Normal,Logistics,EMPA4124D14,San Antonio,2024-04-15 00:00:00,,Pending,No
EVTBD530F0D,Purchase Request,Normal,Operations,EMP27A914BB,Dallas,2024-04-30 00:00:00,2024-05-08 00:00:00,Resolved,No
EVT67EECC43,Power Outage,Critical,Procurement,EMP4B254AB6,San Jose,2024-09-04 00:00:00,2024-09-05 00:00:00,Resolved,No
EVTFB60F0E9,Customer Escalation,Normal,Marketing,EMP3E04A469,San Diego,2024-07-23 00:00:00,,Pending,No
EVT46B94FB4,Machine Breakdown,Warning,Marketing,EMPA434D0AF,San Antonio,2024-02-20 00:00:00,,Pending,Yes
EVT769759C7,Purchase Request,Normal,Quality,EMP51B20AE1,San Antonio,2024-11-26 00:00:00,2024-12-06 00:00:00,Resolved,Yes
EVT6A26CC3C,Equipment Failure,Warning,Manufacturing,EMPAB1AC7EB,Austin,2024-08-16 00:00:00,2024-08-23 00:00:00,Resolved,No
EVTA91C8D67,Inventory Shortage,Normal,Quality,EMP7A681486,Philadelphia,2024-03-26 00:00:00,2024-04-06 00:00:00,Escalated,No
EVT14993C7F,Cyber Alert,Warning,HR,EMP7B25CE51,San Antonio,2024-11-21 00:00:00,2024-11-25 00:00:00,Resolved,No
EVT0675F732,Compliance Issue,Warning,Procurement,EMP64E14FCA,New York,2024-12-09 00:00:00,,Pending,No
EVT2114DD4B,Compliance Issue,Warning,Procurement,EMP26E04025,Los Angeles,2024-07-14 00:00:00,2024-07-21 00:00:00,Resolved,Yes
EVTEDB210E3,Machine Breakdown,Critical,Sales,EMPB0362125,New York,2024-08-28 00:00:00,2024-08-30 00:00:00,Resolved,Yes
EVTED7AC308,Inventory Shortage,Normal,IT,EMPBC78BB06,Phoenix,2024-10-18 00:00:00,2024-11-01 00:00:00,Resolved,Yes
EVTC315D39A,Vendor Delay,Normal,Operations,EMP29FFDA54,San Diego,2024-12-28 00:00:00,2025-01-05 00:00:00,Resolved,Yes
EVT4EAB7A3E,Machine Breakdown,Normal,Logistics,EMP9634CCBE,Philadelphia,2024-05-19 00:00:00,2024-06-01 00:00:00,Resolved,No
EVT45566CFB,Compliance Issue,Warning,IT,EMP9824D2C5,Dallas,2024-05-04 00:00:00,2024-05-09 00:00:00,Resolved,No
EVT076FD383,Employee Injury,Critical,Sales,EMPC7807212,Houston,2024-10-06 00:00:00,2024-10-07 00:00:00,Resolved,No
EVT9404A71F,Compliance Issue,Normal,Quality,EMP310AF8A1,Phoenix,2024-09-20 00:00:00,2024-09-27 00:00:00,Resolved,No
EVT4BAF2CFC,Purchase Request,Normal,Quality,EMPC0D9AD3F,Jacksonville,2024-08-30 00:00:00,2024-09-08 00:00:00,Resolved,Yes
EVTE93BB8DD,Inventory Shortage,Warning,Finance,EMP077343A8,San Diego,2024-05-05 00:00:00,,Pending,Yes
EVT6CD78925,Compliance Issue,Warning,IT,EMP1DBF7CE7,Jacksonville,2024-07-23 00:00:00,,Pending,No
EVT24BFA0C6,Cyber Alert,Warning,Manufacturing,EMP05986040,San Diego,2024-11-14 00:00:00,2024-11-21 00:00:00,Resolved,No
EVTB1540C5D,Customer Escalation,Normal,Operations,EMP08E75E5E,Los Angeles,2024-08-11 00:00:00,2024-08-19 00:00:00,Escalated,No
EVT5A0212CD,Compliance Issue,Critical,Procurement,EMPCCA1C479,San Antonio,2024-02-22 00:00:00,2024-02-25 00:00:00,Resolved,No
EVT80BACB50,Vendor Delay,Warning,Logistics,EMP25376257,Dallas,2024-07-13 00:00:00,2024-07-20 00:00:00,Resolved,No
EVTC2B61860,Equipment Failure,Critical,Operations,EMP889C89C8,New York,2024-08-24 00:00:00,,Pending,No
EVTF817B175,Machine Breakdown,Critical,Procurement,EMP934AD895,San Diego,2024-02-20 00:00:00,2024-02-22 00:00:00,Resolved,Yes
EVT090633E2,Vendor Delay,Warning,Operations,EMP6F0A8F5A,Austin,2024-01-10 00:00:00,2024-01-17 00:00:00,Resolved,No
EVT1C32EBA3,Purchase Request,Normal,Manufacturing,EMP79E88CFC,San Jose,2024-11-01 00:00:00,2024-11-10 00:00:00,Resolved,Yes
EVTA19299A3,Compliance Issue,Normal,Operations,EMP977C1EB4,Chicago,2024-05-03 00:00:00,,Pending,No
EVTF87EF25F,Cyber Alert,Warning,Operations,EMP66BB0E8F,San Diego,2024-12-16 00:00:00,,Pending,No
EVT540FA63A,Power Outage,Critical,Marketing,EMPFADAA0E2,Jacksonville,2024-03-31 00:00:00,,Pending,No
EVTF14A4956,Customer Escalation,Warning,Operations,EMP5CF82376,New York,2024-08-11 00:00:00,2024-08-18 00:00:00,Resolved,No
EVT832CCD14,Equipment Failure,Critical,Procurement,EMP3A689BA3,Los Angeles,2024-07-16 00:00:00,2024-07-17 00:00:00,Resolved,No
EVTE2CAD671,Machine Breakdown,Warning,Marketing,EMPFF2757AC,Phoenix,2024-01-15 00:00:00,2024-01-19 00:00:00,Resolved,Yes
EVT9B7FF2CA,Purchase Request,Normal,IT,EMP09C0BE99,San Diego,2024-04-17 00:00:00,2024-05-01 00:00:00,Resolved,Yes
EVT155C8DD8,Employee Injury,Warning,Marketing,EMP329F1BD8,Chicago,2024-12-03 00:00:00,2024-12-10 00:00:00,Resolved,No
EVT4968378E,Inventory Shortage,Critical,Sales,EMP968D6105,Jacksonville,2024-03-29 00:00:00,2024-03-31 00:00:00,Escalated,No
EVT14955998,Equipment Failure,Warning,HR,EMPD64309CF,Phoenix,2024-12-30 00:00:00,,Pending,No
EVT5A94F283,Inventory Shortage,Warning,IT,EMPFCCD04B4,Dallas,2024-04-14 00:00:00,2024-04-21 00:00:00,Resolved,Yes
EVTFD09BF6B,Customer Escalation,Warning,Procurement,EMP18DB703C,New York,2024-12-06 00:00:00,,Pending,No
EVT88AE8008,Equipment Failure,Critical,Procurement,EMP88B5F293,San Jose,2024-08-22 00:00:00,,Pending,No
EVT0C101F6E,Machine Breakdown,Normal,Sales,EMP1D14E430,Austin,2024-02-25 00:00:00,2024-03-03 00:00:00,Resolved,No
EVT8F04684E,Inventory Shortage,Critical,Quality,EMPFADAA0E2,Jacksonville,2024-02-25 00:00:00,2024-02-27 00:00:00,Resolved,Yes
EVT5088FC67,Vendor Delay,Normal,Quality,EMP17B56261,Houston,2024-10-29 00:00:00,,Pending,No
EVT4DC61C17,Vendor Delay,Critical,Quality,EMPEC75AC1A,Chicago,2024-06-10 00:00:00,2024-06-13 00:00:00,Resolved,Yes
EVTB99C868E,Vendor Delay,Normal,Quality,EMP8A16FD5C,Phoenix,2024-06-07 00:00:00,2024-06-16 00:00:00,Resolved,No
EVT147A55EB,Power Outage,Critical,Operations,EMP829336B2,Phoenix,2024-06-20 00:00:00,,Pending,Yes
EVT5C66C245,Customer Escalation,Warning,Finance,EMPA5F93965,San Diego,2024-09-07 00:00:00,2024-09-11 00:00:00,Resolved,No
EVT68078366,Power Outage,Warning,Operations,EMPE99D9B00,San Diego,2024-09-02 00:00:00,2024-09-06 00:00:00,Resolved,No
EVT0B99176E,Compliance Issue,Normal,HR,EMPC34958A3,Dallas,2024-08-28 00:00:00,2024-09-12 00:00:00,Resolved,No
EVT5401EEC4,Vendor Delay,Normal,Logistics,EMPBF5BE261,San Antonio,2024-08-21 00:00:00,,Pending,No
EVTEDAEE308,Customer Escalation,Warning,Finance,EMP26E04025,San Jose,2024-07-04 00:00:00,2024-07-08 00:00:00,Resolved,No
EVT817C0D2A,Inventory Shortage,Warning,Finance,EMP6BDF065F,San Jose,2024-08-16 00:00:00,2024-08-20 00:00:00,Resolved,No
EVT7285A1E5,Purchase Request,Normal,Marketing,EMP13415276,San Diego,2024-08-10 00:00:00,2024-08-22 00:00:00,Resolved,No
EVT33C55BBE,Vendor Delay,Critical,Procurement,EMP347D7997,San Antonio,2024-12-08 00:00:00,2024-12-11 00:00:00,Resolved,Yes
EVT0F2F2921,Compliance Issue,Warning,Manufacturing,EMP5B6DC260,San Jose,2024-03-04 00:00:00,,Pending,Yes
EVT26A1BFE1,Customer Escalation,Normal,IT,EMP63ECB096,Austin,2024-10-27 00:00:00,2024-11-04 00:00:00,Resolved,No
EVTB9B8D94D,Power Outage,Normal,Quality,EMPBD11747F,Austin,2024-07-28 00:00:00,,Pending,No
EVT45E57AAE,Equipment Failure,Critical,Finance,EMP23D4B857,Philadelphia,2024-03-16 00:00:00,2024-03-19 00:00:00,Resolved,No
EVT5F2C9AC8,Customer Escalation,Critical,HR,EMP02C797EB,Phoenix,2024-06-21 00:00:00,2024-06-24 00:00:00,Escalated,Yes
EVTAEE53531,Cyber Alert,Critical,Sales,EMP7ED04ABE,Los Angeles,2024-05-08 00:00:00,2024-05-11 00:00:00,Escalated,Yes
EVT657CE428,Inventory Shortage,Warning,Operations,EMP7956BCBA,Austin,2024-05-04 00:00:00,,Pending,Yes
EVTD159DB5C,Cyber Alert,Warning,Finance,EMP9BE76C9E,Phoenix,2024-08-27 00:00:00,2024-09-02 00:00:00,Resolved,No
EVT1A69D77E,Customer Escalation,Warning,Operations,EMP679A22F8,New York,2024-05-11 00:00:00,,Pending,No
EVT20DD3186,Compliance Issue,Critical,Procurement,EMPE2A1FFC6,Dallas,2024-06-23 00:00:00,,Pending,No
EVT39F637A0,Equipment Failure,Critical,Finance,EMP4C108F06,Philadelphia,2024-04-03 00:00:00,,Pending,Yes
EVT641FED29,Purchase Request,Normal,Marketing,EMP0E6E63F8,San Diego,2024-01-20 00:00:00,,Pending,No
EVT628A88C1,Customer Escalation,Warning,Manufacturing,EMP8710DEE0,San Diego,2024-09-06 00:00:00,2024-09-09 00:00:00,Resolved,No
EVTD6612F5E,Compliance Issue,Warning,Operations,EMP9C45A183,Chicago,2024-01-04 00:00:00,2024-01-10 00:00:00,Resolved,No
EVTCB7A62E9,Vendor Delay,Critical,Procurement,EMP229CD7AE,Houston,2024-12-16 00:00:00,2024-12-19 00:00:00,Resolved,No
EVTAED93E47,Compliance Issue,Warning,Procurement,EMP644BE548,Chicago,2024-03-20 00:00:00,,Pending,No
EVTF9F3DF9B,Purchase Request,Critical,Finance,EMP50F8402A,San Diego,2024-04-23 00:00:00,2024-04-24 00:00:00,Resolved,No
EVT7EB28AC9,Equipment Failure,Critical,Logistics,EMP7486F00D,Austin,2024-10-25 00:00:00,2024-10-27 00:00:00,Resolved,Yes
EVTA308AEDF,Vendor Delay,Normal,Manufacturing,EMP2FC1CCB4,Dallas,2024-04-29 00:00:00,2024-05-12 00:00:00,Resolved,No
EVT26E8C344,Inventory Shortage,Normal,Manufacturing,EMP8FDBF27D,Austin,2024-12-05 00:00:00,,Pending,No
EVTA610C3F0,Customer Escalation,Normal,Marketing,EMPE727CB22,Houston,2024-10-28 00:00:00,2024-11-12 00:00:00,Resolved,No
EVT28BC159A,Machine Breakdown,Critical,Operations,EMPD38C3DFD,San Jose,2024-07-09 00:00:00,2024-07-12 00:00:00,Escalated,No
EVT32AF8AD9,Vendor Delay,Normal,Manufacturing,EMPBFF6231A,San Jose,2024-11-04 00:00:00,2024-11-18 00:00:00,Resolved,No
EVTDA79E807,Inventory Shortage,Critical,Marketing,EMP3B5E6938,Dallas,2024-04-15 00:00:00,2024-04-16 00:00:00,Resolved,No
EVTE8406E46,Equipment Failure,Warning,Finance,EMP9BC3B776,Los Angeles,2024-09-29 00:00:00,2024-10-03 00:00:00,Resolved,Yes
EVT5F423AB3,Compliance Issue,Normal,HR,EMPC3B2AD74,Dallas,2024-10-18 00:00:00,2024-10-29 00:00:00,Resolved,No
EVT9DB81AD8,Vendor Delay,Normal,Manufacturing,EMP86B7462D,San Jose,2024-12-25 00:00:00,,Pending,Yes
EVTDAD54A27,Machine Breakdown,Critical,Quality,EMPF6BEB1A4,San Antonio,2024-03-28 00:00:00,2024-03-29 00:00:00,Resolved,No
EVTD7B4E083,Equipment Failure,Warning,Logistics,EMPD6EC8E99,Phoenix,2024-05-05 00:00:00,2024-05-08 00:00:00,Resolved,Yes
EVT6C770F05,Vendor Delay,Normal,Manufacturing,EMP37896315,Jacksonville,2024-04-26 00:00:00,,Pending,No
EVT7468801B,Customer Escalation,Normal,IT,EMPA0A998A0,Phoenix,2024-08-29 00:00:00,2024-09-06 00:00:00,Resolved,No
EVT5166E3F1,Inventory Shortage,Warning,IT,EMP98989024,San Diego,2024-03-05 00:00:00,,Pending,No
EVTE94526A1,Compliance Issue,Critical,Manufacturing,EMP3D03E731,San Diego,2024-11-09 00:00:00,,Pending,No
EVTCD558FB2,Purchase Request,Normal,IT,EMPEEA9FB5B,New York,2024-02-12 00:00:00,2024-02-24 00:00:00,Resolved,No
EVTACBFCB4C,Inventory Shortage,Warning,Operations,EMP5BF3CE76,Houston,2024-03-20 00:00:00,,Pending,Yes
EVTFD1A8B5F,Equipment Failure,Warning,Operations,EMP81ECE092,New York,2024-05-18 00:00:00,2024-05-22 00:00:00,Resolved,No
EVT7E2AADA7,Compliance Issue,Warning,Procurement,EMP600CF22E,Austin,2024-03-09 00:00:00,2024-03-14 00:00:00,Resolved,Yes
EVTD1BF0CF8,Compliance Issue,Critical,Procurement,EMP1AC1C8F4,San Antonio,2024-04-30 00:00:00,2024-05-02 00:00:00,Resolved,No
EVT88449836,Machine Breakdown,Warning,Sales,EMP994B91BD,San Diego,2024-05-08 00:00:00,2024-05-13 00:00:00,Resolved,Yes
EVT2B5FDF1A,Inventory Shortage,Warning,Logistics,EMPA320E6BD,New York,2024-10-09 00:00:00,2024-10-16 00:00:00,Escalated,No
EVTED1C767F,Equipment Failure,Warning,Operations,EMPC2BEDEC1,Chicago,2024-05-15 00:00:00,2024-05-18 00:00:00,Resolved,Yes
EVT779EC481,Equipment Failure,Warning,Manufacturing,EMP44FE8B28,Phoenix,2024-09-19 00:00:00,,Pending,Yes
EVT88369D54,Compliance Issue,Critical,Manufacturing,EMP60A58021,Houston,2024-10-19 00:00:00,,Pending,No
EVTC4DD8DB5,Customer Escalation,Critical,Procurement,EMP06782BEF,Austin,2024-03-13 00:00:00,2024-03-14 00:00:00,Resolved,No
EVT3305DDAC,Cyber Alert,Critical,Manufacturing,EMP5ED24F8E,Los Angeles,2024-10-16 00:00:00,2024-10-18 00:00:00,Resolved,No
EVTF1D1C893,Cyber Alert,Warning,Finance,EMP8F9B6D6A,Austin,2024-12-29 00:00:00,2025-01-05 00:00:00,Resolved,No
EVTC5ECA764,Cyber Alert,Critical,IT,EMP15651341,Dallas,2024-10-26 00:00:00,2024-10-29 00:00:00,Escalated,No
EVTB0A438B0,Power Outage,Critical,Finance,EMP952FED17,San Diego,2024-03-18 00:00:00,2024-03-20 00:00:00,Resolved,No
EVTE4713E8F,Machine Breakdown,Warning,Marketing,EMP247B755B,San Jose,2024-10-20 00:00:00,2024-10-23 00:00:00,Resolved,Yes
EVT5477E7F2,Inventory Shortage,Normal,Manufacturing,EMP5ECD7247,Houston,2024-10-23 00:00:00,2024-10-30 00:00:00,Resolved,No
EVT3509FDAC,Vendor Delay,Normal,Finance,EMP575728B8,Houston,2024-04-09 00:00:00,2024-04-22 00:00:00,Resolved,No
EVTE4895FDF,Inventory Shortage,Warning,Finance,EMPD806ECCD,New York,2024-10-14 00:00:00,,Pending,Yes
EVT11DD94E5,Compliance Issue,Critical,Marketing,EMP7E28204F,Jacksonville,2024-03-09 00:00:00,2024-03-11 00:00:00,Resolved,No
EVT088A0792,Customer Escalation,Warning,Procurement,EMP62ACF552,Los Angeles,2024-09-20 00:00:00,2024-09-27 00:00:00,Resolved,Yes
EVT7F6880F5,Inventory Shortage,Normal,IT,EMP731DBFE8,San Antonio,2024-12-13 00:00:00,2024-12-28 00:00:00,Resolved,No
EVT314372E7,Compliance Issue,Critical,HR,EMPA49FFD4F,New York,2024-09-06 00:00:00,2024-09-08 00:00:00,Resolved,No
EVT0FC77E6F,Purchase Request,Normal,Operations,EMPC026CF4D,New York,2024-06-19 00:00:00,2024-06-27 00:00:00,Resolved,No
EVT2F7ADD05,Equipment Failure,Warning,IT,EMP8EA45447,San Antonio,2024-03-31 00:00:00,2024-04-05 00:00:00,Resolved,No
EVT4397FB09,Power Outage,Warning,Finance,EMPCD5F3FE7,Austin,2024-09-09 00:00:00,2024-09-15 00:00:00,Resolved,No
EVTD69A8118,Vendor Delay,Warning,Sales,EMPB4F1DB10,Los Angeles,2024-07-21 00:00:00,2024-07-28 00:00:00,Resolved,No
EVTDFB42742,Equipment Failure,Critical,Sales,EMPC881DC61,New York,2024-05-27 00:00:00,,Pending,No
EVT34FF647D,Vendor Delay,Warning,HR,EMP35E27F37,New York,2024-12-02 00:00:00,,Pending,No
EVT99D66A04,Compliance Issue,Normal,Finance,EMP8823D8BE,San Diego,2024-08-22 00:00:00,2024-08-31 00:00:00,Resolved,Yes
EVT9C268983,Power Outage,Critical,Sales,EMPA65DA2B8,San Diego,2024-12-26 00:00:00,2024-12-28 00:00:00,Resolved,Yes
EVTE0811C06,Inventory Shortage,Warning,Logistics,EMPA9985448,Philadelphia,2024-12-21 00:00:00,2024-12-24 00:00:00,Resolved,No
EVT43B51472,Purchase Request,Normal,Procurement,EMPDD1712D8,Houston,2024-02-20 00:00:00,2024-03-01 00:00:00,Escalated,No
EVT050BBE1F,Employee Injury,Warning,Finance,EMP2120A53B,San Antonio,2024-09-28 00:00:00,,Pending,Yes
EVT2A6B0651,Vendor Delay,Warning,Procurement,EMP326951B9,New York,2024-08-26 00:00:00,,Pending,Yes
EVTB0A13DDC,Machine Breakdown,Critical,Marketing,EMP6633E0BC,Austin,2024-02-09 00:00:00,,Pending,No
EVT66312B53,Power Outage,Critical,IT,EMPDF8A2AA0,San Diego,2024-06-09 00:00:00,2024-06-11 00:00:00,Resolved,Yes
EVT6F06E33D,Compliance Issue,Normal,HR,EMPA2C6801C,Chicago,2024-03-27 00:00:00,2024-04-07 00:00:00,Resolved,Yes
EVT46B7F50C,Machine Breakdown,Normal,Operations,EMPB8D27096,Jacksonville,2024-09-27 00:00:00,,Pending,Yes
EVTDF0B330B,Machine Breakdown,Normal,Manufacturing,EMP11A585C8,New York,2024-04-07 00:00:00,2024-04-14 00:00:00,Resolved,Yes
EVTF5FC82E2,Employee Injury,Warning,HR,EMP85676736,Los Angeles,2024-10-01 00:00:00,,Pending,Yes
EVTC59C892D,Employee Injury,Critical,HR,EMP03071342,San Antonio,2024-07-28 00:00:00,,Pending,No
EVT3C7AE65B,Inventory Shortage,Normal,Sales,EMP9497492C,Houston,2024-05-18 00:00:00,2024-05-29 00:00:00,Resolved,No
EVT74F77571,Compliance Issue,Warning,Procurement,EMPF8DAD999,Los Angeles,2024-04-24 00:00:00,2024-04-30 00:00:00,Resolved,Yes
EVT221BF3E5,Employee Injury,Critical,Marketing,EMP0B09BDEB,New York,2024-10-15 00:00:00,2024-10-17 00:00:00,Resolved,No
EVT45B07CF9,Compliance Issue,Normal,Procurement,EMP4D90AC0D,Dallas,2024-04-21 00:00:00,2024-05-01 00:00:00,Resolved,No
EVT7E10F761,Customer Escalation,Normal,Sales,EMP4A15CFFF,Phoenix,2024-04-20 00:00:00,,Pending,No
EVTA2C418E6,Customer Escalation,Warning,Operations,EMPE81DAD84,Dallas,2024-08-07 00:00:00,2024-08-12 00:00:00,Resolved,No
EVT44B9E7B3,Purchase Request,Normal,Procurement,EMPE40785FD,Los Angeles,2024-09-08 00:00:00,2024-09-22 00:00:00,Resolved,No
EVTD659745D,Cyber Alert,Critical,HR,EMP1219430F,Phoenix,2024-03-29 00:00:00,2024-03-30 00:00:00,Resolved,No
EVT51FEF68E,Vendor Delay,Normal,IT,EMP239D8653,Dallas,2024-10-12 00:00:00,2024-10-21 00:00:00,Resolved,Yes
EVT5FE59106,Power Outage,Critical,Quality,EMP21566065,San Diego,2024-07-01 00:00:00,2024-07-04 00:00:00,Resolved,Yes
EVTCFD36200,Compliance Issue,Warning,HR,EMP0D0B6441,New York,2024-05-26 00:00:00,,Pending,No
EVTFD8F54F9,Compliance Issue,Normal,Finance,EMP420936A5,Jacksonville,2024-02-20 00:00:00,,Pending,No
EVT7FFFB64C,Vendor Delay,Critical,Operations,EMP1677BA41,San Jose,2024-03-11 00:00:00,2024-03-13 00:00:00,Resolved,Yes
EVT7DC7D6E2,Purchase Request,Normal,Procurement,EMP09D2E52B,San Jose,2024-03-06 00:00:00,2024-03-17 00:00:00,Resolved,No
EVTF8C5081D,Machine Breakdown,Warning,Manufacturing,EMP0AA94B4B,Los Angeles,2024-10-10 00:00:00,2024-10-15 00:00:00,Resolved,No
EVTF94DE6F0,Employee Injury,Critical,IT,EMPB841C2B9,Jacksonville,2024-03-07 00:00:00,2024-03-10 00:00:00,Resolved,Yes
EVT27DFEDF0,Vendor Delay,Critical,Procurement,EMP134B9D85,San Diego,2024-02-11 00:00:00,2024-02-13 00:00:00,Resolved,No
EVTDE891F56,Inventory Shortage,Normal,HR,EMP068C05A4,New York,2024-09-20 00:00:00,2024-09-29 00:00:00,Resolved,No
EVTB9F74E54,Cyber Alert,Warning,Logistics,EMP43E5C081,Houston,2024-03-17 00:00:00,2024-03-20 00:00:00,Resolved,Yes
EVT0DF0F703,Purchase Request,Normal,Procurement,EMP7F356D1D,Philadelphia,2024-12-12 00:00:00,2024-12-21 00:00:00,Resolved,Yes
EVT485FE264,Customer Escalation,Warning,Quality,EMP5544E103,Dallas,2024-11-15 00:00:00,2024-11-22 00:00:00,Resolved,Yes
EVTE1B557A8,Customer Escalation,Critical,Procurement,EMPE07C8F09,Dallas,2024-11-19 00:00:00,,Pending,No
EVTEE46618A,Purchase Request,Normal,Quality,EMPA184B697,Phoenix,2024-09-25 00:00:00,,Pending,No
EVTA7999D97,Employee Injury,Critical,Finance,EMPC4693A40,San Jose,2024-04-28 00:00:00,2024-04-30 00:00:00,Resolved,No
EVTD6FB701B,Equipment Failure,Critical,Marketing,EMP8DD214EB,San Antonio,2024-06-16 00:00:00,,Pending,No
EVT2E1245A6,Machine Breakdown,Critical,Marketing,EMP8AC38F27,New York,2024-03-20 00:00:00,2024-03-22 00:00:00,Resolved,No
EVTDFC07F96,Employee Injury,Critical,Logistics,EMP91B52AC2,New York,2024-08-06 00:00:00,,Pending,No
EVT3176AE10,Compliance Issue,Critical,Marketing,EMP25A0E6E1,Austin,2024-08-06 00:00:00,2024-08-09 00:00:00,Resolved,Yes
EVT31B9955E,Equipment Failure,Critical,HR,EMP7D8BE1F1,San Diego,2024-10-27 00:00:00,2024-10-28 00:00:00,Resolved,Yes
EVT1FA800A2,Machine Breakdown,Normal,Marketing,EMP0138532A,Chicago,2024-06-15 00:00:00,2024-06-29 00:00:00,Resolved,No
EVT93332B82,Inventory Shortage,Warning,Quality,EMPD3942255,New York,2024-08-25 00:00:00,,Pending,No
EVTFA9F009C,Employee Injury,Warning,Manufacturing,EMP02A0F257,Dallas,2024-05-08 00:00:00,,Pending,Yes
EVT6CA5E5A4,Compliance Issue,Normal,Procurement,EMP07689E56,Phoenix,2024-06-06 00:00:00,,Pending,Yes
EVT5F83D861,Vendor Delay,Warning,Marketing,EMPAF4B1148,Jacksonville,2024-12-14 00:00:00,,Pending,Yes
EVT06C76322,Customer Escalation,Normal,HR,EMP5B028FB2,Los Angeles,2024-10-06 00:00:00,2024-10-18 00:00:00,Resolved,No
EVT954B5DA8,Vendor Delay,Critical,Manufacturing,EMP901C75C7,Chicago,2024-06-01 00:00:00,2024-06-04 00:00:00,Resolved,No
EVTE36333BF,Equipment Failure,Warning,IT,EMPF0AE267D,New York,2024-11-12 00:00:00,2024-11-18 00:00:00,Resolved,Yes
EVT2A28E8CF,Power Outage,Warning,IT,EMP6194A3FA,Phoenix,2024-02-02 00:00:00,2024-02-07 00:00:00,Resolved,No
EVT757BD0A2,Vendor Delay,Normal,Finance,EMPA5B458DC,Phoenix,2024-07-25 00:00:00,2024-08-01 00:00:00,Resolved,No
EVTC849F99D,Compliance Issue,Warning,Marketing,EMP77D316E9,Los Angeles,2024-01-07 00:00:00,2024-01-12 00:00:00,Resolved,No
EVT2C17641F,Power Outage,Warning,Procurement,EMPA96AA19F,New York,2024-10-13 00:00:00,2024-10-17 00:00:00,Resolved,No
EVT4F77F396,Power Outage,Critical,Procurement,EMP55440DE2,Chicago,2024-02-08 00:00:00,,Pending,No
EVT28D370AA,Vendor Delay,Critical,Procurement,EMPD53F09B8,Houston,2024-10-01 00:00:00,2024-10-03 00:00:00,Resolved,No
EVT293E3F45,Equipment Failure,Warning,Quality,EMP282607FE,Jacksonville,2024-11-29 00:00:00,,Pending,No
EVTBB2AB39A,Power Outage,Critical,Sales,EMPEF0FF3C0,Phoenix,2024-06-06 00:00:00,2024-06-08 00:00:00,Resolved,Yes
EVTB496A0EB,Customer Escalation,Warning,HR,EMPDC994123,Los Angeles,2024-04-16 00:00:00,,Pending,No
EVT81891BEA,Power Outage,Critical,Procurement,EMP265C9D11,San Diego,2024-10-20 00:00:00,2024-10-23 00:00:00,Resolved,No
EVT261AB63B,Power Outage,Critical,Logistics,EMP2191A56B,Phoenix,2024-10-28 00:00:00,2024-10-29 00:00:00,Resolved,Yes
EVTAB34E6D9,Power Outage,Warning,HR,EMP35B091CA,Austin,2024-10-19 00:00:00,2024-10-26 00:00:00,Escalated,No
EVTC1795951,Power Outage,Warning,Logistics,EMP8EA45447,Houston,2024-08-03 00:00:00,2024-08-10 00:00:00,Resolved,Yes
EVTD9C27918,Purchase Request,Normal,Marketing,EMPD5CF9D04,New York,2024-11-09 00:00:00,2024-11-24 00:00:00,Resolved,No
EVT65A6D3B2,Vendor Delay,Warning,HR,EMP58A3AC64,Phoenix,2024-05-07 00:00:00,2024-05-11 00:00:00,Resolved,Yes
EVT23800214,Equipment Failure,Critical,HR,EMP4ED43887,Austin,2024-05-23 00:00:00,,Pending,No
EVT93649D7D,Machine Breakdown,Warning,Manufacturing,EMP3E68F466,San Diego,2024-07-14 00:00:00,2024-07-18 00:00:00,Escalated,No
EVT72217786,Customer Escalation,Normal,IT,EMP30591F70,Chicago,2024-07-27 00:00:00,2024-08-04 00:00:00,Resolved,No
EVT08317028,Vendor Delay,Critical,Manufacturing,EMPD3933011,Austin,2024-09-08 00:00:00,,Pending,Yes
EVTA80E4C24,Cyber Alert,Critical,Quality,EMP51497E07,Jacksonville,2024-08-21 00:00:00,,Pending,No
EVTA2F954E4,Equipment Failure,Critical,Manufacturing,EMPDB4A74A8,Jacksonville,2024-03-13 00:00:00,2024-03-16 00:00:00,Resolved,No
EVT4BFB27CE,Machine Breakdown,Normal,Finance,EMP54513B57,San Diego,2024-12-11 00:00:00,,Pending,No
EVT06CBAED0,Employee Injury,Critical,HR,EMP2FB501CA,Houston,2024-03-05 00:00:00,,Pending,Yes
EVTB607083D,Power Outage,Critical,Operations,EMP93031646,Los Angeles,2024-06-07 00:00:00,2024-06-09 00:00:00,Resolved,Yes
EVT465BC5B6,Equipment Failure,Critical,Finance,EMPDDC94EA0,Philadelphia,2024-06-15 00:00:00,2024-06-16 00:00:00,Escalated,Yes
EVT38143942,Cyber Alert,Critical,Operations,EMP4FF72020,San Diego,2024-06-25 00:00:00,,Pending,No
EVT52F2DA74,Power Outage,Critical,Operations,EMP320EB076,Austin,2024-08-19 00:00:00,,Pending,No
EVT31CB7ADF,Machine Breakdown,Critical,Sales,EMPA17BCF47,Chicago,2024-06-03 00:00:00,2024-06-04 00:00:00,Resolved,No
EVT26D87929,Equipment Failure,Critical,Operations,EMPEFE98CCE,Jacksonville,2024-02-16 00:00:00,2024-02-17 00:00:00,Resolved,Yes
EVT91F2B3BE,Compliance Issue,Critical,Finance,EMP69885049,Los Angeles,2024-11-13 00:00:00,2024-11-14 00:00:00,Resolved,No
EVT62B23C92,Machine Breakdown,Normal,Logistics,EMP2628461A,Chicago,2024-11-30 00:00:00,,Pending,No
EVT9EE4657A,Employee Injury,Critical,Procurement,EMPC7F89DF0,New York,2024-05-16 00:00:00,2024-05-18 00:00:00,Resolved,No
EVTF8EE85F5,Purchase Request,Critical,Manufacturing,EMPD4A22CED,San Diego,2024-01-01 00:00:00,2024-01-02 00:00:00,Resolved,Yes
EVT08AC1EF2,Compliance Issue,Warning,Marketing,EMPEC91D9A3,San Antonio,2024-03-10 00:00:00,,Pending,No
EVT5C45EE6D,Vendor Delay,Normal,Marketing,EMP48B3D804,San Diego,2024-07-11 00:00:00,2024-07-25 00:00:00,Escalated,Yes
EVT2150F0FF,Cyber Alert,Normal,Procurement,EMPC3806D25,San Jose,2024-07-01 00:00:00,2024-07-11 00:00:00,Resolved,No
EVT5CBD5E05,Machine Breakdown,Critical,Marketing,EMPE0BBBE6E,San Antonio,2024-11-04 00:00:00,,Pending,No
EVTA357774E,Equipment Failure,Warning,IT,EMPEB0BC1EB,Dallas,2024-11-24 00:00:00,2024-11-28 00:00:00,Resolved,Yes
EVTC8881C26,Vendor Delay,Warning,Marketing,EMPBD40FECB,Philadelphia,2024-12-14 00:00:00,2024-12-18 00:00:00,Resolved,No
EVT0CB209E6,Customer Escalation,Warning,Procurement,EMPCDE19E06,Houston,2024-02-18 00:00:00,2024-02-24 00:00:00,Resolved,No
EVT8168A16D,Customer Escalation,Normal,Manufacturing,EMP36BD1D89,San Jose,2024-04-15 00:00:00,2024-04-22 00:00:00,Resolved,No
EVT20D46F6A,Machine Breakdown,Normal,Procurement,EMP0C0FD5AC,Houston,2024-09-13 00:00:00,2024-09-26 00:00:00,Resolved,Yes
EVTD91EF9C2,Inventory Shortage,Warning,Operations,EMP53611C3B,San Antonio,2024-01-24 00:00:00,2024-01-30 00:00:00,Resolved,No
EVT196C1CCE,Power Outage,Warning,Procurement,EMPF4F1D532,Dallas,2024-07-18 00:00:00,2024-07-24 00:00:00,Resolved,No
EVT953080C8,Machine Breakdown,Warning,Procurement,EMP31EF43BE,San Jose,2024-10-11 00:00:00,2024-10-18 00:00:00,Resolved,Yes
EVTDF9678C1,Vendor Delay,Warning,Procurement,EMPED901519,Houston,2024-07-25 00:00:00,2024-07-28 00:00:00,Resolved,Yes
EVT21A59B9A,Machine Breakdown,Warning,Quality,EMPF3008958,Houston,2024-06-28 00:00:00,2024-07-03 00:00:00,Resolved,No
EVT1D8126B8,Purchase Request,Normal,Sales,EMP3C98D1FD,New York,2024-09-10 00:00:00,2024-09-24 00:00:00,Resolved,No
EVT7F3526A9,Purchase Request,Normal,Marketing,EMP4700E817,New York,2024-01-15 00:00:00,2024-01-29 00:00:00,Resolved,No
EVT57A46A69,Purchase Request,Normal,Manufacturing,EMPB3A0FE2F,Phoenix,2024-11-22 00:00:00,2024-12-01 00:00:00,Resolved,No
EVTEFF5E153,Machine Breakdown,Warning,Manufacturing,EMPD289D85A,San Antonio,2024-06-23 00:00:00,2024-06-30 00:00:00,Resolved,No
EVT928A87AA,Inventory Shortage,Normal,Manufacturing,EMP4EBFB1BE,Chicago,2024-08-17 00:00:00,2024-09-01 00:00:00,Resolved,No
EVTDBB1C613,Machine Breakdown,Normal,Quality,EMP881397BA,Jacksonville,2024-04-18 00:00:00,,Pending,Yes
EVT7391FF39,Customer Escalation,Normal,Sales,EMP5BF3CE76,Dallas,2024-06-14 00:00:00,2024-06-27 00:00:00,Resolved,No
EVTE68EDC07,Power Outage,Critical,Finance,EMP073EF7E9,Austin,2024-01-23 00:00:00,2024-01-25 00:00:00,Resolved,No
EVT28381107,Cyber Alert,Critical,Quality,EMP3D596B75,New York,2024-11-28 00:00:00,2024-11-30 00:00:00,Resolved,No
EVT059BE31F,Compliance Issue,Warning,Marketing,EMPCE6C8A93,Houston,2024-08-05 00:00:00,2024-08-09 00:00:00,Resolved,No
EVT075244D0,Equipment Failure,Critical,Logistics,EMP9FC85322,Dallas,2024-08-31 00:00:00,2024-09-03 00:00:00,Resolved,No
EVT66E55453,Customer Escalation,Normal,IT,EMPF9FF80BD,New York,2024-06-08 00:00:00,,Pending,No
EVT4263B0D9,Equipment Failure,Critical,Logistics,EMPC95DA77A,Philadelphia,2024-09-07 00:00:00,,Pending,No
EVTCB943B63,Inventory Shortage,Normal,Quality,EMP81258722,Austin,2024-08-22 00:00:00,2024-09-04 00:00:00,Resolved,No
EVT146C9FA8,Vendor Delay,Warning,IT,EMPB03BB407,San Antonio,2024-03-19 00:00:00,2024-03-22 00:00:00,Resolved,No
EVT9A25A3D8,Vendor Delay,Critical,Manufacturing,EMPFD80B5F8,Jacksonville,2024-06-23 00:00:00,2024-06-26 00:00:00,Resolved,No
EVT7B4EBA9F,Employee Injury,Critical,IT,EMPA93819AD,Philadelphia,2024-12-04 00:00:00,2024-12-07 00:00:00,Resolved,No
EVT001F0ADF,Customer Escalation,Warning,Finance,EMP0C2C8BB1,Austin,2024-02-25 00:00:00,2024-03-03 00:00:00,Resolved,Yes
EVTD179A7A2,Inventory Shortage,Critical,IT,EMPA6BF9317,Jacksonville,2024-02-05 00:00:00,,Pending,No
EVT304B84A9,Equipment Failure,Warning,Manufacturing,EMP893CA10A,Austin,2024-06-10 00:00:00,2024-06-14 00:00:00,Escalated,No
EVT2AD05CAF,Compliance Issue,Normal,Operations,EMP74D91E30,Philadelphia,2024-06-22 00:00:00,,Pending,Yes
EVT60698363,Purchase Request,Critical,Quality,EMP7F971732,Austin,2024-07-01 00:00:00,2024-07-03 00:00:00,Resolved,No
EVTA221D566,Vendor Delay,Critical,HR,EMPE45887B4,San Antonio,2024-05-02 00:00:00,2024-05-04 00:00:00,Resolved,No
EVT2459AEEC,Vendor Delay,Warning,Procurement,EMPFD36CD8B,Houston,2024-10-06 00:00:00,2024-10-11 00:00:00,Resolved,No
EVT017FCB16,Cyber Alert,Warning,IT,EMP3F97DB64,Philadelphia,2024-08-21 00:00:00,2024-08-27 00:00:00,Resolved,Yes
EVT1CF6CE74,Employee Injury,Critical,Marketing,EMPD0DF6581,Jacksonville,2024-05-17 00:00:00,2024-05-18 00:00:00,Resolved,Yes
EVTCB0F5F2F,Employee Injury,Critical,Quality,EMPEA2846FF,San Antonio,2024-09-15 00:00:00,2024-09-17 00:00:00,Resolved,No
EVTB8465B4B,Employee Injury,Warning,Marketing,EMPD48A8D98,Los Angeles,2024-05-28 00:00:00,2024-06-01 00:00:00,Resolved,Yes
EVTFD7C7641,Purchase Request,Normal,Sales,EMPB783416C,Austin,2024-04-06 00:00:00,2024-04-18 00:00:00,Resolved,No
EVT8BDF944B,Employee Injury,Warning,Finance,EMP8465C41B,Phoenix,2024-09-03 00:00:00,2024-09-08 00:00:00,Resolved,No
EVT1A72700F,Customer Escalation,Critical,Marketing,EMP265C9D11,Philadelphia,2024-01-20 00:00:00,2024-01-21 00:00:00,Escalated,No
EVTEDEBE248,Power Outage,Warning,Sales,EMP28483038,Los Angeles,2024-10-26 00:00:00,2024-11-01 00:00:00,Resolved,No
EVTAAD86D58,Power Outage,Critical,HR,EMP52A730E1,Jacksonville,2024-01-24 00:00:00,2024-01-27 00:00:00,Resolved,Yes
EVT6C1F4D8C,Customer Escalation,Normal,Logistics,EMP30FBE9F0,San Antonio,2024-08-24 00:00:00,2024-09-07 00:00:00,Resolved,No
EVT9F9706F7,Machine Breakdown,Warning,Manufacturing,EMP70FC0900,San Jose,2024-10-05 00:00:00,,Pending,No
EVT7B66AFF6,Purchase Request,Normal,IT,EMPB07CD961,Jacksonville,2024-03-03 00:00:00,2024-03-11 00:00:00,Resolved,No
EVTF17A8506,Inventory Shortage,Normal,Procurement,EMPF2D0520F,Los Angeles,2024-01-12 00:00:00,2024-01-20 00:00:00,Escalated,No
EVT473E9978,Machine Breakdown,Critical,Marketing,EMP0AA95417,Jacksonville,2024-03-14 00:00:00,2024-03-15 00:00:00,Resolved,No
EVTBB37AC86,Employee Injury,Warning,Operations,EMP5BB7C262,Jacksonville,2024-06-25 00:00:00,,Pending,No
EVT182300EE,Compliance Issue,Warning,Logistics,EMPBA69833F,Los Angeles,2024-09-02 00:00:00,2024-09-05 00:00:00,Resolved,No
EVTCE11337A,Power Outage,Critical,Quality,EMP6DBF78D5,Phoenix,2024-08-05 00:00:00,2024-08-06 00:00:00,Resolved,No
EVT47B19DE1,Customer Escalation,Warning,IT,EMPC6945BFC,Los Angeles,2024-12-09 00:00:00,2024-12-15 00:00:00,Resolved,No
EVTD154D5FB,Cyber Alert,Normal,Procurement,EMPF22651E0,New York,2024-03-28 00:00:00,2024-04-09 00:00:00,Resolved,No
EVT3F3F852E,Equipment Failure,Critical,Logistics,EMPD0A380E5,Philadelphia,2024-02-15 00:00:00,2024-02-17 00:00:00,Resolved,Yes
EVT16BFABAD,Power Outage,Warning,Procurement,EMPC41570D9,Phoenix,2024-10-10 00:00:00,,Pending,No
EVT288443C5,Power Outage,Critical,Finance,EMP1EC50A37,Austin,2024-10-14 00:00:00,,Pending,No
EVT5EFD13AB,Inventory Shortage,Normal,HR,EMP6F0A8F5A,San Diego,2024-02-14 00:00:00,,Pending,No
EVTC94506C5,Inventory Shortage,Critical,Quality,EMP30A6DB00,Philadelphia,2024-10-03 00:00:00,2024-10-04 00:00:00,Resolved,Yes
EVT691D1D1B,Equipment Failure,Normal,Marketing,EMPD52A3B86,Dallas,2024-01-27 00:00:00,2024-02-03 00:00:00,Resolved,Yes
EVTEF30579E,Cyber Alert,Critical,Logistics,EMPDDD56A63,San Diego,2024-12-06 00:00:00,2024-12-09 00:00:00,Resolved,No
EVTD1048F73,Cyber Alert,Critical,Manufacturing,EMP620F694B,San Diego,2024-03-10 00:00:00,2024-03-13 00:00:00,Resolved,No
EVT8D820505,Power Outage,Critical,Operations,EMPAA7C1DDB,Austin,2024-07-15 00:00:00,2024-07-18 00:00:00,Resolved,Yes
EVT8B34C78F,Cyber Alert,Critical,IT,EMP7F744F11,Houston,2024-07-01 00:00:00,2024-07-03 00:00:00,Resolved,Yes
EVTCA62CA06,Equipment Failure,Warning,HR,EMP3286B0CC,Dallas,2024-09-22 00:00:00,2024-09-29 00:00:00,Resolved,No
EVTA7CF56B8,Inventory Shortage,Warning,Quality,EMP6C9A5315,Dallas,2024-07-10 00:00:00,2024-07-14 00:00:00,Resolved,No
EVTC66B7DD9,Inventory Shortage,Warning,Quality,EMP8E486B92,San Antonio,2024-12-04 00:00:00,2024-12-11 00:00:00,Resolved,Yes
EVT36BFBD05,Equipment Failure,Critical,Finance,EMP6E374686,Dallas,2024-09-04 00:00:00,,Pending,Yes
EVT58DD4E2F,Vendor Delay,Warning,Operations,EMP4BE5CE87,New York,2024-04-04 00:00:00,2024-04-10 00:00:00,Resolved,No
EVTEFE3D3D7,Compliance Issue,Warning,HR,EMP6AEF65ED,Los Angeles,2024-02-22 00:00:00,2024-02-27 00:00:00,Resolved,No
EVT712CD62D,Vendor Delay,Critical,Marketing,EMPC3E2EC7B,Jacksonville,2024-02-10 00:00:00,2024-02-13 00:00:00,Resolved,Yes
EVT7D8A081C,Equipment Failure,Normal,Operations,EMP9F9CBC36,Austin,2024-12-15 00:00:00,2024-12-27 00:00:00,Resolved,No
EVTE223A519,Cyber Alert,Critical,Logistics,EMP6633AFA9,Dallas,2024-11-07 00:00:00,2024-11-08 00:00:00,Resolved,No
EVT7E6B3733,Purchase Request,Normal,Sales,EMPF1F95BCF,Phoenix,2024-09-08 00:00:00,2024-09-22 00:00:00,Resolved,Yes
EVT1182C2D7,Purchase Request,Warning,Quality,EMPF01228B6,San Jose,2024-02-25 00:00:00,2024-03-02 00:00:00,Resolved,Yes
EVT84215EBB,Machine Breakdown,Warning,HR,EMP837461FE,San Diego,2024-12-01 00:00:00,,Pending,No
EVTCC0ACC3B,Compliance Issue,Warning,IT,EMP545C4A95,San Diego,2024-12-23 00:00:00,,Pending,No
EVT0C12544F,Power Outage,Critical,Marketing,EMP15EA96E2,Phoenix,2024-02-20 00:00:00,2024-02-21 00:00:00,Resolved,No
EVTA35A6431,Compliance Issue,Critical,HR,EMPEF9BABB0,Philadelphia,2024-05-29 00:00:00,2024-05-31 00:00:00,Escalated,No
EVT06CC1F2D,Power Outage,Critical,Procurement,EMP1780AC7F,New York,2024-06-13 00:00:00,2024-06-15 00:00:00,Resolved,No
EVT10BF4A6B,Equipment Failure,Critical,Quality,EMP30577880,Houston,2024-11-15 00:00:00,2024-11-18 00:00:00,Resolved,No
EVT3134587B,Inventory Shortage,Critical,HR,EMP5F954C45,Los Angeles,2024-04-08 00:00:00,2024-04-11 00:00:00,Resolved,Yes
EVTB9582ABD,Compliance Issue,Warning,IT,EMP3D4DABFC,Phoenix,2024-11-04 00:00:00,,Pending,Yes
EVTB4F52E76,Cyber Alert,Critical,Quality,EMP6D9A9481,New York,2024-12-20 00:00:00,,Pending,Yes
EVTECC24DB1,Equipment Failure,Warning,Finance,EMP9217D0F2,Philadelphia,2024-03-17 00:00:00,2024-03-21 00:00:00,Resolved,Yes
EVTA3C83D88,Compliance Issue,Warning,IT,EMPDAA0E86A,Dallas,2024-10-11 00:00:00,2024-10-15 00:00:00,Resolved,Yes
EVTD63F7055,Purchase Request,Critical,HR,EMPEF115F3D,Austin,2024-01-07 00:00:00,2024-01-09 00:00:00,Resolved,Yes
EVT331CB103,Inventory Shortage,Warning,Operations,EMPBDCCFC3E,Austin,2024-07-15 00:00:00,2024-07-18 00:00:00,Resolved,Yes
EVTA2FC3C64,Power Outage,Critical,Marketing,EMP099C1ABA,Chicago,2024-12-30 00:00:00,,Pending,Yes
EVTFE62F8FA,Equipment Failure,Critical,Finance,EMP470D5117,San Antonio,2024-06-29 00:00:00,2024-07-02 00:00:00,Resolved,Yes
EVTECF752FD,Compliance Issue,Warning,Marketing,EMPC86F224D,San Diego,2024-08-01 00:00:00,2024-08-07 00:00:00,Resolved,Yes
EVTEC0B191A,Vendor Delay,Normal,Marketing,EMP41E84A3D,Phoenix,2024-10-09 00:00:00,2024-10-18 00:00:00,Resolved,Yes
EVT67F752A2,Employee Injury,Critical,Manufacturing,EMP2B044AB4,San Jose,2024-02-28 00:00:00,2024-03-01 00:00:00,Resolved,Yes
EVT9BF47091,Cyber Alert,Warning,IT,EMPB4469B08,Los Angeles,2024-06-03 00:00:00,,Pending,No
EVTE79FA6FD,Customer Escalation,Warning,Quality,EMPAD2F02AB,Houston,2024-10-11 00:00:00,,Pending,Yes
EVT603790A4,Compliance Issue,Normal,Quality,EMPFB1AC941,Los Angeles,2024-01-28 00:00:00,2024-02-12 00:00:00,Escalated,No
EVTE65930EA,Equipment Failure,Warning,IT,EMPD01EEF0B,Austin,2024-07-23 00:00:00,2024-07-30 00:00:00,Resolved,No
EVT5AF2996D,Compliance Issue,Warning,HR,EMPE0B40A17,Austin,2024-11-24 00:00:00,2024-11-30 00:00:00,Resolved,Yes
EVT6455BA6D,Power Outage,Critical,HR,EMP407875A9,San Jose,2024-08-17 00:00:00,2024-08-19 00:00:00,Resolved,Yes
EVTF679AC97,Cyber Alert,Critical,IT,EMPCC3D941C,Austin,2024-09-24 00:00:00,,Pending,No
EVT7903C6BE,Employee Injury,Critical,HR,EMPB9D27782,San Jose,2024-01-09 00:00:00,2024-01-11 00:00:00,Escalated,Yes
EVT751073A6,Vendor Delay,Warning,Quality,EMPC6AEBA27,Houston,2024-02-26 00:00:00,,Pending,No
EVTAB9459BE,Machine Breakdown,Warning,Operations,EMPB1A46586,Jacksonville,2024-05-10 00:00:00,2024-05-17 00:00:00,Resolved,No
EVT94C64511,Purchase Request,Normal,Procurement,EMP42B5925B,Austin,2024-09-21 00:00:00,2024-10-05 00:00:00,Resolved,No
EVT77FD2FB9,Compliance Issue,Warning,IT,EMPE9608DA5,Dallas,2024-08-05 00:00:00,,Pending,No
EVTFF3E5FCD,Customer Escalation,Warning,Marketing,EMP6ED8EF89,New York,2024-11-15 00:00:00,2024-11-18 00:00:00,Resolved,No
EVTC630D0F2,Power Outage,Warning,HR,EMPB86552E7,San Antonio,2024-09-23 00:00:00,,Pending,Yes
EVT80E8D350,Cyber Alert,Warning,Finance,EMP4FAFDEA0,Philadelphia,2024-11-01 00:00:00,2024-11-05 00:00:00,Resolved,No
EVT2825902B,Equipment Failure,Warning,Sales,EMP710805A2,Jacksonville,2024-01-19 00:00:00,2024-01-22 00:00:00,Resolved,No
EVTA3BC653B,Inventory Shortage,Normal,Quality,EMPBA93890D,San Jose,2024-06-23 00:00:00,,Pending,Yes
EVTFD0706C5,Purchase Request,Warning,Marketing,EMP3F26BF98,Los Angeles,2024-09-03 00:00:00,,Pending,Yes
EVTCD40936F,Customer Escalation,Warning,Marketing,EMP3BA94D4B,Austin,2024-07-20 00:00:00,2024-07-26 00:00:00,Resolved,No
EVT060EBAB7,Vendor Delay,Normal,Marketing,EMP0EA61F20,Dallas,2024-08-02 00:00:00,2024-08-16 00:00:00,Resolved,No
EVT5064FF1F,Equipment Failure,Critical,Finance,EMPD5F77E80,Austin,2024-03-21 00:00:00,2024-03-24 00:00:00,Resolved,No
EVT70D3380A,Employee Injury,Critical,Logistics,EMPD65B61A8,Dallas,2024-07-17 00:00:00,2024-07-20 00:00:00,Resolved,No
EVT13936B0C,Equipment Failure,Critical,Logistics,EMPE32077AC,Jacksonville,2024-09-23 00:00:00,2024-09-24 00:00:00,Resolved,No
EVT033B5956,Equipment Failure,Warning,Marketing,EMP7D70136C,Philadelphia,2024-11-04 00:00:00,2024-11-08 00:00:00,Resolved,No
EVTB0CD19E2,Vendor Delay,Normal,Quality,EMPE7C5F54A,San Diego,2024-12-31 00:00:00,2025-01-07 00:00:00,Resolved,Yes
EVT1B80E8A9,Inventory Shortage,Warning,Manufacturing,EMP10678738,Houston,2024-11-29 00:00:00,2024-12-03 00:00:00,Resolved,No
EVT4848E18C,Purchase Request,Warning,IT,EMP68CFA439,San Jose,2024-10-30 00:00:00,2024-11-03 00:00:00,Resolved,No
EVTE1E84363,Vendor Delay,Warning,Quality,EMP85FE6613,Austin,2024-10-17 00:00:00,2024-10-20 00:00:00,Resolved,Yes
EVTA8958DDB,Inventory Shortage,Normal,Sales,EMP721C2DE6,San Diego,2024-09-15 00:00:00,2024-09-25 00:00:00,Resolved,No
EVTA420472B,Cyber Alert,Critical,Sales,EMPF85B6A40,Los Angeles,2024-02-02 00:00:00,2024-02-03 00:00:00,Resolved,No
EVT95528261,Inventory Shortage,Warning,Sales,EMPB7C0D59F,Austin,2024-10-28 00:00:00,2024-11-01 00:00:00,Resolved,Yes
EVT2034DD6C,Purchase Request,Normal,HR,EMPA8D4F461,San Antonio,2024-11-08 00:00:00,2024-11-15 00:00:00,Resolved,Yes
EVT1DBC3D06,Compliance Issue,Normal,Operations,EMPED36C61F,San Antonio,2024-05-07 00:00:00,2024-05-15 00:00:00,Resolved,Yes
EVTC2F0227C,Employee Injury,Critical,Quality,EMP6F4B21BB,Los Angeles,2024-01-27 00:00:00,2024-01-29 00:00:00,Resolved,No
EVT500ABF7F,Employee Injury,Critical,Finance,EMP51F22471,Jacksonville,2024-10-02 00:00:00,2024-10-04 00:00:00,Resolved,Yes
EVTA5CA2A78,Compliance Issue,Normal,Operations,EMP919B96B0,San Diego,2024-06-09 00:00:00,2024-06-21 00:00:00,Resolved,No
EVTC53921F4,Inventory Shortage,Warning,Marketing,EMP5F6DEF8B,San Diego,2024-05-28 00:00:00,2024-06-04 00:00:00,Resolved,No
EVT59AFCB87,Power Outage,Critical,Sales,EMP6E33A125,Dallas,2024-07-15 00:00:00,2024-07-18 00:00:00,Resolved,No
EVT346F5E40,Employee Injury,Critical,IT,EMPC9E56435,San Diego,2024-05-17 00:00:00,2024-05-19 00:00:00,Resolved,Yes
EVT191B2189,Employee Injury,Critical,Quality,EMPDB639EBC,Phoenix,2024-01-04 00:00:00,2024-01-06 00:00:00,Resolved,No
EVTBA32EE3A,Inventory Shortage,Critical,Finance,EMPF1CBB4FF,Los Angeles,2024-02-04 00:00:00,2024-02-07 00:00:00,Resolved,Yes
EVTBB0C1A1B,Power Outage,Critical,Manufacturing,EMP7FA86F91,Philadelphia,2024-05-19 00:00:00,2024-05-21 00:00:00,Resolved,Yes
EVTADAD4BEB,Equipment Failure,Critical,Logistics,EMP5DF981B5,Austin,2024-09-25 00:00:00,2024-09-28 00:00:00,Resolved,No
EVTA4877441,Employee Injury,Critical,Quality,EMPD9789176,Chicago,2024-09-19 00:00:00,2024-09-21 00:00:00,Resolved,No
EVT4A54B051,Cyber Alert,Warning,Finance,EMP9946A788,San Diego,2024-04-28 00:00:00,,Pending,No
EVT4E3195B5,Machine Breakdown,Normal,Finance,EMP52BFEF60,Phoenix,2024-11-24 00:00:00,2024-12-06 00:00:00,Resolved,No
EVT444D98F4,Compliance Issue,Warning,Quality,EMP0E6E63F8,Austin,2024-02-18 00:00:00,,Pending,Yes
EVT8F67D29A,Equipment Failure,Critical,Finance,EMP63A1C27A,Dallas,2024-10-15 00:00:00,,Pending,Yes
EVT64EAEE1D,Vendor Delay,Normal,Finance,EMP4700E817,San Antonio,2024-09-19 00:00:00,2024-09-27 00:00:00,Resolved,No
EVTB04C7C05,Cyber Alert,Warning,Marketing,EMP4A68F634,San Diego,2024-09-30 00:00:00,2024-10-03 00:00:00,Resolved,No
EVT346257CF,Equipment Failure,Normal,Logistics,EMP6958089B,San Antonio,2024-10-28 00:00:00,2024-11-06 00:00:00,Escalated,Yes
EVT971AD498,Cyber Alert,Critical,Sales,EMPFADC6365,Jacksonville,2024-07-03 00:00:00,2024-07-04 00:00:00,Resolved,No
EVTD5D5B418,Equipment Failure,Normal,Procurement,EMPA49FFD4F,Houston,2024-09-19 00:00:00,2024-09-27 00:00:00,Resolved,No
EVT27F014FC,Inventory Shortage,Normal,Logistics,EMP9FBF2B5B,San Jose,2024-02-21 00:00:00,2024-03-07 00:00:00,Resolved,Yes
EVT38CC57B8,Vendor Delay,Warning,HR,EMP350AC0F6,New York,2024-05-02 00:00:00,,Pending,No
EVT1FF5924B,Compliance Issue,Critical,Manufacturing,EMPAC42687B,Phoenix,2024-02-09 00:00:00,2024-02-10 00:00:00,Resolved,Yes
EVT9AFE5AC8,Employee Injury,Critical,IT,EMP5A6F7568,Chicago,2024-12-19 00:00:00,2024-12-22 00:00:00,Resolved,Yes
EVTFA081967,Power Outage,Critical,Procurement,EMP9B89BF7F,Jacksonville,2024-08-07 00:00:00,2024-08-08 00:00:00,Resolved,Yes
EVT08C34A97,Vendor Delay,Critical,Sales,EMP2CC196D2,Dallas,2024-09-01 00:00:00,2024-09-04 00:00:00,Resolved,No
EVT01D88BAD,Machine Breakdown,Critical,Operations,EMPDCE032C1,Los Angeles,2024-05-19 00:00:00,2024-05-20 00:00:00,Resolved,Yes
EVT73BE17E3,Cyber Alert,Normal,Quality,EMP677EB65F,Phoenix,2024-07-10 00:00:00,2024-07-17 00:00:00,Resolved,Yes
EVT3349346F,Vendor Delay,Normal,Marketing,EMP4EB07C49,New York,2024-12-21 00:00:00,,Pending,No
EVT963DA82D,Employee Injury,Critical,HR,EMP8491D5CE,San Diego,2024-07-13 00:00:00,2024-07-14 00:00:00,Resolved,No
EVT28518CB2,Customer Escalation,Normal,IT,EMP025EC06B,San Antonio,2024-01-30 00:00:00,,Pending,No
EVT2A6C59CA,Purchase Request,Normal,Marketing,EMP5ED24F8E,Dallas,2024-05-15 00:00:00,2024-05-28 00:00:00,Resolved,No
EVT25119593,Equipment Failure,Warning,Sales,EMPF89D7930,Dallas,2024-07-06 00:00:00,2024-07-12 00:00:00,Resolved,Yes
EVT2CEE16A8,Cyber Alert,Critical,Manufacturing,EMP58B4A5B2,Dallas,2024-04-30 00:00:00,,Pending,No
EVTA1952B1B,Customer Escalation,Critical,Finance,EMPE2F15F53,Austin,2024-11-15 00:00:00,2024-11-16 00:00:00,Resolved,No
EVT0912F435,Cyber Alert,Critical,Procurement,EMPB994A18F,Austin,2024-07-07 00:00:00,2024-07-08 00:00:00,Resolved,No
EVTF1605B08,Inventory Shortage,Normal,Procurement,EMP6F9A90CE,Jacksonville,2024-04-04 00:00:00,2024-04-15 00:00:00,Resolved,No
EVT42C60DF4,Customer Escalation,Critical,Manufacturing,EMPB650D171,San Diego,2024-12-12 00:00:00,,Pending,No
EVT49298F36,Employee Injury,Warning,Procurement,EMP7C3A490D,Phoenix,2024-03-10 00:00:00,,Pending,No
EVTAFA40942,Equipment Failure,Warning,IT,EMP9D1D72E2,Dallas,2024-08-16 00:00:00,2024-08-22 00:00:00,Resolved,No
EVT1F2CFCE9,Employee Injury,Critical,Logistics,EMP37F30689,New York,2024-11-14 00:00:00,,Pending,Yes
EVT100A539C,Power Outage,Critical,Procurement,EMP7D9D09B7,New York,2024-10-10 00:00:00,2024-10-13 00:00:00,Resolved,No
EVT5192A62C,Purchase Request,Normal,Manufacturing,EMP3E013FEB,San Antonio,2024-08-21 00:00:00,2024-09-05 00:00:00,Resolved,No
EVT9C426DD0,Compliance Issue,Critical,IT,EMP1D8A967A,Dallas,2024-07-05 00:00:00,2024-07-08 00:00:00,Resolved,Yes
EVTAC5A851A,Cyber Alert,Critical,Sales,EMP89774A49,Jacksonville,2024-03-09 00:00:00,,Pending,No
EVT135D29C2,Equipment Failure,Warning,IT,EMPA314E820,San Diego,2024-02-07 00:00:00,2024-02-10 00:00:00,Resolved,Yes
EVT2F53F812,Compliance Issue,Warning,Operations,EMP05D23C55,San Jose,2024-12-03 00:00:00,2024-12-10 00:00:00,Resolved,No
EVTA90096FD,Equipment Failure,Warning,Procurement,EMP59177B4E,New York,2024-03-16 00:00:00,2024-03-22 00:00:00,Resolved,No
EVT144F06FD,Machine Breakdown,Warning,Finance,EMPDC59410D,Los Angeles,2024-02-06 00:00:00,2024-02-11 00:00:00,Resolved,No
EVT3AFE8FEE,Equipment Failure,Normal,Operations,EMPA7D8B106,Phoenix,2024-02-09 00:00:00,,Pending,No
EVT51F30D75,Compliance Issue,Warning,Quality,EMP69098DD7,San Antonio,2024-04-02 00:00:00,2024-04-08 00:00:00,Resolved,No
EVTBDD9DD4B,Compliance Issue,Warning,Marketing,EMPA4BE5486,Jacksonville,2024-06-17 00:00:00,2024-06-24 00:00:00,Resolved,No
EVT2703E5C5,Vendor Delay,Critical,Quality,EMPC4CA1ABA,San Diego,2024-06-20 00:00:00,,Pending,No
EVT8E3391CB,Power Outage,Critical,Quality,EMPEB98F83F,Jacksonville,2024-09-10 00:00:00,2024-09-12 00:00:00,Resolved,No
EVT5BE13945,Inventory Shortage,Warning,Quality,EMPEF312008,San Jose,2024-01-30 00:00:00,,Pending,No
EVT290E1162,Employee Injury,Warning,IT,EMPC963D50E,Philadelphia,2024-03-27 00:00:00,2024-04-02 00:00:00,Resolved,Yes
EVT86997DB5,Inventory Shortage,Critical,Marketing,EMP20236194,Dallas,2024-08-16 00:00:00,2024-08-18 00:00:00,Resolved,No
EVT4BFE149C,Power Outage,Warning,Marketing,EMP8B6EEF4A,San Antonio,2024-08-12 00:00:00,2024-08-16 00:00:00,Resolved,No
EVT5204EA6A,Inventory Shortage,Critical,IT,EMP981E0684,New York,2024-02-19 00:00:00,2024-02-21 00:00:00,Resolved,No
EVTCD553F77,Power Outage,Critical,Finance,EMP1D6D372C,Chicago,2024-07-07 00:00:00,,Pending,Yes
EVT552089E2,Machine Breakdown,Critical,HR,EMP112985E2,San Diego,2024-09-29 00:00:00,2024-10-02 00:00:00,Resolved,No
EVT721CAFA7,Employee Injury,Critical,Quality,EMP42121C76,Jacksonville,2024-02-25 00:00:00,2024-02-27 00:00:00,Resolved,No
EVT79F0E954,Equipment Failure,Warning,Sales,EMP2D67E6C6,Dallas,2024-12-03 00:00:00,2024-12-07 00:00:00,Resolved,Yes
EVT5141CA5E,Customer Escalation,Warning,Operations,EMPE6192F5D,Houston,2024-11-14 00:00:00,2024-11-21 00:00:00,Resolved,No
EVT0C07712F,Customer Escalation,Warning,Procurement,EMP0745C19C,Los Angeles,2024-04-02 00:00:00,,Pending,No
EVTE9518EFE,Compliance Issue,Warning,Quality,EMPB8B2E505,Los Angeles,2024-03-19 00:00:00,2024-03-26 00:00:00,Resolved,No
EVTA594185E,Purchase Request,Normal,Sales,EMP27BBC15C,Houston,2024-02-01 00:00:00,2024-02-10 00:00:00,Resolved,Yes
EVTBB8A7C2A,Employee Injury,Critical,Manufacturing,EMPD8ADE0EA,New York,2024-12-01 00:00:00,,Pending,No
EVT575B4EA0,Vendor Delay,Warning,Logistics,EMP39DBE3B3,Dallas,2024-07-24 00:00:00,2024-07-29 00:00:00,Resolved,Yes
EVT20381308,Machine Breakdown,Warning,Manufacturing,EMP6FEE50F8,Jacksonville,2024-09-09 00:00:00,,Pending,No
EVTCD5E7809,Compliance Issue,Warning,Manufacturing,EMP8F4ECD2C,Phoenix,2024-08-11 00:00:00,2024-08-18 00:00:00,Resolved,No
EVT3EEA3E2E,Compliance Issue,Warning,HR,EMP3084ED3F,Dallas,2024-02-10 00:00:00,2024-02-15 00:00:00,Resolved,No
EVTF7433F9A,Compliance Issue,Critical,IT,EMPB4AE3E88,Jacksonville,2024-09-28 00:00:00,2024-09-30 00:00:00,Resolved,No
EVT6BAB87AE,Cyber Alert,Critical,Quality,EMPF2CE45EC,San Jose,2024-11-30 00:00:00,2024-12-01 00:00:00,Resolved,Yes
EVT0F2D0452,Machine Breakdown,Critical,Sales,EMP0C3F3AFF,Phoenix,2024-04-18 00:00:00,,Pending,No
EVTF49574B3,Equipment Failure,Critical,Quality,EMP9E33FEE0,San Antonio,2024-06-19 00:00:00,2024-06-22 00:00:00,Resolved,Yes
EVT5F78C16C,Purchase Request,Normal,Logistics,EMP3EECA29E,Phoenix,2024-10-15 00:00:00,,Pending,Yes
EVT8CC5B971,Vendor Delay,Normal,Finance,EMP704025B3,Chicago,2024-06-13 00:00:00,2024-06-22 00:00:00,Resolved,No
EVTECE81C26,Cyber Alert,Warning,Procurement,EMP372496BF,Los Angeles,2024-04-22 00:00:00,2024-04-27 00:00:00,Resolved,Yes
EVTAE713162,Cyber Alert,Warning,Manufacturing,EMPC71D4468,San Antonio,2024-10-01 00:00:00,,Pending,Yes
EVTF8E49DB8,Machine Breakdown,Critical,Quality,EMPD7A8D0D1,Philadelphia,2024-12-15 00:00:00,2024-12-16 00:00:00,Resolved,Yes
EVTF1B56371,Power Outage,Critical,Finance,EMP7DA3EBA9,San Diego,2024-03-21 00:00:00,2024-03-23 00:00:00,Resolved,Yes
EVT0974BA8D,Cyber Alert,Critical,HR,EMP2AE25EA3,Austin,2024-09-15 00:00:00,2024-09-17 00:00:00,Resolved,No
EVT01330DB7,Employee Injury,Critical,Marketing,EMP9CA97EBB,Dallas,2024-08-13 00:00:00,2024-08-15 00:00:00,Resolved,No
EVT77546695,Equipment Failure,Warning,Marketing,EMP8A0B6FFA,Houston,2024-02-27 00:00:00,,Pending,No
EVTADA557A3,Inventory Shortage,Normal,Manufacturing,EMPCD5A0BC8,San Diego,2024-12-08 00:00:00,2024-12-22 00:00:00,Resolved,No
EVTFF072744,Cyber Alert,Normal,Finance,EMP4A3FF32D,Jacksonville,2024-03-29 00:00:00,2024-04-12 00:00:00,Resolved,Yes
EVTF433D0CF,Customer Escalation,Warning,Logistics,EMP42C62C57,Houston,2024-11-25 00:00:00,2024-12-02 00:00:00,Resolved,Yes
EVT13BF7D24,Power Outage,Critical,IT,EMPDA02D626,Phoenix,2024-11-03 00:00:00,2024-11-04 00:00:00,Resolved,Yes
EVT19DA5F9C,Purchase Request,Warning,HR,EMP7B4FFD12,New York,2024-11-19 00:00:00,2024-11-25 00:00:00,Resolved,No
EVT3913CB2E,Cyber Alert,Critical,Procurement,EMP0617BC09,San Diego,2024-08-21 00:00:00,,Pending,Yes
EVTD70503D8,Vendor Delay,Critical,Logistics,EMPD9C1F219,Austin,2024-08-19 00:00:00,,Pending,No
EVT0CFA475A,Vendor Delay,Warning,Quality,EMP331181C0,Dallas,2024-10-13 00:00:00,,Pending,No
EVTBBC04F90,Machine Breakdown,Normal,Procurement,EMP5AFD29C0,Los Angeles,2024-07-18 00:00:00,,Pending,Yes
EVT60E895F3,Inventory Shortage,Critical,Finance,EMP800AD1A3,Jacksonville,2024-02-18 00:00:00,2024-02-20 00:00:00,Resolved,Yes
EVTB686B60B,Purchase Request,Normal,Finance,EMPD9C3F89F,Houston,2024-03-20 00:00:00,2024-03-28 00:00:00,Resolved,No
EVT01C8A605,Power Outage,Critical,IT,EMPC563ED09,San Jose,2024-11-27 00:00:00,2024-11-29 00:00:00,Resolved,No
EVT11B080E5,Inventory Shortage,Normal,Logistics,EMPD31F8AF0,San Diego,2024-05-11 00:00:00,,Pending,Yes
EVT22162AA4,Machine Breakdown,Warning,Sales,EMP6C481A63,San Antonio,2024-08-25 00:00:00,2024-08-31 00:00:00,Resolved,No
EVTB236FEBA,Vendor Delay,Critical,Quality,EMP5DD9EA93,San Jose,2024-02-03 00:00:00,2024-02-04 00:00:00,Resolved,No
EVT9B6FAD2F,Machine Breakdown,Critical,Marketing,EMPD5CF9D04,Jacksonville,2024-03-21 00:00:00,2024-03-23 00:00:00,Resolved,No
EVTA5584312,Employee Injury,Warning,Quality,EMP41878B89,Philadelphia,2024-09-27 00:00:00,2024-10-03 00:00:00,Resolved,No
EVT2B515F86,Power Outage,Critical,Marketing,EMP49F80FAE,Philadelphia,2024-03-08 00:00:00,2024-03-11 00:00:00,Resolved,No
EVT9E071210,Employee Injury,Warning,HR,EMP8124AAAD,Phoenix,2024-02-06 00:00:00,2024-02-09 00:00:00,Resolved,Yes
EVT6CE33606,Machine Breakdown,Warning,Procurement,EMP04937E07,Chicago,2024-02-13 00:00:00,2024-02-20 00:00:00,Resolved,No
EVT93924673,Employee Injury,Critical,HR,EMPF326B196,Phoenix,2024-08-24 00:00:00,2024-08-25 00:00:00,Resolved,No
EVTEFDF5716,Compliance Issue,Normal,Manufacturing,EMPA88520D5,San Antonio,2024-09-03 00:00:00,2024-09-14 00:00:00,Resolved,No
EVT5B9F9EA1,Machine Breakdown,Critical,HR,EMP457BB008,San Diego,2024-05-15 00:00:00,2024-05-18 00:00:00,Resolved,No
EVTE3D1968B,Employee Injury,Critical,Sales,EMP81D82BD9,Houston,2024-06-26 00:00:00,2024-06-28 00:00:00,Resolved,Yes
EVT0CB5597B,Equipment Failure,Warning,Procurement,EMP5167DD82,San Diego,2024-03-31 00:00:00,,Pending,No
EVT5A8B75E7,Vendor Delay,Normal,Procurement,EMP155BEFF8,Austin,2024-04-03 00:00:00,2024-04-14 00:00:00,Resolved,No
EVT0C373385,Cyber Alert,Critical,Sales,EMPCE6141A4,San Antonio,2024-10-16 00:00:00,2024-10-19 00:00:00,Resolved,No
EVTF5BE8BB3,Cyber Alert,Warning,HR,EMPA730709E,San Jose,2024-09-13 00:00:00,,Pending,No
EVT25D6CF15,Purchase Request,Normal,IT,EMP39E538E8,Chicago,2024-05-11 00:00:00,,Pending,No
EVT0FD64308,Equipment Failure,Critical,Finance,EMP4207765C,San Diego,2024-01-21 00:00:00,2024-01-24 00:00:00,Resolved,No
EVT41E5F23B,Inventory Shortage,Normal,Sales,EMP73F4A547,San Antonio,2024-04-08 00:00:00,2024-04-16 00:00:00,Resolved,No
EVT5B9AC078,Power Outage,Critical,Finance,EMP14CEFE90,New York,2024-05-05 00:00:00,,Pending,No
EVT13D9A40A,Cyber Alert,Critical,Procurement,EMPF6841E8C,Dallas,2024-12-25 00:00:00,2024-12-27 00:00:00,Resolved,No
EVTEEB9825F,Customer Escalation,Warning,IT,EMP1FC63C2E,Dallas,2024-03-24 00:00:00,2024-03-27 00:00:00,Resolved,No
EVT60DC094A,Machine Breakdown,Critical,Sales,EMP093211FE,New York,2024-03-08 00:00:00,2024-03-09 00:00:00,Resolved,No
EVT8EEA3DDD,Cyber Alert,Critical,Operations,EMP3C43D504,Dallas,2024-01-01 00:00:00,,Pending,No
EVT2247B995,Equipment Failure,Warning,HR,EMPA8A88A72,Houston,2024-11-19 00:00:00,,Pending,No
EVT95074904,Compliance Issue,Warning,Procurement,EMPE1E82D78,Houston,2024-07-20 00:00:00,2024-07-26 00:00:00,Resolved,Yes
EVT3DDCD04F,Vendor Delay,Critical,Sales,EMP439296A6,San Antonio,2024-02-18 00:00:00,2024-02-21 00:00:00,Resolved,No
EVT8BF8B6B7,Inventory Shortage,Normal,IT,EMP39F27448,San Diego,2024-12-13 00:00:00,2024-12-26 00:00:00,Resolved,No
EVT569751D8,Equipment Failure,Warning,Marketing,EMP6A1EF653,Austin,2024-09-30 00:00:00,,Pending,No
EVTE37BFACB,Inventory Shortage,Warning,Manufacturing,EMP4BA2B2CC,Jacksonville,2024-03-07 00:00:00,2024-03-12 00:00:00,Resolved,No
EVT7816697A,Compliance Issue,Warning,Marketing,EMP5EEA1328,San Jose,2024-09-08 00:00:00,2024-09-12 00:00:00,Resolved,Yes
EVT4483B4C3,Equipment Failure,Critical,Operations,EMPECCA11FA,Dallas,2024-07-01 00:00:00,2024-07-03 00:00:00,Resolved,No
EVT13288052,Power Outage,Critical,Procurement,EMP5D6851EC,Austin,2024-09-12 00:00:00,,Pending,No
EVT2E94B33E,Machine Breakdown,Warning,Manufacturing,EMPE81BE3DC,San Antonio,2024-04-12 00:00:00,,Pending,No
EVTC0B0601D,Cyber Alert,Normal,Procurement,EMP599CCB12,Austin,2024-12-19 00:00:00,,Pending,No
EVT300BDB84,Purchase Request,Normal,Quality,EMPFADAA0E2,San Jose,2024-06-03 00:00:00,,Pending,Yes
EVT393FE530,Compliance Issue,Warning,HR,EMPF1172046,Dallas,2024-08-07 00:00:00,2024-08-11 00:00:00,Resolved,No
EVT15BFC44C,Employee Injury,Critical,Marketing,EMP22CFCAEB,Dallas,2024-09-30 00:00:00,2024-10-02 00:00:00,Resolved,No
EVTB5695A5C,Vendor Delay,Critical,Manufacturing,EMP2DB11931,Austin,2024-06-10 00:00:00,2024-06-11 00:00:00,Resolved,Yes
EVT932A371A,Customer Escalation,Warning,Logistics,EMP9F78F913,Dallas,2024-02-25 00:00:00,2024-02-28 00:00:00,Resolved,No
EVT51F7F19B,Vendor Delay,Warning,Procurement,EMPCE8AEA97,Jacksonville,2024-04-15 00:00:00,2024-04-20 00:00:00,Escalated,No
EVTF17BCA38,Cyber Alert,Warning,Marketing,EMPEBA3C66D,Philadelphia,2024-11-10 00:00:00,,Pending,No
EVTBBC71801,Customer Escalation,Warning,Quality,EMP72A9B077,Phoenix,2024-05-20 00:00:00,2024-05-23 00:00:00,Resolved,Yes
EVT22FF92C2,Inventory Shortage,Warning,Procurement,EMP4FEB21BA,San Antonio,2024-01-11 00:00:00,2024-01-17 00:00:00,Resolved,Yes
EVT851ADB9F,Power Outage,Critical,Quality,EMP50618BFD,Phoenix,2024-09-24 00:00:00,,Pending,Yes
EVT35E3D6FA,Vendor Delay,Normal,Finance,EMP8F923E48,San Diego,2024-03-21 00:00:00,2024-04-05 00:00:00,Resolved,No
EVT245CBA04,Customer Escalation,Warning,Procurement,EMP7D8A4158,Austin,2024-08-11 00:00:00,,Pending,No
EVT322EE62F,Machine Breakdown,Warning,Manufacturing,EMPF359192F,San Antonio,2024-07-18 00:00:00,2024-07-22 00:00:00,Resolved,No
EVT3CA130D2,Purchase Request,Critical,Logistics,EMP43934201,San Jose,2024-02-26 00:00:00,2024-02-28 00:00:00,Resolved,Yes
EVT2183E17E,Machine Breakdown,Critical,Logistics,EMPE8D6FF50,Chicago,2024-08-31 00:00:00,2024-09-03 00:00:00,Resolved,Yes
EVTA46F600F,Vendor Delay,Warning,Procurement,EMP439296A6,San Diego,2024-11-03 00:00:00,2024-11-09 00:00:00,Resolved,No
EVTBCC8D534,Inventory Shortage,Warning,Finance,EMP3434258C,Los Angeles,2024-03-12 00:00:00,2024-03-19 00:00:00,Resolved,Yes
EVT70B9DAFF,Vendor Delay,Normal,Quality,EMPB183E01D,San Antonio,2024-10-17 00:00:00,,Pending,No
EVTC9A91A67,Equipment Failure,Warning,Procurement,EMPE04C0F31,Dallas,2024-08-27 00:00:00,2024-09-01 00:00:00,Resolved,No
EVTA256E828,Equipment Failure,Normal,HR,EMP966D92BA,San Jose,2024-06-10 00:00:00,2024-06-25 00:00:00,Resolved,Yes
EVT2F766B58,Customer Escalation,Warning,HR,EMPBD4D5234,Los Angeles,2024-12-04 00:00:00,2024-12-10 00:00:00,Resolved,No
EVT265F9E67,Power Outage,Warning,Quality,EMPB7D8AB46,Philadelphia,2024-04-13 00:00:00,2024-04-16 00:00:00,Resolved,Yes
EVT03AD37F6,Vendor Delay,Normal,Operations,EMPBBA2D40C,Austin,2024-09-24 00:00:00,2024-10-08 00:00:00,Resolved,Yes
EVTB05BA236,Power Outage,Critical,Marketing,EMPB322B223,Jacksonville,2024-10-12 00:00:00,2024-10-15 00:00:00,Escalated,Yes
EVT2EDBE5B9,Vendor Delay,Critical,Operations,EMPEE6CC4E6,Chicago,2024-01-07 00:00:00,2024-01-09 00:00:00,Resolved,No
EVTF8C78CDA,Cyber Alert,Critical,Logistics,EMP6D5FCF16,Jacksonville,2024-11-14 00:00:00,2024-11-17 00:00:00,Resolved,Yes
EVT391CCBFA,Compliance Issue,Critical,Marketing,EMPAE1ADA1A,Houston,2024-02-14 00:00:00,2024-02-15 00:00:00,Resolved,No
EVTCF59D848,Equipment Failure,Critical,Operations,EMPD9FC7143,Philadelphia,2024-02-03 00:00:00,2024-02-05 00:00:00,Escalated,No
EVT62B2C9AC,Compliance Issue,Warning,HR,EMP5693D3D3,San Diego,2024-07-25 00:00:00,2024-07-31 00:00:00,Escalated,No
EVT181C9305,Vendor Delay,Warning,Finance,EMP9FBB2844,Houston,2024-06-15 00:00:00,2024-06-20 00:00:00,Resolved,No
EVTC8455809,Purchase Request,Normal,Logistics,EMP06F4D180,Austin,2024-04-28 00:00:00,2024-05-08 00:00:00,Resolved,No
EVT05DA364D,Inventory Shortage,Warning,Finance,EMP4EE04C89,Philadelphia,2024-09-20 00:00:00,2024-09-23 00:00:00,Resolved,Yes
EVTC8EED890,Machine Breakdown,Normal,Marketing,EMP239C4403,San Diego,2024-06-25 00:00:00,,Pending,Yes
EVT6399EF66,Customer Escalation,Warning,Logistics,EMPA8029E62,Chicago,2024-06-16 00:00:00,2024-06-19 00:00:00,Resolved,No
EVT332D3067,Compliance Issue,Warning,Marketing,EMP55FB6AC0,Philadelphia,2024-04-21 00:00:00,2024-04-24 00:00:00,Resolved,No
EVTA8C11011,Power Outage,Critical,HR,EMP49A436A4,New York,2024-12-20 00:00:00,2024-12-22 00:00:00,Resolved,No
EVT100E2B35,Compliance Issue,Warning,Manufacturing,EMP5B14C190,San Diego,2024-04-13 00:00:00,2024-04-19 00:00:00,Resolved,Yes
EVT22706999,Machine Breakdown,Warning,Finance,EMP6BB7C49E,Austin,2024-12-26 00:00:00,,Pending,No
EVTD8D3547C,Purchase Request,Normal,Quality,EMPAF849AA4,Austin,2024-02-14 00:00:00,2024-02-24 00:00:00,Resolved,No
EVT762F2B75,Equipment Failure,Critical,Finance,EMP9D5E6A9B,Houston,2024-12-19 00:00:00,2024-12-21 00:00:00,Resolved,No
EVTA3F1DE42,Vendor Delay,Critical,Procurement,EMPB65F7EC7,New York,2024-01-13 00:00:00,2024-01-16 00:00:00,Resolved,No
EVT7134A011,Cyber Alert,Warning,Quality,EMP6C501E75,Houston,2024-08-21 00:00:00,2024-08-25 00:00:00,Resolved,No
EVT4FCC1832,Inventory Shortage,Warning,Finance,EMP405E9DCB,Jacksonville,2024-05-26 00:00:00,2024-05-31 00:00:00,Resolved,Yes
EVTEC2EB271,Cyber Alert,Critical,Marketing,EMP4BE1BF99,Jacksonville,2024-10-13 00:00:00,2024-10-14 00:00:00,Resolved,No
EVTEEDEB950,Customer Escalation,Critical,Quality,EMPF82795B4,Dallas,2024-01-01 00:00:00,,Pending,No
EVTC10B5556,Cyber Alert,Warning,Logistics,EMP2B75EFA7,Austin,2024-04-08 00:00:00,2024-04-14 00:00:00,Resolved,No
EVT7D7C4CB8,Purchase Request,Normal,Operations,EMPC2968E0B,San Jose,2024-01-12 00:00:00,2024-01-21 00:00:00,Escalated,Yes
EVT8EBF49BC,Compliance Issue,Warning,Manufacturing,EMP3DD13239,San Jose,2024-03-01 00:00:00,2024-03-08 00:00:00,Resolved,No
EVT0FE6587E,Compliance Issue,Normal,Marketing,EMP4EDAB589,Jacksonville,2024-04-16 00:00:00,,Pending,Yes
EVTACE4936B,Equipment Failure,Critical,HR,EMP48C8C5E4,New York,2024-07-17 00:00:00,,Pending,No
EVTF5D5CCB0,Compliance Issue,Warning,Procurement,EMP3F26BF98,Houston,2024-08-11 00:00:00,2024-08-15 00:00:00,Escalated,Yes
EVT7AA1A327,Compliance Issue,Normal,Marketing,EMPF0A85B1C,Phoenix,2024-03-02 00:00:00,2024-03-09 00:00:00,Resolved,No
EVTF793CE28,Power Outage,Critical,Finance,EMP4D4CD89B,San Diego,2024-04-20 00:00:00,2024-04-22 00:00:00,Resolved,No
EVT3BB3AA5A,Inventory Shortage,Normal,Operations,EMP38C0591C,Philadelphia,2024-12-06 00:00:00,2024-12-18 00:00:00,Resolved,No
EVT3780B05A,Vendor Delay,Warning,Logistics,EMP89FECAAC,San Diego,2024-04-10 00:00:00,2024-04-15 00:00:00,Resolved,No
EVT2D198D4A,Purchase Request,Normal,Logistics,EMP7EB51B31,Austin,2024-11-12 00:00:00,2024-11-26 00:00:00,Resolved,Yes
EVT20474391,Compliance Issue,Critical,HR,EMPDD2A8332,New York,2024-07-10 00:00:00,,Pending,No
EVTFB406E19,Machine Breakdown,Critical,Operations,EMP161CB2FD,Chicago,2024-11-29 00:00:00,2024-12-01 00:00:00,Resolved,Yes
EVTD50F385A,Vendor Delay,Critical,Procurement,EMPFD50DB8A,San Diego,2024-01-06 00:00:00,,Pending,Yes
EVT9064AFD0,Compliance Issue,Critical,Quality,EMP00555684,San Diego,2024-09-30 00:00:00,,Pending,No
EVT72541A9F,Machine Breakdown,Critical,Procurement,EMP39963664,Austin,2024-07-01 00:00:00,,Pending,Yes
EVTF7EBD49C,Machine Breakdown,Warning,Operations,EMP6856E24C,Jacksonville,2024-09-20 00:00:00,2024-09-24 00:00:00,Resolved,Yes
EVT4446FB8E,Machine Breakdown,Warning,Sales,EMPD238226D,San Jose,2024-01-21 00:00:00,2024-01-25 00:00:00,Resolved,No
EVT955D4F12,Vendor Delay,Warning,IT,EMP719ECFB1,San Diego,2024-04-30 00:00:00,2024-05-06 00:00:00,Resolved,No
EVT5CC730D4,Compliance Issue,Critical,Quality,EMP68D11D1E,San Jose,2024-10-05 00:00:00,2024-10-08 00:00:00,Resolved,No
EVT25026353,Purchase Request,Warning,Procurement,EMPA67D318E,Chicago,2024-06-04 00:00:00,2024-06-11 00:00:00,Resolved,No
EVT4306B2D9,Purchase Request,Normal,Sales,EMP1513CBC4,Los Angeles,2024-10-12 00:00:00,,Pending,No
EVT5A82D6B6,Inventory Shortage,Warning,Operations,EMPBF3CD64C,Philadelphia,2024-12-07 00:00:00,2024-12-11 00:00:00,Resolved,Yes
EVT3B953C2B,Customer Escalation,Warning,Sales,EMPAEB2D147,San Antonio,2024-09-16 00:00:00,,Pending,No
EVT661D91EE,Equipment Failure,Normal,Manufacturing,EMP588E812A,Chicago,2024-04-08 00:00:00,2024-04-18 00:00:00,Escalated,Yes
EVT7305A552,Machine Breakdown,Critical,Sales,EMPB2EE860D,Houston,2024-05-27 00:00:00,2024-05-28 00:00:00,Resolved,Yes
EVT016E4C3C,Purchase Request,Normal,Sales,EMP16DAE41E,Chicago,2024-08-24 00:00:00,,Pending,No
EVTA9323471,Purchase Request,Normal,Logistics,EMPF31B76AE,Philadelphia,2024-02-18 00:00:00,,Pending,No
EVT0843A47B,Vendor Delay,Warning,Manufacturing,EMPF3E99828,Chicago,2024-03-10 00:00:00,2024-03-14 00:00:00,Resolved,No
EVT7B461304,Power Outage,Critical,IT,EMP8FEF7035,Philadelphia,2024-03-18 00:00:00,2024-03-20 00:00:00,Resolved,Yes
EVT898FFC80,Equipment Failure,Critical,Marketing,EMP3382E96F,Phoenix,2024-09-06 00:00:00,2024-09-07 00:00:00,Resolved,No
EVT0FE88389,Customer Escalation,Warning,Marketing,EMPE99AA7F4,San Jose,2024-11-02 00:00:00,2024-11-09 00:00:00,Resolved,No
EVTF94BE053,Equipment Failure,Critical,Manufacturing,EMP94575E26,San Antonio,2024-12-31 00:00:00,2025-01-01 00:00:00,Resolved,Yes
EVTE45E6928,Inventory Shortage,Normal,Logistics,EMP300D41E1,Los Angeles,2024-03-21 00:00:00,,Pending,No
EVT67AFCF5A,Cyber Alert,Critical,Procurement,EMP9C033C99,San Antonio,2024-03-19 00:00:00,2024-03-21 00:00:00,Escalated,No
EVT624FC8C7,Employee Injury,Critical,Quality,EMPE0EEC234,Houston,2024-06-05 00:00:00,,Pending,Yes
EVT7D1B4072,Equipment Failure,Warning,Procurement,EMP3C8B3E18,New York,2024-11-02 00:00:00,2024-11-05 00:00:00,Resolved,Yes
EVTB2A1BA72,Power Outage,Critical,Manufacturing,EMPFEDBE42F,San Diego,2024-08-01 00:00:00,,Pending,No
EVTE841A7CD,Power Outage,Critical,Procurement,EMPE31E0C52,San Jose,2024-01-07 00:00:00,2024-01-09 00:00:00,Resolved,No
EVTBB5B4679,Equipment Failure,Warning,Procurement,EMP32B70FF5,San Jose,2024-04-19 00:00:00,2024-04-23 00:00:00,Resolved,Yes
EVTB8775DC1,Power Outage,Critical,Operations,EMPCFB4ACF6,Austin,2024-05-06 00:00:00,2024-05-07 00:00:00,Resolved,Yes
EVT88348378,Customer Escalation,Critical,Marketing,EMPA445A58F,Los Angeles,2024-02-20 00:00:00,2024-02-21 00:00:00,Resolved,No
EVTEC2F28BB,Inventory Shortage,Warning,Procurement,EMP175C753F,Chicago,2024-02-19 00:00:00,2024-02-25 00:00:00,Resolved,Yes
EVTEFEFC0BB,Employee Injury,Warning,IT,EMP31D4FE75,Philadelphia,2024-03-05 00:00:00,,Pending,No
EVTF3C6F033,Employee Injury,Critical,HR,EMPAE724D44,Los Angeles,2024-06-04 00:00:00,2024-06-05 00:00:00,Resolved,Yes
EVTD7CED80F,Power Outage,Critical,Manufacturing,EMP4173999E,Phoenix,2024-09-14 00:00:00,2024-09-16 00:00:00,Resolved,Yes
EVTC55A4E9B,Compliance Issue,Critical,Procurement,EMPA0509935,San Diego,2024-04-03 00:00:00,2024-04-04 00:00:00,Resolved,No
EVT3231A7E1,Vendor Delay,Critical,Quality,EMP2F6C72D3,Phoenix,2024-01-02 00:00:00,2024-01-05 00:00:00,Escalated,Yes
EVT0C3ACF2D,Inventory Shortage,Warning,HR,EMP0E6E63F8,Jacksonville,2024-09-19 00:00:00,,Pending,No
EVT21AC2D9A,Cyber Alert,Normal,Procurement,EMPFD2CE156,Dallas,2024-12-18 00:00:00,2025-01-02 00:00:00,Resolved,No
EVT9F7BC9E4,Vendor Delay,Warning,IT,EMPE1756F98,San Antonio,2024-01-16 00:00:00,2024-01-20 00:00:00,Resolved,No
EVT31EB98C7,Compliance Issue,Warning,Logistics,EMPCE610E0C,Dallas,2024-04-25 00:00:00,2024-04-29 00:00:00,Escalated,No
EVTF5FDCE43,Customer Escalation,Warning,Operations,EMP75D6D788,Los Angeles,2024-12-22 00:00:00,2024-12-26 00:00:00,Resolved,Yes
EVT96425D84,Inventory Shortage,Normal,Quality,EMPFD20A5D7,Jacksonville,2024-11-10 00:00:00,2024-11-23 00:00:00,Escalated,Yes
EVT6BFE9CE1,Equipment Failure,Warning,Sales,EMPB364FAA1,San Jose,2024-04-18 00:00:00,2024-04-22 00:00:00,Resolved,Yes
EVTA4BB0C0C,Employee Injury,Critical,Procurement,EMPA8D4F461,Los Angeles,2024-05-09 00:00:00,2024-05-11 00:00:00,Resolved,No
EVT1A1B18CE,Customer Escalation,Warning,Quality,EMPD7BC92CC,Philadelphia,2024-09-19 00:00:00,2024-09-25 00:00:00,Resolved,No
EVT57023949,Purchase Request,Normal,Logistics,EMPF09D6BC3,Phoenix,2024-02-12 00:00:00,,Pending,No
EVT1FDF56CE,Equipment Failure,Warning,Marketing,EMPC337D972,Dallas,2024-09-26 00:00:00,2024-10-01 00:00:00,Resolved,No
EVT539408FB,Compliance Issue,Critical,Procurement,EMP161C9621,San Jose,2024-05-24 00:00:00,2024-05-26 00:00:00,Resolved,No
EVTA1F7E20A,Machine Breakdown,Normal,HR,EMP0DAED481,Chicago,2024-08-15 00:00:00,,Pending,No
EVTB1B49203,Machine Breakdown,Warning,HR,EMP8F164981,Chicago,2024-06-28 00:00:00,2024-07-03 00:00:00,Resolved,No
EVT95DDE292,Compliance Issue,Critical,Logistics,EMP4E15AD3B,Chicago,2024-11-30 00:00:00,,Pending,Yes
EVT402EF43E,Equipment Failure,Warning,HR,EMP2FE072C3,Austin,2024-11-16 00:00:00,2024-11-23 00:00:00,Escalated,No
EVT2176496B,Customer Escalation,Normal,IT,EMPF0598BAA,Chicago,2024-08-26 00:00:00,2024-09-09 00:00:00,Escalated,Yes
EVTDF31B8CA,Vendor Delay,Normal,Logistics,EMPA96F92FA,Dallas,2024-11-21 00:00:00,,Pending,No
EVT9C65B882,Customer Escalation,Warning,Marketing,EMP9BCFC286,San Antonio,2024-05-08 00:00:00,2024-05-14 00:00:00,Resolved,Yes
EVTA3BBB712,Inventory Shortage,Critical,Sales,EMP319A8E60,Chicago,2024-04-24 00:00:00,2024-04-25 00:00:00,Resolved,No
