po_id,employee_id,vendor_id,approval_status,budget,amount,priority,request_date,approval_date,delivery_date,category
POC5EC9569,EMP940553EF,VNDAADD0D4D,Approved,5636.16,5934.29,Critical,2024-10-07,2024-10-10,2024-10-17,Components
PO3583C946,EMP9FB6A578,VND57CA31A1,Pending,42337.28,43878.18,Normal,2024-08-02,,,Raw Materials
PO767B5EF5,EMP3DD919FD,VND08CE8CA7,Approved,9633.98,9388.5,Normal,2024-04-13,2024-04-16,2024-05-05,Office Supplies
POA254D4B5,EMP7DA3EBA9,VNDD24A1BC5,Approved,39485.49,40978.13,Critical,2024-02-28,2024-03-01,2024-03-13,Office Supplies
POBB175A9D,EMPE2AE14AA,VND34BC34BC,Approved,36613.05,32991.46,Critical,2024-10-23,2024-10-28,2024-11-04,Services
PO7EECF0B2,EMP5281B4E3,VND020FD5AF,Pending,29219.22,32521.13,Normal,2024-05-30,,,Services
PO9A1D1F84,EMPA0478D8A,VND590E7C93,Approved,27513.69,31727.08,Critical,2024-07-26,2024-07-28,2024-08-23,Office Supplies
PO71B9A052,EMPE3261834,VND67D32B2F,Cancelled,39751.04,47649.35,High,2024-09-02,2024-09-03,,Components
POB120F879,EMPEFDCE25E,VND6ACF147A,Approved,41699.6,40387.14,High,2024-08-27,2024-08-30,2024-09-26,Office Supplies
PO12606173,EMP1A58CBD3,VNDD24A1BC5,Approved,36915.0,43943.86,Critical,2024-01-09,2024-01-14,2024-02-08,Equipment
PO84F191A1,EMP3E14909B,VNDDA6D8C81,Approved,33963.5,38322.91,Normal,2024-11-12,2024-11-14,2024-12-08,Office Supplies
PO7442ED79,EMP1DC15C50,VND07F575C8,Approved,1303.25,1588.28,Normal,2024-10-27,2024-10-31,2024-11-10,Services
POF0AA0701,EMP3F4BF325,VND8C1D087C,Rejected,6785.32,6018.16,Normal,2024-10-03,2024-10-04,,Components
PO98F77863,EMP7D70136C,VND79774EB1,Pending,41220.92,39827.69,Normal,2024-09-30,,,Office Supplies
PO1E8DFED7,EMP920DA1BA,VND1306F6E1,Approved,7673.17,6869.51,Normal,2024-08-08,2024-08-11,2024-09-03,Components
POB26116C1,EMP2F38050F,VND08CE8CA7,Approved,38195.2,45482.24,High,2024-09-06,2024-09-07,2024-09-13,Office Supplies
PO3BDDB405,EMP198D1918,VNDF909C443,Pending,53138.55,44550.17,Normal,2024-06-19,,,Raw Materials
PO71E7B9F4,EMP62E7332A,VNDD2BB8334,Approved,11975.73,13438.91,Normal,2024-07-29,2024-07-30,2024-08-27,Equipment
PO8CF2AD54,EMPB85C7E07,VND79774EB1,Approved,1162.46,1112.15,High,2024-03-07,2024-03-12,2024-04-03,Office Supplies
POCB9EAB64,EMP71016495,VND23FDC749,Approved,21259.88,25677.04,Normal,2024-10-28,2024-10-31,2024-11-25,Equipment
PO8F2CD235,EMP42F496F1,VND4520F17A,Pending,11677.37,12763.06,High,2024-03-16,,,Raw Materials
PO655DF866,EMP8663BC22,VNDA0E8AF6C,Rejected,43586.15,36602.61,High,2024-12-08,2024-12-10,,Raw Materials
PO75FA1655,EMP5E46E6EC,VND2AF9B25B,Approved,38083.05,40859.58,Normal,2024-11-05,2024-11-09,2024-12-07,Components
POBCF59224,EMP3D41374F,VND7290C297,Approved,43370.14,41684.47,Normal,2024-05-09,2024-05-12,2024-05-24,Office Supplies
PO19A21C9D,EMP76B90661,VND411B979D,Pending,22334.64,25913.59,Normal,2024-03-09,,,Office Supplies
PO15A35E06,EMP1E9D029D,VND2FE40F33,Approved,37559.66,38654.64,Normal,2024-07-24,2024-07-28,2024-08-07,Office Supplies
POADCECFC2,EMPBEC1DB2D,VNDCE923A65,Approved,38654.31,44606.82,Critical,2024-04-29,2024-05-03,2024-05-18,Raw Materials
PO2D43DB54,EMP702A34CE,VND4DC2D394,Approved,10189.81,12672.96,Normal,2024-10-05,2024-10-07,2024-11-02,Raw Materials
POB40DE192,EMP14090431,VND8CAEB48D,Pending,9860.42,8340.81,Normal,2024-01-07,,,Services
POD1D5539F,EMP309E6FF2,VND97FA9A66,Rejected,32871.73,33496.9,Normal,2024-11-17,2024-11-19,,Equipment
PO22CD9BDA,EMPC8B096CA,VND768A7583,Rejected,32608.86,37793.49,Normal,2024-09-12,2024-09-14,,Equipment
POAA679AA3,EMPC1224921,VND44174C92,Approved,11753.73,12999.47,Normal,2024-06-15,2024-06-19,2024-07-03,Services
PO4102D6BC,EMPF6473149,VND9EBB9EB2,Approved,10282.43,12773.39,Normal,2024-11-11,2024-11-16,2024-11-26,Office Supplies
POF31C3BC9,EMPDCE527F2,VND5FE97D0B,Pending,9221.74,10147.91,Normal,2024-04-24,,,Components
PO52A441BC,EMP1E975EEC,VNDCE923A65,Approved,19776.81,21377.16,Normal,2024-01-12,2024-01-13,2024-01-30,Office Supplies
POEF13052B,EMPD6073346,VND5FE97D0B,Approved,38600.77,41931.93,Normal,2024-05-18,2024-05-22,2024-06-09,Equipment
POE666F7BC,EMP4B8A47EE,VNDA68A83A5,Approved,41458.85,34751.82,Normal,2024-02-18,2024-02-23,2024-03-03,Components
PO20BA1105,EMPBB0A5819,VND3A80813D,Approved,12323.95,13414.76,Critical,2024-05-22,2024-05-24,2024-06-15,Raw Materials
PO63FBD0EB,EMP6773F17C,VND859AA544,Approved,29074.35,33939.91,Normal,2024-08-31,2024-09-02,2024-09-26,Equipment
PO472C7811,EMP15908E60,VNDF5F231C0,Approved,39858.44,49571.5,Normal,2024-10-24,2024-10-27,2024-11-01,Office Supplies
PO37B38300,EMPCDE19E06,VND7B8206C3,Approved,51126.84,46935.5,Normal,2024-09-04,2024-09-05,2024-09-17,Services
PO83AC4BA5,EMP5F8E893F,VND9EBB9EB2,Cancelled,35338.04,41770.74,Normal,2024-03-09,2024-03-10,,Office Supplies
POE71CF2C2,EMP9F1F9318,VND9EBB9EB2,Pending,33844.85,34784.6,High,2024-11-06,,,Office Supplies
POE8A8985E,EMP1C9359C3,VNDAD897EA3,Pending,29429.66,25050.89,Critical,2024-04-29,,,Components
PO9E7DF4C3,EMP6D913BC3,VND4520F17A,Approved,39205.51,44560.03,Normal,2024-07-03,2024-07-05,2024-08-04,Equipment
PO645E1193,EMP1C3D5DD2,VNDF7A9FFF9,Approved,11881.25,14358.06,Normal,2024-01-18,2024-01-22,2024-02-14,Raw Materials
PO6DCA1C4E,EMP75A0AFCF,VND7290C297,Approved,14620.77,15489.58,Critical,2024-01-19,2024-01-22,2024-02-05,Equipment
POC423667D,EMP17063C2D,VND4A2B2E76,Approved,27215.02,27095.66,Normal,2024-04-30,2024-05-05,2024-06-01,Raw Materials
PO0998A2E3,EMPACCF9E4F,VNDD74D095B,Approved,47042.22,42597.35,High,2024-12-15,2024-12-20,2025-01-09,Equipment
PO25BF344C,EMPEC7B3BCA,VND3A746CBD,Approved,39082.78,43724.67,High,2024-12-31,2025-01-05,2025-02-02,Components
PO3B03944B,EMP563020C8,VND4F7B00FC,Approved,5021.83,5301.12,Normal,2024-07-10,2024-07-15,2024-08-11,Components
PO56E74328,EMP61F2AB0D,VND4DC2D394,Approved,36973.81,44224.9,Normal,2024-03-15,2024-03-17,2024-04-03,Office Supplies
POF89631DE,EMP0D6A47A6,VND88584A44,Approved,3615.26,3111.99,Normal,2024-12-29,2024-12-31,2025-01-10,Services
PO7AAE548D,EMPE675D1DD,VNDAB26D618,Approved,34680.44,32739.23,Normal,2024-03-17,2024-03-22,2024-04-02,Office Supplies
PO173A6174,EMP52C6ACF0,VND397FE668,Pending,21988.29,20334.94,Normal,2024-05-18,,,Equipment
POA29D7341,EMPC2F61232,VNDE1A395FA,Approved,42135.68,37260.44,Normal,2024-04-10,2024-04-12,2024-05-08,Equipment
PO2A5B7AAE,EMP9BC3CE2D,VND37AB5C39,Approved,10744.36,10374.66,Normal,2024-02-10,2024-02-14,2024-02-26,Components
PO3AB9710F,EMP24B6ACC4,VND0B515B0E,Approved,41101.36,41335.9,Critical,2024-08-14,2024-08-19,2024-08-30,Equipment
PO32A9ADF4,EMP116D31D5,VND8C1D087C,Approved,12186.53,13478.78,Normal,2024-10-29,2024-11-02,2024-12-02,Services
PO6AB8B8D0,EMP8609C373,VND1DF449E3,Approved,45170.33,38185.76,Normal,2024-11-19,2024-11-23,2024-12-19,Raw Materials
PO537A00D6,EMPCB76661D,VND2AF9B25B,Approved,48220.28,46220.27,Normal,2024-03-13,2024-03-17,2024-03-30,Raw Materials
POABDE1F13,EMP7A28E8EE,VND86F10A10,Approved,48572.67,48347.58,Normal,2024-07-05,2024-07-09,2024-08-07,Raw Materials
POF002D4F8,EMPF9FEA6B5,VND507751E2,Approved,45946.94,39796.6,Critical,2024-10-07,2024-10-08,2024-11-02,Components
POB79EDCD8,EMPD25F7B5F,VND6FADEC72,Approved,31815.08,36220.63,Normal,2024-07-08,2024-07-13,2024-08-06,Services
PO7945F77C,EMP2F8F567D,VNDCDB882C0,Approved,34545.03,37650.03,Normal,2024-07-30,2024-08-03,2024-08-30,Components
PO90561E93,EMP2A7056E0,VND4EA7F305,Approved,40207.58,40798.1,High,2024-07-04,2024-07-06,2024-07-30,Raw Materials
PO1F0D2EA0,EMPCC30BFC0,VND88584A44,Approved,31018.35,37184.93,High,2024-01-22,2024-01-23,2024-01-31,Components
POCE47FDC3,EMPC05D9021,VNDCAF05089,Approved,16414.74,17805.03,Normal,2024-03-10,2024-03-12,2024-03-24,Services
POB1334A70,EMPC68BFCD6,VNDE6A4DD03,Approved,40630.8,42339.43,Normal,2024-06-12,2024-06-16,2024-07-13,Services
POCCB7B33A,EMPA6BF9317,VND34264845,Pending,3958.7,4131.48,Normal,2024-02-21,,,Office Supplies
PO3C7EDDEC,EMP114E2C24,VNDF7742C98,Rejected,42475.03,47684.55,Normal,2024-07-14,2024-07-15,,Services
POC7D6910C,EMP22A37D28,VND1DF7F1DC,Rejected,10649.72,10967.12,Critical,2024-12-19,2024-12-21,,Equipment
POA8A46284,EMP0B516A0E,VND190C8D31,Approved,10999.32,9593.95,Critical,2024-12-23,2024-12-27,2025-01-19,Services
POEB54FB35,EMP34051969,VND4AFDF46C,Approved,25885.71,31418.35,Normal,2024-11-18,2024-11-22,2024-11-29,Services
PO52E43325,EMP9FBB2844,VNDF08F6829,Approved,35775.4,35312.88,Normal,2024-04-12,2024-04-15,2024-05-08,Components
PO45050885,EMP4060BC72,VND49098C56,Pending,3341.62,3192.17,Normal,2024-11-16,,,Components
PO7420D3E1,EMP634ACD36,VNDF7A9FFF9,Approved,24284.83,30220.24,Critical,2024-05-19,2024-05-22,2024-06-16,Components
POD78C5933,EMP6C269A27,VND139B2EB5,Approved,35179.66,36389.91,Normal,2024-12-15,2024-12-16,2024-12-22,Services
POB10D65CF,EMPA8864017,VNDD6D686D6,Approved,12174.02,10662.73,Normal,2024-08-16,2024-08-21,2024-09-13,Office Supplies
POE79A3886,EMP15E9AD4D,VNDAD897EA3,Approved,50886.19,43134.19,Normal,2024-11-29,2024-12-02,2024-12-26,Office Supplies
PODAF6FAE0,EMP629560D9,VND1199176D,Approved,21450.94,25496.54,Normal,2024-11-12,2024-11-17,2024-12-05,Office Supplies
PO187ADC20,EMP5F8E893F,VND19CF5E06,Pending,1658.01,1793.37,Critical,2024-04-08,,,Components
PO17477182,EMP54D49B34,VND9E3DBA67,Approved,32347.17,37124.0,High,2024-05-27,2024-05-30,2024-06-08,Components
PO5D248019,EMP89788DD6,VND97FA9A66,Approved,21028.58,18836.29,Normal,2024-03-20,2024-03-21,2024-03-31,Office Supplies
PO25A33038,EMP550BD8EC,VND23FDC749,Pending,7813.69,7945.34,Normal,2024-04-03,,,Office Supplies
PO801B6F46,EMP6329BB4E,VND03F2A471,Approved,1270.8,1063.52,Normal,2024-12-19,2024-12-23,2025-01-10,Equipment
PO9B3714C2,EMP2352F247,VND999ED598,Pending,5187.78,5947.55,Critical,2024-07-01,,,Raw Materials
PO70F12F06,EMP16E385FA,VNDBA0CC89B,Approved,22325.28,20944.3,Normal,2024-12-13,2024-12-14,2025-01-03,Equipment
POBB80865B,EMP98A462F7,VND2986F777,Approved,23928.87,26036.1,High,2024-09-01,2024-09-06,2024-09-17,Services
PO1EA84549,EMPC7F89DF0,VND1306F6E1,Approved,43628.1,40084.34,Normal,2024-03-18,2024-03-23,2024-04-10,Components
POB9B5A860,EMPB4348823,VND768A7583,Approved,845.37,783.78,Normal,2024-07-05,2024-07-08,2024-07-20,Services
POE4EB2F27,EMP5285F90C,VND1A73FC33,Approved,34497.75,40648.39,Normal,2024-03-01,2024-03-04,2024-03-17,Services
POAACD9C45,EMPB677E287,VND6C887C82,Approved,3232.04,3357.38,Normal,2024-01-21,2024-01-23,2024-02-01,Office Supplies
PO9E382562,EMPA01BA72C,VND999ED598,Approved,594.54,534.66,Normal,2024-04-23,2024-04-25,2024-05-08,Equipment
PO5A95F89B,EMP67A81B7D,VND79774EB1,Approved,11084.57,13323.01,High,2024-05-30,2024-06-04,2024-06-16,Components
POBEAC83C1,EMP6876F804,VNDA68A83A5,Approved,23114.08,25034.37,Normal,2024-06-13,2024-06-15,2024-07-06,Components
POAAA15277,EMPCDEF567F,VND6FADEC72,Approved,49059.13,42862.28,High,2024-04-17,2024-04-21,2024-05-09,Office Supplies
PO0930B906,EMPD70D72E9,VNDE6A4DD03,Cancelled,40020.94,40012.78,Normal,2024-02-22,2024-02-24,,Components
PO193FA413,EMP17186B43,VNDC4092504,Approved,3394.01,3246.8,Normal,2024-11-16,2024-11-19,2024-12-17,Components
PO10499CC4,EMPB42CCC30,VNDBC15E50D,Approved,22872.63,25473.78,Normal,2024-02-27,2024-02-28,2024-03-14,Office Supplies
POECF1DC15,EMP0DA1DFC7,VND859AA544,Pending,14139.89,14880.01,Normal,2024-01-15,,,Components
PO0E9048A4,EMP46A8FF3C,VND6ACF147A,Approved,39736.15,44429.21,Normal,2024-02-25,2024-03-01,2024-03-16,Components
POFBCF05C4,EMP6229097E,VND6F35B3AD,Approved,2767.96,2321.74,Critical,2024-06-28,2024-07-01,2024-07-26,Components
PO674B50E6,EMPD7179243,VND11B92497,Rejected,14044.64,13364.31,High,2024-04-08,2024-04-11,,Services
POC0796264,EMP54513B57,VNDD902468E,Approved,13438.92,14582.31,Normal,2024-01-10,2024-01-15,2024-02-13,Raw Materials
PO015B633F,EMP5A2C826E,VND8539FA55,Approved,39868.93,37415.54,Critical,2024-03-23,2024-03-26,2024-04-15,Raw Materials
PO6E089887,EMP34B83D72,VND0CE75C53,Approved,19352.13,18310.83,High,2024-07-20,2024-07-23,2024-08-14,Equipment
PO2EA101EF,EMP0DA1DFC7,VND23FDC749,Approved,44630.02,47343.68,Normal,2024-09-20,2024-09-24,2024-10-22,Raw Materials
PO0A9073D3,EMP0DABB90F,VND6C887C82,Approved,3458.3,2893.7,Normal,2024-02-18,2024-02-20,2024-03-09,Services
PO20CA529B,EMP3171E9C1,VND2AF9B25B,Approved,15785.83,16906.34,High,2024-06-21,2024-06-25,2024-07-22,Components
PO15FB13BE,EMP7EB4D8F7,VND7B8206C3,Approved,3589.65,3891.74,Normal,2024-04-22,2024-04-27,2024-05-15,Components
PO532B23C6,EMPDE831BC0,VNDD6D686D6,Approved,44414.06,40053.87,High,2024-11-22,2024-11-24,2024-12-03,Raw Materials
PO1F7BDDA8,EMP751A2BDE,VND3A746CBD,Approved,4986.41,6156.49,Normal,2024-11-21,2024-11-22,2024-12-18,Services
POA45A074E,EMP61DAE0F8,VNDCAE263CC,Approved,14201.88,15321.91,High,2024-03-28,2024-03-29,2024-04-16,Raw Materials
POAB725DC6,EMPFDEE0D9E,VNDF10E17A7,Approved,10632.62,11400.98,Normal,2024-01-18,2024-01-22,2024-02-18,Components
PO460F43EB,EMP1C66FCAC,VND489E103A,Approved,15170.35,15989.31,Normal,2024-07-23,2024-07-26,2024-08-11,Equipment
PO50110F6E,EMP955AAB39,VND7B4F5D31,Approved,40399.24,42849.39,Normal,2024-10-12,2024-10-15,2024-11-06,Services
POFCBBAE98,EMP801003F6,VND616471F8,Approved,1416.48,1181.41,Normal,2024-01-23,2024-01-24,2024-02-10,Office Supplies
POC856D07B,EMPD9038811,VND768A7583,Approved,38327.31,37080.07,Normal,2024-08-11,2024-08-15,2024-09-02,Equipment
PODD4EFB11,EMP65A13B16,VND37AB5C39,Approved,16457.11,17423.93,High,2024-07-24,2024-07-28,2024-08-12,Components
PO17FEE78F,EMP12C7D239,VND9E3DBA67,Approved,50765.91,42590.38,Normal,2024-02-23,2024-02-28,2024-03-10,Components
POCA0FE302,EMPB9043D8C,VND220F792F,Approved,55435.28,49126.07,Normal,2024-07-02,2024-07-04,2024-07-13,Office Supplies
PO142AE31C,EMPE3499ADE,VNDA0E8AF6C,Approved,33774.14,29284.0,Normal,2024-11-28,2024-12-02,2024-12-27,Components
POF70A6D5C,EMPFE25A6E8,VNDE6156EFE,Approved,14928.68,17782.57,High,2024-11-16,2024-11-18,2024-12-08,Services
PO6E009F68,EMPB57438A6,VND1A32B030,Approved,28136.21,23642.27,Critical,2024-09-23,2024-09-25,2024-09-30,Equipment
PO9E15494F,EMP83DA3C31,VND9EBB9EB2,Approved,15852.55,15042.63,Normal,2024-12-07,2024-12-12,2024-12-27,Services
PO07FEEC23,EMP4C058A6F,VND7DD7F0E9,Approved,6196.36,5251.58,High,2024-05-06,2024-05-09,2024-05-16,Components
POF38CAAA3,EMP281B9F78,VNDF981F27F,Pending,15466.3,16278.46,Normal,2024-11-27,,,Raw Materials
POE357A4F8,EMP300BADCD,VND5FE97D0B,Rejected,18516.1,23082.93,High,2024-07-22,2024-07-24,,Components
POF8A3320E,EMP5C8B869A,VNDCE923A65,Approved,19071.89,20525.88,Normal,2024-08-31,2024-09-01,2024-09-29,Equipment
POAAE4B6B9,EMP4E65C5CD,VND18221D96,Pending,38991.96,33439.08,Normal,2024-09-17,,,Components
POB170E742,EMPE0B7FFF6,VND048CF2D5,Approved,27759.05,24500.42,Normal,2024-10-11,2024-10-13,2024-10-29,Components
POC4BF1A45,EMP95ECEE7F,VND3D2A9A3A,Approved,44898.01,39316.36,Normal,2024-11-15,2024-11-17,2024-12-16,Services
PODAF14EB7,EMP1D77B6DF,VND27CBAF37,Approved,13943.23,12767.74,Normal,2024-08-29,2024-09-02,2024-10-02,Services
PO23C2EF4C,EMP22C98E3B,VND6B54C68D,Approved,21283.55,19783.67,Normal,2024-12-18,2024-12-23,2025-01-16,Equipment
PO3B674495,EMP06BEEFDD,VND49098C56,Approved,12587.57,14280.35,High,2024-01-08,2024-01-09,2024-01-22,Raw Materials
PO18361701,EMP4F2856E6,VNDAD897EA3,Approved,43047.99,39536.58,Normal,2024-01-01,2024-01-05,2024-01-11,Services
PO072FD9A8,EMP4B4A2F65,VND19CF5E06,Approved,39790.35,40468.89,Normal,2024-07-06,2024-07-07,2024-08-01,Components
PO1F63E4AA,EMP640F1C5E,VND79774EB1,Approved,3718.22,4340.8,Normal,2024-09-02,2024-09-04,2024-10-02,Raw Materials
PO4323D211,EMPCAD8F161,VND3A80813D,Rejected,39911.09,39505.53,Normal,2024-11-07,2024-11-08,,Raw Materials
POC5467CA4,EMP55E21613,VND4D8ED92A,Cancelled,15457.45,17654.43,High,2024-10-03,2024-10-06,,Components
POA15CFCB0,EMP2D4D1C5C,VNDA0E8AF6C,Approved,34622.25,31665.48,Normal,2024-08-01,2024-08-03,2024-08-21,Office Supplies
POEA06E59A,EMP5DFC9BFC,VND3A80813D,Approved,38120.04,31799.23,Normal,2024-07-16,2024-07-21,2024-08-13,Components
PO4372767C,EMP2F0CF319,VND07F575C8,Approved,7021.98,6580.11,High,2024-05-30,2024-06-03,2024-06-24,Components
PO8DD2D1E7,EMP86A82140,VND859AA544,Cancelled,16180.71,17451.49,Normal,2024-06-27,2024-06-29,,Office Supplies
POD2422941,EMPB4532331,VND6B54C68D,Pending,2571.58,3201.24,Normal,2024-05-26,,,Raw Materials
POA7C772B0,EMP24D2D209,VND139B2EB5,Pending,41091.61,39475.08,Normal,2024-07-19,,,Components
POBE0DFACE,EMP4CF46835,VND2FE40F33,Approved,5116.52,5403.83,Normal,2024-11-01,2024-11-04,2024-11-18,Raw Materials
PO67D7C1E3,EMP7C7D9D6B,VNDF909C443,Approved,27718.87,33529.36,Normal,2024-04-16,2024-04-18,2024-05-13,Equipment
PO41EB282E,EMPD041414D,VND7DD7F0E9,Approved,38029.57,34751.11,High,2024-07-23,2024-07-26,2024-08-17,Equipment
PO7A2235D5,EMPD3942255,VNDE6156EFE,Approved,44729.64,41309.29,Normal,2024-07-28,2024-08-01,2024-08-24,Equipment
POAABA402A,EMP89E33251,VND650A3AAA,Approved,10105.15,9332.83,High,2024-09-05,2024-09-06,2024-10-02,Equipment
PO648180C8,EMPC5810F2B,VND80A0A536,Approved,30046.42,36049.04,Normal,2024-05-12,2024-05-16,2024-05-30,Services
PO675D5C01,EMP89A85E03,VNDE05F71D7,Approved,42882.0,46046.43,Normal,2024-03-02,2024-03-07,2024-04-06,Office Supplies
PO4824670E,EMP4D5717A7,VND2258ABB1,Cancelled,5544.78,4729.84,Normal,2024-10-18,2024-10-21,,Office Supplies
PO16F9FC98,EMP2C1D47CF,VND7E4DB750,Approved,28564.24,29168.54,Critical,2024-12-14,2024-12-15,2025-01-08,Office Supplies
PO21E2770B,EMP4AA77579,VND4F7B00FC,Approved,29156.92,30077.94,Normal,2024-10-12,2024-10-13,2024-10-24,Raw Materials
POD4FE1A54,EMPB42A0784,VNDF549E284,Rejected,10230.74,8882.53,Normal,2024-09-29,2024-10-01,,Services
POE19CB7CB,EMP2489B7FC,VND2258ABB1,Approved,34520.35,31523.92,Normal,2024-01-29,2024-02-03,2024-03-03,Equipment
PO257CBE0F,EMP1461F4F5,VNDBC15E50D,Pending,16165.57,14284.9,Normal,2024-12-09,,,Equipment
POD2DA39F1,EMP068794CF,VNDDA6D8C81,Approved,29481.76,24637.72,Normal,2024-05-28,2024-05-31,2024-06-20,Components
PO0343BA98,EMPD067907F,VND2258ABB1,Approved,9076.23,8095.12,Normal,2024-02-23,2024-02-25,2024-03-17,Raw Materials
PO10071726,EMP86C6666C,VNDA74DADEC,Pending,12209.07,10998.29,High,2024-02-05,,,Components
POA94A4292,EMP7FE01D61,VND4DC2D394,Approved,14485.57,17241.25,Normal,2024-07-22,2024-07-24,2024-08-05,Raw Materials
PO3F6E840E,EMP1A764851,VND76F0F0E0,Approved,6831.77,6978.07,Normal,2024-05-24,2024-05-27,2024-06-13,Services
PO0C74105C,EMPF85B6A40,VND389A891A,Rejected,49369.13,46736.81,Normal,2024-04-17,2024-04-20,,Services
PO732EFD5C,EMP0F5F8DC6,VNDC995E3B7,Pending,27608.84,30023.84,Normal,2024-12-27,,,Components
POBD3CB32F,EMPDC6A7C50,VND6ACF147A,Approved,26541.91,32235.5,Normal,2024-05-25,2024-05-29,2024-06-20,Office Supplies
PO392F1852,EMPAFECAF38,VNDDFDF8860,Cancelled,15014.18,18402.69,Normal,2024-08-09,2024-08-11,,Components
POE8F1D42E,EMP29F24617,VNDF981F27F,Approved,4706.15,4258.52,Normal,2024-07-08,2024-07-11,2024-08-09,Services
POEF2DF97F,EMP783A92CA,VNDA6643FA7,Approved,14398.63,15443.07,Normal,2024-03-14,2024-03-15,2024-03-30,Office Supplies
POC6EA669C,EMPE6EF03E1,VND020FD5AF,Approved,25401.35,24600.34,Normal,2024-04-29,2024-05-04,2024-05-29,Raw Materials
POA93AB355,EMP0E32A8E1,VND448E4836,Pending,22489.27,22119.07,Normal,2024-10-06,,,Services
POCED3B0A3,EMPB73507B5,VNDE13413E5,Pending,26224.35,31434.17,Normal,2024-11-08,,,Components
PO31D75B4A,EMP6B5D440B,VND17D7E4DC,Pending,27761.11,23156.49,High,2024-03-01,,,Components
PO05DA58BD,EMPB8D27096,VNDAD897EA3,Pending,15609.15,13155.88,Normal,2024-09-29,,,Services
PO3F70C734,EMPC52452F9,VND66028154,Pending,30594.05,36093.61,Normal,2024-08-04,,,Raw Materials
PO7372814D,EMP2069C7B1,VND1A73FC33,Approved,50849.44,44203.05,Critical,2024-06-21,2024-06-24,2024-06-30,Equipment
PO1FC42BC3,EMP93907093,VND859AA544,Pending,4001.86,3516.53,Normal,2024-09-30,,,Equipment
PO12E2C8F7,EMPF2440886,VND220F792F,Approved,18953.55,23294.7,Critical,2024-08-19,2024-08-22,2024-09-17,Equipment
POCC6EB46F,EMP2B6F1D23,VND75832916,Approved,8167.18,7667.79,Normal,2024-06-02,2024-06-05,2024-06-22,Services
POFECD34AD,EMPFFCC5248,VND5FBBF7E5,Approved,28240.84,27427.87,Normal,2024-08-22,2024-08-23,2024-09-15,Components
PO3C0E1372,EMP70A9078D,VND5B2EC8F1,Approved,3851.28,3840.48,Normal,2024-12-17,2024-12-19,2024-12-24,Equipment
PO458A41B8,EMP12D7C68F,VND4AFDF46C,Approved,20534.38,24220.25,Normal,2024-02-03,2024-02-05,2024-02-21,Raw Materials
POFC3C00DB,EMP9946E371,VNDC995E3B7,Approved,16874.19,16028.16,Critical,2024-04-08,2024-04-13,2024-05-02,Raw Materials
PO8F299E4E,EMP10BA59EB,VND6FADEC72,Pending,6039.82,6333.23,Normal,2024-02-24,,,Raw Materials
PO17D1CEFC,EMPD6EC8E99,VNDA74DADEC,Approved,14060.91,17259.18,Critical,2024-12-14,2024-12-18,2024-12-25,Services
POC9B6D86A,EMPC796E48A,VND0A251297,Approved,13300.52,11543.05,Normal,2024-07-24,2024-07-25,2024-07-30,Raw Materials
PO6CE755A9,EMP051A1700,VND8539FA55,Approved,33670.18,38454.68,Normal,2024-05-04,2024-05-07,2024-05-18,Components
PO7C434EA7,EMP86F0446A,VNDF08F6829,Approved,20932.23,25099.93,Critical,2024-03-14,2024-03-17,2024-04-09,Office Supplies
PO40E95B6D,EMP5A741E65,VND6F35B3AD,Rejected,40766.67,41705.16,Normal,2024-02-16,2024-02-18,,Components
PO40085E84,EMPB90717F3,VND448E4836,Approved,17535.87,19568.16,Normal,2024-08-14,2024-08-19,2024-08-25,Services
PO5ED6CDDD,EMP93691B2B,VNDF545674F,Approved,21899.8,24687.9,Normal,2024-09-24,2024-09-26,2024-10-20,Office Supplies
PO9E296CE2,EMP2E512AE1,VND9E3DBA67,Approved,36430.7,39969.55,High,2024-03-27,2024-04-01,2024-04-15,Raw Materials
PO4D86620C,EMP5D6DDAE3,VNDE4298A7B,Approved,9323.02,9230.52,Normal,2024-03-22,2024-03-27,2024-04-24,Services
PO001F43BC,EMP1ADD5BA7,VNDEB6F8ED3,Pending,24823.8,23462.13,Critical,2024-06-08,,,Components
POA2DDD9F7,EMP6719C36E,VND0B515B0E,Approved,37315.97,35148.86,Normal,2024-03-31,2024-04-03,2024-04-26,Services
POBB91749A,EMPCCA37150,VNDCAE263CC,Approved,10492.74,8775.23,Normal,2024-05-29,2024-06-03,2024-06-13,Raw Materials
POB54EB1BC,EMPF162FCAB,VND109E5C6F,Approved,31480.64,29226.02,Normal,2024-06-18,2024-06-19,2024-07-11,Raw Materials
PO704E3A4A,EMPA2C6801C,VND36436386,Approved,30952.02,31438.47,Critical,2024-10-03,2024-10-04,2024-10-21,Equipment
POE6332447,EMP8374190A,VND6917D5FA,Approved,46405.68,47082.62,Normal,2024-10-26,2024-10-27,2024-11-24,Components
POD14E4AFB,EMP65CEB036,VNDD95DB1B7,Approved,26659.46,23919.85,Normal,2024-05-27,2024-05-30,2024-06-17,Raw Materials
PO06761604,EMP048A5C50,VNDCFB6DC09,Approved,12909.68,13916.42,Normal,2024-11-11,2024-11-12,2024-12-01,Raw Materials
PO52934738,EMPB1133F2A,VND44174C92,Approved,14585.62,16373.63,Normal,2024-03-02,2024-03-03,2024-03-30,Services
PO718E5043,EMP8CC6DD51,VND34264845,Approved,51435.83,43951.96,Normal,2024-01-19,2024-01-20,2024-01-30,Components
POEA5E8999,EMP65D8FE0F,VNDEA23339B,Rejected,36495.64,38218.71,Normal,2024-12-16,2024-12-17,,Equipment
PO8A6B7D2B,EMP77CE790E,VND9DFC7925,Approved,40767.78,46295.04,Normal,2024-10-30,2024-11-03,2024-11-17,Raw Materials
POF7B3C85A,EMPEFE09FC1,VND6ACF147A,Rejected,1651.35,1567.49,Normal,2024-08-19,2024-08-22,,Components
PO800A9B63,EMP2DE5EBE5,VND3B5BB0BC,Pending,515.56,574.56,Normal,2024-04-10,,,Raw Materials
PODC2C9477,EMPD9D39F00,VND65B60718,Approved,313.33,382.01,Normal,2024-02-23,2024-02-25,2024-03-19,Components
POC7EBED80,EMPE6041286,VND76F0F0E0,Approved,29701.4,31534.96,Normal,2024-05-16,2024-05-19,2024-05-27,Components
PO954E43F0,EMP873FF718,VNDE05F71D7,Pending,15650.91,18600.93,High,2024-02-12,,,Raw Materials
PO6F2B385D,EMP28483038,VND894C6368,Approved,44225.65,46301.96,High,2024-12-24,2024-12-29,2025-01-13,Components
POF2A3A3C7,EMP89950FBC,VND6C887C82,Approved,11190.14,13589.55,Normal,2024-06-24,2024-06-25,2024-07-22,Services
PO7441F8A6,EMP34A92786,VND8CAEB48D,Pending,49926.98,44392.81,Normal,2024-03-07,,,Office Supplies
POF4C6A498,EMP628BA0AF,VND6C887C82,Pending,22356.14,24227.15,Normal,2024-03-20,,,Equipment
PO0298C1E5,EMP3CE2B6FE,VND57CA31A1,Approved,7330.17,7028.2,Normal,2024-05-08,2024-05-11,2024-05-21,Office Supplies
PO9BBEC5D3,EMP7B729B5B,VND220F792F,Approved,4977.45,6130.52,Normal,2024-10-23,2024-10-25,2024-11-17,Raw Materials
POEF4AD1FC,EMP13DFD944,VNDF78A924D,Approved,1644.89,1421.73,Critical,2024-12-20,2024-12-25,2025-01-13,Services
PO019AD500,EMPEFD7D79E,VND7DD7F0E9,Pending,23085.17,20933.35,Normal,2024-01-27,,,Equipment
PODB289FF5,EMPDF403F5F,VND2986F777,Approved,1296.42,1406.48,High,2024-08-15,2024-08-18,2024-08-30,Services
PO2D07C138,EMPC7E83B7E,VND7B4F5D31,Approved,53218.58,47044.47,Normal,2024-11-26,2024-11-27,2024-12-19,Components
POB6D8CC24,EMP70A4723A,VNDF78A924D,Approved,40941.34,48977.54,Critical,2024-04-11,2024-04-16,2024-05-11,Services
PO1FDEC368,EMP705D1EB8,VND8C1D087C,Rejected,4365.32,5093.46,Normal,2024-09-19,2024-09-22,,Raw Materials
PO0CAABD36,EMPFF63520B,VNDD902468E,Approved,17247.86,16741.53,High,2024-06-22,2024-06-26,2024-07-01,Components
POAFDDB1A9,EMP55DDE1E5,VNDF464A966,Approved,13003.35,13689.25,Critical,2024-11-25,2024-11-29,2024-12-28,Office Supplies
PO7E1B8AA6,EMPFECF5F12,VND650A3AAA,Approved,8037.77,7955.4,Normal,2024-03-16,2024-03-21,2024-03-27,Office Supplies
POA0D93E01,EMPEBB0CC2C,VND5B2EC8F1,Cancelled,33221.08,39668.51,Critical,2024-08-12,2024-08-14,,Raw Materials
PO4B8A0280,EMP74D91E30,VND466655B2,Approved,23134.49,25021.08,Normal,2024-01-12,2024-01-13,2024-02-04,Components
PO739C6C1E,EMP0D1CA463,VND97FA9A66,Approved,43252.65,36851.84,Normal,2024-08-02,2024-08-03,2024-08-09,Office Supplies
PO3E0414F9,EMP56838D77,VND08CE8CA7,Approved,14453.69,15910.6,Normal,2024-06-10,2024-06-15,2024-06-25,Equipment
PO43D286A7,EMP5ABA28A3,VNDF549E284,Approved,28317.63,24968.63,Normal,2024-07-01,2024-07-02,2024-07-21,Equipment
POA15D933C,EMP9777B6E0,VNDE6A4DD03,Approved,4931.68,4582.32,Critical,2024-04-28,2024-05-03,2024-05-10,Raw Materials
PO49785C81,EMP5D170476,VND6917D5FA,Approved,12989.92,12226.65,High,2024-12-16,2024-12-18,2025-01-06,Equipment
POA0C3F5AE,EMP18EFF889,VNDD74D095B,Approved,25106.78,27841.4,Normal,2024-08-24,2024-08-28,2024-09-10,Components
PO09DEFEA7,EMP3F142913,VND1199176D,Approved,5460.73,6357.7,Normal,2024-09-25,2024-09-30,2024-10-21,Equipment
POCD7E1737,EMPE06A829A,VND8E10A670,Approved,37865.2,38315.48,High,2024-09-17,2024-09-22,2024-10-16,Services
PO343051EB,EMP4EB928CC,VND111F855A,Pending,51209.58,47441.8,Normal,2024-02-23,,,Equipment
POAFA3DB0E,EMP7ED19C6D,VNDF545674F,Rejected,8641.03,8508.3,Normal,2024-09-16,2024-09-18,,Services
POD076760B,EMPAC487328,VND048CF2D5,Approved,7173.03,7808.73,Normal,2024-10-18,2024-10-22,2024-11-18,Raw Materials
POEF1886FD,EMPB3A0FE2F,VND111F855A,Approved,21024.31,21861.19,High,2024-11-16,2024-11-17,2024-12-07,Office Supplies
POBE2B0657,EMPEFD7D79E,VND97FA9A66,Approved,37190.41,39597.35,Normal,2024-10-16,2024-10-20,2024-11-07,Services
POBE4EDD23,EMPBEE29D22,VND1DF7F1DC,Approved,16143.64,13503.31,Critical,2024-11-06,2024-11-08,2024-11-15,Components
PO313B48DE,EMPE695444D,VNDB3180A0E,Approved,5702.67,5386.4,Normal,2024-03-22,2024-03-27,2024-04-08,Services
POA36AF448,EMP6C2E93AA,VND18221D96,Approved,36035.51,39810.09,Normal,2024-12-06,2024-12-10,2025-01-08,Office Supplies
PO3C303C01,EMP156F0DE4,VND1DF449E3,Approved,4821.27,5275.73,Normal,2024-01-23,2024-01-24,2024-02-17,Equipment
PO051A9764,EMPD4EDE2BF,VND1C52ED63,Approved,22012.81,20625.34,High,2024-11-15,2024-11-18,2024-12-14,Equipment
PO1C823C58,EMP81A02242,VNDF981F27F,Approved,45755.0,42793.09,Normal,2024-12-01,2024-12-03,2024-12-17,Office Supplies
POCF762DC9,EMPDD36C8A7,VND49098C56,Approved,57477.71,49854.91,Normal,2024-07-11,2024-07-13,2024-08-07,Equipment
PO93B62795,EMP9BC3CE2D,VND7DD7F0E9,Approved,33489.43,40989.3,Normal,2024-05-13,2024-05-18,2024-06-03,Raw Materials
PO1EF44225,EMPFCF0BEFC,VNDF9F92F21,Pending,25443.15,31650.38,Normal,2024-10-03,,,Equipment
PO32042184,EMP1E58EBBB,VND27CBAF37,Approved,11406.82,11999.89,Normal,2024-12-01,2024-12-06,2024-12-20,Services
POFF4E3672,EMPFB071EE8,VND62396BAB,Approved,33904.31,30150.14,Critical,2024-08-07,2024-08-12,2024-09-01,Services
POD113F317,EMP39C474A2,VND40A7069F,Approved,29453.84,35547.41,Normal,2024-10-10,2024-10-12,2024-11-03,Equipment
PO7FFA4432,EMPAD09D729,VND23FDC749,Approved,31979.86,38300.52,Normal,2024-01-15,2024-01-17,2024-01-23,Equipment
PO43182450,EMP9113A504,VND8539FA55,Approved,16890.24,19484.49,Normal,2024-11-19,2024-11-20,2024-12-19,Equipment
POC10754DC,EMP4B0E0759,VND49FA8EB1,Pending,32223.52,32225.97,High,2024-05-19,,,Components
PO86C61998,EMPD11D35BF,VND97FA9A66,Approved,1588.1,1975.97,Normal,2024-01-01,2024-01-02,2024-01-24,Components
PO87ED1275,EMPAEC0C034,VND275CA511,Rejected,16522.48,20030.09,Normal,2024-08-02,2024-08-05,,Raw Materials
PO2FDFD4B0,EMPF1808BDD,VNDC939E188,Pending,32228.04,27947.48,Normal,2024-07-15,,,Services
POA2D213A1,EMPAD692B56,VND190C8D31,Approved,30829.31,31931.74,Normal,2024-03-24,2024-03-28,2024-04-25,Services
PODD1E1421,EMPAD2FBB92,VNDAE27E9B6,Approved,1747.72,1762.73,Normal,2024-01-19,2024-01-22,2024-02-20,Office Supplies
POC24C21B7,EMP01B120A7,VND768A7583,Approved,50338.97,47944.56,Normal,2024-03-13,2024-03-15,2024-03-22,Equipment
PO4DA51C61,EMP7611CEC8,VNDD24A1BC5,Rejected,15289.89,17247.93,Critical,2024-05-14,2024-05-15,,Office Supplies
POC7667B71,EMP296495BA,VND590E7C93,Approved,5906.63,6303.05,Normal,2024-04-13,2024-04-17,2024-04-23,Equipment
PO2E05174F,EMPD8C93593,VND63A70F54,Approved,16764.05,16347.28,Normal,2024-08-04,2024-08-07,2024-09-03,Services
PO5826CF13,EMPC1D92808,VNDD24A1BC5,Approved,38774.21,37680.81,Critical,2024-09-02,2024-09-06,2024-10-01,Raw Materials
POE55B2113,EMPFBC10760,VND03F2A471,Approved,52712.88,49321.45,Normal,2024-09-09,2024-09-13,2024-10-05,Raw Materials
PO942463B5,EMP67F4630D,VND999ED598,Approved,38481.29,32966.81,Normal,2024-05-12,2024-05-15,2024-05-30,Equipment
PO659EDB9E,EMPDDB8D012,VND6ACF147A,Approved,21290.93,24309.01,Normal,2024-01-08,2024-01-09,2024-01-17,Raw Materials
PO4C0CFF5C,EMP09E2AB99,VND36436386,Approved,17535.56,21099.74,High,2024-02-22,2024-02-27,2024-03-23,Office Supplies
POB3A8AC51,EMPFAB97095,VND17D7E4DC,Approved,1827.99,1888.45,Normal,2024-04-17,2024-04-20,2024-05-09,Office Supplies
PO4A98ECE2,EMPBC4B8137,VND4EC61792,Approved,12953.64,14927.63,High,2024-11-13,2024-11-16,2024-12-09,Services
PO0BEA33DA,EMP0F9656C9,VND048CF2D5,Approved,8894.22,7850.53,Normal,2024-05-01,2024-05-06,2024-05-20,Office Supplies
PO13CCD324,EMPB19A76E4,VND8BC82E76,Rejected,39079.22,33010.84,Critical,2024-10-27,2024-10-30,,Office Supplies
PO6562F16D,EMP6B2BEC02,VND2D25DD42,Approved,33004.61,32763.29,Normal,2024-10-24,2024-10-29,2024-11-07,Services
PO4AC0E39A,EMPD9789176,VND8CAEB48D,Pending,35138.19,32232.29,Normal,2024-10-23,,,Office Supplies
PO43075366,EMP850224D2,VNDA9CEA40D,Approved,30771.37,32890.75,Normal,2024-12-22,2024-12-26,2025-01-04,Office Supplies
POC386F336,EMP73C15C7D,VND8E10A670,Approved,48785.02,40869.13,High,2024-11-19,2024-11-21,2024-12-05,Components
PO2EA24B88,EMPF5C07924,VND221D1C44,Approved,28086.53,29650.22,Normal,2024-11-01,2024-11-05,2024-11-19,Equipment
PO7EE4CA77,EMP7FA86F91,VND020FD5AF,Approved,18375.8,18133.85,Normal,2024-01-07,2024-01-10,2024-01-24,Services
POA771E463,EMP2B43BF77,VND439CBBCF,Approved,46180.37,38761.2,Critical,2024-01-16,2024-01-20,2024-01-26,Equipment
POCDB3B066,EMP2F5D1519,VND0A251297,Rejected,7287.54,7295.97,Normal,2024-06-05,2024-06-08,,Services
PO8ABFF62D,EMPE21ED350,VND365E2FC5,Cancelled,21740.45,18881.07,Normal,2024-10-24,2024-10-26,,Raw Materials
PO5C1761B2,EMP51D34CBE,VNDAAF2A28A,Pending,5518.33,6183.59,Normal,2024-01-24,,,Components
POD9A7BAB3,EMP12AA6B4E,VND1199176D,Pending,13138.01,11030.3,High,2024-10-24,,,Components
POF9EEA021,EMP28D63F1A,VND76F0F0E0,Approved,12581.2,11285.57,Normal,2024-05-15,2024-05-19,2024-05-29,Office Supplies
POBDE0F73B,EMPB729A2CC,VND6121FB48,Pending,40554.56,39840.25,Normal,2024-05-27,,,Services
POA3062041,EMP883F4DA9,VND27CBAF37,Approved,51655.21,44775.05,Normal,2024-09-06,2024-09-10,2024-09-22,Raw Materials
PO928C1720,EMP0588D04F,VND4AFDF46C,Approved,5446.06,6251.17,Critical,2024-12-20,2024-12-23,2024-12-31,Equipment
PO1C94A298,EMPE7DE2992,VNDCDB882C0,Pending,837.82,1027.46,High,2024-02-13,,,Components
POAE30CDE7,EMP793C6757,VND8C1D087C,Approved,47855.89,48559.09,Normal,2024-06-23,2024-06-27,2024-07-12,Components
POA0F49389,EMP62C4F02C,VNDC4092504,Approved,47373.99,43908.96,Critical,2024-05-23,2024-05-28,2024-06-17,Raw Materials
PO789EDCF5,EMP1A44A8FF,VND2D25DD42,Approved,27536.71,25310.57,Normal,2024-12-10,2024-12-12,2025-01-05,Office Supplies
PO4990B294,EMPF31B76AE,VND1C52ED63,Pending,3995.33,3629.18,Normal,2024-04-04,,,Components
PO7472AE96,EMPD0D376E5,VNDE6156EFE,Approved,5956.75,5923.32,Critical,2024-08-28,2024-09-02,2024-09-25,Raw Materials
PO83BA5E66,EMPDA02D626,VNDC4092504,Approved,19662.32,20198.53,High,2024-09-05,2024-09-10,2024-09-22,Office Supplies
PO1AD3A02C,EMP6FE3D129,VND79774EB1,Pending,28259.36,27321.04,Normal,2024-05-19,,,Components
POE54BEEFB,EMPB650D171,VND109E5C6F,Rejected,1770.04,1552.4,Normal,2024-04-11,2024-04-12,,Equipment
POE84395C8,EMP2E4B6836,VND63A70F54,Pending,13347.77,14285.62,Normal,2024-03-23,,,Office Supplies
PO659E9D7E,EMPC46C22AF,VND1306F6E1,Pending,39078.22,39036.34,Critical,2024-04-18,,,Services
POFDCE846B,EMPEF0D71BD,VND40A7069F,Approved,35738.48,43536.41,Normal,2024-12-25,2024-12-28,2025-01-06,Raw Materials
PO6F963B8F,EMPF3966B90,VND109E5C6F,Pending,18134.88,17715.18,High,2024-10-25,,,Services
PO0A8E9FA4,EMP0392E786,VNDCAE263CC,Approved,9443.74,11732.15,Normal,2024-06-27,2024-07-01,2024-07-31,Office Supplies
POBA1DADCA,EMP8FA3A6C9,VND389A891A,Approved,3310.06,3489.4,Normal,2024-03-29,2024-03-31,2024-04-18,Office Supplies
PODA2FD4DB,EMP4519C249,VND66028154,Approved,20655.35,25412.6,High,2024-11-29,2024-12-01,2024-12-27,Equipment
PO214A8108,EMPAC9046F0,VND35CDCFF0,Approved,24693.18,28446.0,Normal,2024-11-29,2024-12-04,2024-12-27,Office Supplies
PO86291657,EMP9DD9D681,VNDAE27E9B6,Approved,30039.43,32255.1,Normal,2024-12-31,2025-01-03,2025-01-29,Raw Materials
PO7A3E3BED,EMPBF087A70,VNDD2BB8334,Pending,16867.98,21006.21,Normal,2024-08-18,,,Services
POB7E9F00E,EMP48C21935,VND2D25DD42,Approved,1967.03,1975.59,Normal,2024-11-28,2024-11-29,2024-12-18,Office Supplies
POA4796E7E,EMP040FF67F,VNDA9CEA40D,Approved,4577.37,4492.59,Normal,2024-11-09,2024-11-11,2024-11-23,Raw Materials
POF023587B,EMP2748A401,VND1C52ED63,Approved,11892.15,13516.75,Normal,2024-09-17,2024-09-18,2024-10-04,Equipment
POA093DD9D,EMP2AA48E66,VND220F792F,Approved,57391.64,48311.63,Normal,2024-03-12,2024-03-16,2024-03-29,Equipment
PODB893992,EMP9FBB2844,VND7E4DB750,Approved,1277.56,1302.89,Normal,2024-06-05,2024-06-08,2024-06-23,Services
POEEB0319E,EMP1B473850,VND3FC620C0,Approved,33827.04,31727.06,High,2024-03-06,2024-03-11,2024-03-20,Raw Materials
POBC38133C,EMP1B35BA27,VNDCE923A65,Approved,25552.77,22572.06,High,2024-02-10,2024-02-15,2024-02-28,Services
PODEFBA7E6,EMP20AFB729,VND7DD7F0E9,Rejected,12348.47,10857.08,Normal,2024-08-04,2024-08-06,,Components
POEF6EA127,EMPA0B9B9A8,VND09F13EB7,Approved,6199.84,7738.73,Normal,2024-09-13,2024-09-15,2024-10-12,Services
POE41F303B,EMP0AA8753D,VND86F10A10,Approved,32024.33,29744.11,Normal,2024-10-14,2024-10-17,2024-11-05,Components
POF6AA9345,EMP2104E33F,VND76746C6A,Pending,6917.37,8235.74,Normal,2024-04-16,,,Raw Materials
POBD70EFF9,EMPD7D3299D,VND07F575C8,Approved,49739.28,41827.59,High,2024-02-13,2024-02-18,2024-03-08,Equipment
POB964851C,EMPB65C6B2C,VND79774EB1,Pending,38080.45,36000.37,Normal,2024-08-05,,,Office Supplies
POAED9D4E8,EMP59334411,VND07A84740,Approved,20242.28,17775.74,High,2024-02-09,2024-02-14,2024-03-07,Equipment
PO4D639A19,EMP6DAA627C,VND34BC34BC,Approved,24147.92,27889.92,High,2024-03-22,2024-03-27,2024-04-13,Services
POC8E9239D,EMP0A25C477,VND79774EB1,Approved,1660.42,1555.24,High,2024-06-25,2024-06-28,2024-07-06,Equipment
PODE2E5C8D,EMP1204609C,VNDE05F71D7,Approved,47863.58,40686.46,Normal,2024-08-04,2024-08-05,2024-08-26,Office Supplies
POE4D2760A,EMP8B7D8314,VNDAD897EA3,Approved,54828.57,48123.12,Normal,2024-02-17,2024-02-21,2024-03-21,Raw Materials
PO41CD7FE1,EMP635D9B3A,VNDDFDF8860,Approved,12473.18,11849.15,High,2024-03-03,2024-03-07,2024-03-25,Office Supplies
PO95631DE3,EMP63640CE3,VND76746C6A,Approved,37214.6,35151.03,Normal,2024-05-16,2024-05-19,2024-06-07,Components
PO7D8424A8,EMP8800FCF9,VNDC73A3BD4,Approved,1188.93,1062.84,Normal,2024-09-22,2024-09-24,2024-10-07,Equipment
PO9CB1DC91,EMP7A9ACC08,VNDD39C47AD,Approved,43338.34,41433.5,Normal,2024-05-21,2024-05-25,2024-06-01,Components
PO953B2AEF,EMP6FEE50F8,VND5FBBF7E5,Rejected,39176.46,39881.7,Normal,2024-10-20,2024-10-23,,Components
PO44CDB9E9,EMP0344679E,VND44174C92,Rejected,10937.24,9576.49,Critical,2024-12-10,2024-12-11,,Components
PO56A4817C,EMP63B005D2,VND3AF51314,Approved,37195.02,44176.57,Normal,2024-02-07,2024-02-11,2024-03-09,Services
PO7D046DD2,EMPB94F2B98,VND2FE40F33,Rejected,28258.15,24519.82,Normal,2024-12-06,2024-12-09,,Raw Materials
POB0667A3E,EMP5338B8C6,VND8E10A670,Approved,37128.94,44649.06,Normal,2024-08-07,2024-08-10,2024-08-16,Services
PO3055A1A4,EMP8E486B92,VNDA68A83A5,Rejected,14150.82,13544.28,Normal,2024-04-10,2024-04-12,,Raw Materials
PO8FA6E7C9,EMP4BDA2257,VND439CBBCF,Pending,33216.04,37839.16,Normal,2024-09-13,,,Equipment
POD0D92B89,EMP712E2FBE,VND448E4836,Approved,48386.47,47213.75,Normal,2024-02-24,2024-02-29,2024-03-24,Raw Materials
PO94E34862,EMP8C5A30D7,VND49FA8EB1,Approved,39286.16,33710.67,Normal,2024-06-05,2024-06-06,2024-07-05,Components
PO8CF6E9C5,EMP68A85651,VND220F792F,Pending,33688.89,35801.76,Normal,2024-07-22,,,Raw Materials
PO52D05A82,EMPE23C9555,VND10335071,Cancelled,9377.44,8737.13,Normal,2024-07-03,2024-07-05,,Components
PO33575F12,EMP292BBA92,VNDE13413E5,Approved,39321.85,47813.6,Normal,2024-06-15,2024-06-19,2024-07-11,Raw Materials
POC408D4EB,EMPD453B0A3,VNDD74D095B,Approved,31690.67,35753.84,Normal,2024-09-07,2024-09-11,2024-10-04,Equipment
PO615686F8,EMP1C159BC1,VND03F2A471,Pending,18951.64,22431.81,Critical,2024-10-09,,,Office Supplies
POFF10E9F1,EMP7152ABDE,VND8E10A670,Approved,20221.7,17696.9,High,2024-11-24,2024-11-27,2024-12-10,Raw Materials
PO8909225C,EMP55B97231,VND36436386,Approved,45701.89,44520.85,Normal,2024-03-17,2024-03-22,2024-04-16,Components
POA34FDB4E,EMP60888349,VND672E91CF,Approved,26674.41,28258.34,Normal,2024-09-07,2024-09-10,2024-10-01,Services
POF16C4512,EMP79407A44,VNDD39C47AD,Approved,20091.34,22993.18,Normal,2024-12-13,2024-12-17,2024-12-28,Office Supplies
POF26EA3CD,EMPEB4C5DA8,VND40A7069F,Approved,13507.15,13379.61,Normal,2024-04-12,2024-04-15,2024-04-25,Office Supplies
PO24835F43,EMP0543ACAC,VND03F2A471,Approved,28177.7,24661.6,Critical,2024-01-31,2024-02-01,2024-02-18,Services
PO77FDD6DC,EMPD7AE5D34,VNDFDC347F6,Approved,12250.04,10828.41,Normal,2024-01-16,2024-01-18,2024-02-09,Office Supplies
PO51812F77,EMPBB0808D6,VND8E10A670,Approved,16546.89,16170.46,High,2024-04-03,2024-04-05,2024-04-26,Equipment
PO3A840C4B,EMP3C29A91F,VND489E103A,Pending,34263.59,35687.96,Normal,2024-01-13,,,Components
PO713EC829,EMPC309A592,VND09F13EB7,Approved,17997.31,18060.94,Normal,2024-06-29,2024-06-30,2024-07-30,Equipment
POC692864D,EMP81D82BD9,VND650A3AAA,Approved,19914.01,19188.55,Normal,2024-04-26,2024-05-01,2024-05-30,Office Supplies
PO4E831120,EMP3AE01945,VND6F35B3AD,Approved,9393.16,8375.56,Normal,2024-05-23,2024-05-27,2024-06-18,Components
POF47624B8,EMPF95A20AE,VND8CAEB48D,Approved,21909.04,22121.79,Normal,2024-07-29,2024-08-03,2024-08-18,Components
PO0857EB28,EMP342C03FC,VNDC73A3BD4,Approved,11746.66,12649.24,Normal,2024-01-15,2024-01-19,2024-02-02,Equipment
PO3CFB0B64,EMPB0EAEA72,VNDB3180A0E,Approved,16851.11,15933.86,Normal,2024-06-05,2024-06-10,2024-06-29,Raw Materials
POE67604DC,EMP7F03B05E,VND1306F6E1,Pending,35031.06,32788.16,High,2024-10-06,,,Raw Materials
POB2AD4706,EMPC62B6819,VND466655B2,Approved,54373.46,46228.22,Critical,2024-06-16,2024-06-18,2024-07-13,Equipment
POF79A6D18,EMP5ECD7247,VND6E96F23C,Pending,16549.38,18936.84,Normal,2024-02-21,,,Equipment
POF4A078E1,EMPFF717787,VND3D2A9A3A,Cancelled,44574.65,42968.61,High,2024-04-29,2024-04-30,,Office Supplies
POF170A3D3,EMP3D4D0B61,VND8BC82E76,Approved,15024.27,12567.76,Normal,2024-02-27,2024-02-28,2024-03-10,Services
PO5DEB333F,EMP1B9F6B32,VNDD6FBFD33,Pending,3038.73,3201.92,Normal,2024-09-01,,,Raw Materials
PO51CD7811,EMP5ADC544A,VND34264845,Approved,19442.31,21699.14,Normal,2024-10-18,2024-10-20,2024-11-14,Equipment
PO710FC6DD,EMPAE6A03DE,VNDAB26D618,Approved,10870.96,10284.71,High,2024-08-03,2024-08-04,2024-09-03,Components
PO08BB7E0B,EMP6C49B9E6,VND859AA544,Approved,19434.2,20377.15,Normal,2024-10-15,2024-10-20,2024-11-18,Components
PO1D59E668,EMPE6F3AD52,VNDAB26D618,Rejected,42630.07,41874.12,Normal,2024-08-21,2024-08-22,,Raw Materials
PO48D0A82B,EMPF359192F,VNDF545674F,Approved,12756.53,10748.76,Normal,2024-12-02,2024-12-06,2024-12-26,Components
POC3D196CB,EMPE0BBBE6E,VND859AA544,Pending,38328.49,42132.21,Normal,2024-12-21,,,Components
POB7E58C32,EMP77CE790E,VND8E10A670,Approved,14110.78,14054.58,Normal,2024-05-14,2024-05-15,2024-06-03,Office Supplies
POAD5AB1A9,EMP2ADC6338,VND63A70F54,Approved,18052.18,21019.28,High,2024-04-19,2024-04-21,2024-05-07,Raw Materials
POD2007BB5,EMP41163D7E,VND5FBBF7E5,Approved,31557.57,35486.15,Critical,2024-11-26,2024-11-27,2024-12-10,Equipment
PO1066C604,EMP6904F597,VNDA957A7D0,Rejected,2650.97,2578.4,Normal,2024-03-29,2024-03-30,,Office Supplies
POC522DEDB,EMP3A4C3C5B,VND3A746CBD,Approved,44759.87,45418.27,Normal,2024-01-14,2024-01-17,2024-02-16,Office Supplies
PO50E168F7,EMP8E9FB61C,VND0CE75C53,Approved,50471.88,49747.67,Normal,2024-09-15,2024-09-17,2024-09-22,Services
POD1487D1E,EMP07FAB1DE,VND048CF2D5,Approved,3115.62,3283.26,Normal,2024-05-02,2024-05-07,2024-05-20,Components
POA6478224,EMP891399AD,VNDF7742C98,Cancelled,52236.85,43694.01,Normal,2024-11-26,2024-11-27,,Equipment
PO2F2F53E3,EMPD5C7F2FF,VND3A80813D,Approved,3249.7,3590.46,High,2024-07-24,2024-07-25,2024-08-10,Components
PO838C1907,EMP4F6D5272,VND27CBAF37,Approved,28596.87,31322.33,Normal,2024-12-09,2024-12-13,2024-12-30,Services
PO5FBA14D9,EMP43355C55,VND40A7069F,Approved,28947.4,32637.59,Normal,2024-11-19,2024-11-22,2024-12-22,Office Supplies
PO1AB0A855,EMP64F0B558,VND190C8D31,Approved,33884.02,34601.25,Normal,2024-12-22,2024-12-23,2025-01-07,Equipment
PO549D7FB8,EMPC28E336C,VND7B8206C3,Approved,43869.13,43849.11,Normal,2024-01-18,2024-01-22,2024-02-07,Components
POA8406780,EMPD65E5AE2,VNDE4298A7B,Approved,37842.78,44369.26,Normal,2024-12-22,2024-12-26,2025-01-07,Raw Materials
PO9D7F38D7,EMP81845CBA,VND35CDCFF0,Approved,23102.74,24301.96,High,2024-11-07,2024-11-10,2024-12-07,Office Supplies
PO3D3F89C9,EMP5EAAA815,VNDF9F92F21,Pending,3198.31,3562.06,Normal,2024-10-24,,,Office Supplies
PO59112242,EMP0ECC5622,VND2D25DD42,Rejected,38177.57,35789.19,Critical,2024-04-24,2024-04-26,,Equipment
PO42BF25C9,EMP0C32A643,VNDC4060F12,Approved,42771.16,36411.07,Normal,2024-03-02,2024-03-06,2024-03-28,Raw Materials
PO313DE972,EMPA4DEB4CF,VNDD6D686D6,Pending,39082.2,32764.33,Normal,2024-07-29,,,Raw Materials
POE9FE8CC3,EMP5F37E877,VND57CA31A1,Pending,17012.5,17098.41,Normal,2024-06-17,,,Equipment
PO00C3D267,EMP261C239B,VND111F855A,Approved,23583.5,25683.24,Normal,2024-05-20,2024-05-24,2024-06-22,Equipment
PO558FFC48,EMP769BE35A,VND34BC34BC,Approved,42281.93,44047.4,Critical,2024-12-08,2024-12-12,2024-12-27,Equipment
POC8210E5B,EMP9E45CB5F,VND1199176D,Approved,14075.48,13895.82,Normal,2024-02-27,2024-02-29,2024-03-18,Equipment
PO31C8F1A4,EMP7E958AAA,VNDA74DADEC,Pending,24082.41,29936.02,Normal,2024-06-10,,,Equipment
PO59BEF300,EMPB576012E,VND8C1D087C,Rejected,2649.02,3072.33,Normal,2024-12-19,2024-12-20,,Components
POFDE25017,EMP827EC9F6,VND4706504E,Approved,7854.89,8443.16,Normal,2024-10-12,2024-10-16,2024-10-22,Raw Materials
PO8DB81A1C,EMP6248A954,VND7B4F5D31,Rejected,7308.94,8812.28,Normal,2024-02-28,2024-02-29,,Raw Materials
POB1B7D786,EMPECC8F2F3,VND96325CEF,Pending,39993.08,46530.2,Critical,2024-11-19,,,Equipment
PO01C3D8C5,EMP5BB7C262,VNDD24A1BC5,Approved,31100.34,31263.31,Normal,2024-01-01,2024-01-06,2024-02-03,Components
PO118188CD,EMPF92A14E4,VND020FD5AF,Approved,52376.9,45124.5,High,2024-10-16,2024-10-18,2024-11-13,Components
PO43AC8DE8,EMP05D23C55,VNDA68A83A5,Approved,5750.89,7158.67,Normal,2024-10-04,2024-10-06,2024-10-14,Raw Materials
PO1ECC0DBC,EMP36D18F65,VNDD6D686D6,Rejected,21620.11,26446.53,High,2024-09-04,2024-09-07,,Office Supplies
POCB7ABF85,EMPD0DF6581,VNDF7742C98,Approved,22119.9,22716.59,High,2024-12-16,2024-12-18,2024-12-31,Components
POB9EB6FB2,EMP97E34CE0,VND859AA544,Approved,21781.18,20113.27,High,2024-10-30,2024-11-01,2024-11-20,Services
POFB20BADE,EMP0FFD1DCD,VNDF08F6829,Approved,968.69,918.66,Critical,2024-06-10,2024-06-15,2024-06-25,Equipment
PO449CA2EF,EMP0179F76A,VNDB643A5C9,Approved,42974.25,41030.69,High,2024-11-14,2024-11-19,2024-11-29,Components
PO338D0738,EMPDA06F474,VND4AFDF46C,Approved,15527.35,15884.11,High,2024-10-22,2024-10-26,2024-11-09,Equipment
PO5EEC49AB,EMPD75B3AD8,VND10335071,Approved,52234.45,45705.26,Normal,2024-10-04,2024-10-09,2024-10-15,Components
PO211E5526,EMP8A1BA38D,VND7A22016F,Approved,55399.33,46845.46,Normal,2024-03-14,2024-03-18,2024-04-17,Services
PO645E398F,EMPA6783F8A,VND88584A44,Approved,50688.69,48576.6,Critical,2024-09-22,2024-09-27,2024-10-07,Services
PO4F78D59E,EMPC2CA0BCC,VND35CDCFF0,Approved,26056.23,27971.06,High,2024-06-21,2024-06-24,2024-07-20,Components
PO228B78BC,EMP4F14FFF1,VND0D050C25,Approved,8759.37,9248.37,Critical,2024-04-29,2024-04-30,2024-05-18,Office Supplies
POCACAA376,EMP475FC185,VND57CA31A1,Approved,30065.15,34283.85,Normal,2024-02-04,2024-02-08,2024-02-19,Services
POE41CA7BC,EMPAF6C3282,VNDAE27E9B6,Pending,14070.59,12664.5,Normal,2024-03-15,,,Raw Materials
POEF0C43DE,EMP09F67EAB,VND1A73FC33,Approved,28790.97,25965.79,Normal,2024-06-30,2024-07-04,2024-07-15,Equipment
PO1A9D0CE9,EMPD01EEF0B,VND2500CE76,Approved,22710.42,23817.8,Normal,2024-02-28,2024-03-04,2024-04-02,Raw Materials
PO04859C84,EMPBB77EA4A,VND4A2B2E76,Pending,50759.85,45053.04,Normal,2024-01-13,,,Equipment
POCAB695CB,EMP44BC32E6,VND09F13EB7,Approved,19809.32,20986.23,High,2024-08-21,2024-08-26,2024-09-25,Raw Materials
PO20D449D7,EMP86A0C16F,VND616471F8,Approved,7767.73,9610.51,High,2024-06-09,2024-06-11,2024-07-01,Raw Materials
PO94367354,EMP32246A81,VND3D2A9A3A,Approved,33439.84,29421.22,Normal,2024-01-28,2024-01-29,2024-02-09,Raw Materials
PODB714886,EMP15908E60,VND11B92497,Rejected,37447.18,44319.17,High,2024-10-17,2024-10-20,,Office Supplies
PO881486D2,EMP30B67FC1,VNDA9CEA40D,Approved,5327.95,5815.82,Normal,2024-09-28,2024-09-29,2024-10-14,Components
PO13DB557D,EMPFC69EB4E,VND8E10A670,Approved,4513.98,4018.15,High,2024-08-05,2024-08-06,2024-09-05,Components
PODBD13305,EMP22A37D28,VND1A32B030,Approved,46008.67,45822.85,Normal,2024-10-31,2024-11-03,2024-11-19,Office Supplies
PO51041AE2,EMP2009012F,VNDC178B24A,Approved,42325.83,48650.96,Normal,2024-02-15,2024-02-18,2024-02-28,Components
PO666DC9C4,EMPBF978480,VND0CE75C53,Approved,3064.06,3225.55,Normal,2024-03-11,2024-03-13,2024-04-02,Services
PODA9111B8,EMPB312B949,VNDC73A3BD4,Approved,50624.75,42221.3,Normal,2024-11-08,2024-11-10,2024-11-23,Equipment
POB437069D,EMP7CD17C76,VND859AA544,Approved,9007.32,7774.17,Normal,2024-04-02,2024-04-07,2024-04-20,Services
POFFFA1E4A,EMP395603AB,VNDAAF2A28A,Pending,4068.89,4986.97,Normal,2024-04-24,,,Office Supplies
PO89AF2266,EMP7B33BFFA,VND8CAEB48D,Approved,29311.25,32503.81,Normal,2024-08-14,2024-08-18,2024-09-06,Raw Materials
PO2975F5CC,EMP053E09AF,VNDD6D686D6,Approved,28374.81,25225.35,High,2024-11-11,2024-11-14,2024-11-20,Components
PO1A6DC2F2,EMP190F78E7,VND8BC82E76,Pending,20783.77,25043.11,High,2024-04-22,,,Raw Materials
PO04235265,EMP4D2F6741,VNDA74DADEC,Rejected,51213.61,47682.85,Normal,2024-04-30,2024-05-02,,Raw Materials
PO411AF287,EMP7F6AD533,VND3AF51314,Approved,37900.75,36793.24,Normal,2024-12-02,2024-12-04,2024-12-27,Office Supplies
PO25568866,EMPC7C35936,VND86F10A10,Approved,50588.59,44783.3,High,2024-10-18,2024-10-21,2024-11-16,Equipment
PO6B88A103,EMPBB994FE5,VND08CE8CA7,Approved,36706.88,37861.0,Normal,2024-10-08,2024-10-09,2024-10-30,Components
PO381C1149,EMP83C37A08,VND111F855A,Approved,12430.54,14669.09,Critical,2024-07-20,2024-07-22,2024-08-16,Components
POD3D86983,EMP0F64F42F,VNDC178B24A,Pending,14309.14,16048.72,High,2024-12-25,,,Services
PO1EF3E38A,EMPDBD2C48D,VND2AF9B25B,Approved,37195.65,38975.05,Normal,2024-01-15,2024-01-18,2024-01-31,Equipment
POFDE1386B,EMPD3A529E6,VND17D7E4DC,Approved,47166.55,41252.08,Normal,2024-01-11,2024-01-15,2024-02-13,Equipment
PO018B568C,EMP6C403A60,VND7DD7F0E9,Pending,31070.81,27955.26,High,2024-02-18,,,Equipment
PO03676C0E,EMPA2BCE698,VND5B2EC8F1,Approved,26339.16,25484.34,Normal,2024-01-20,2024-01-24,2024-02-17,Components
POFBDEA2A2,EMP3CE2B6FE,VNDB732CC31,Approved,13181.68,11655.77,Critical,2024-09-23,2024-09-26,2024-10-07,Office Supplies
POFA7AC79B,EMPC2747FB4,VNDD6FBFD33,Pending,45508.13,41016.92,High,2024-09-23,,,Office Supplies
POFA4A8564,EMPA9BD7952,VND34BC34BC,Approved,7077.43,8166.07,Normal,2024-01-30,2024-02-03,2024-03-01,Components
PO0CD0E7DB,EMP0F45989D,VND97FA9A66,Approved,28250.09,30244.7,Critical,2024-12-26,2024-12-29,2025-01-10,Components
PO49251E69,EMPD555CF98,VND2500CE76,Approved,15241.22,15202.77,Normal,2024-02-07,2024-02-09,2024-02-16,Services
PO981EFAC9,EMPDF36F12D,VND88584A44,Pending,49354.84,47339.17,Normal,2024-04-30,,,Raw Materials
PO70153A91,EMP74D67CA9,VND4F7B00FC,Rejected,37527.28,44579.77,Normal,2024-10-27,2024-10-30,,Services
POCD06B1A6,EMP7BCA71E4,VND7E4DB750,Approved,20359.78,21272.4,Normal,2024-06-03,2024-06-08,2024-07-04,Services
PO383AB3CC,EMP846942A8,VNDD39C47AD,Pending,5071.32,5230.91,High,2024-07-24,,,Equipment
POD8685D48,EMP70BF8DC7,VND7A22016F,Approved,17369.53,15284.94,Normal,2024-06-01,2024-06-03,2024-06-19,Services
PO6A23E889,EMP6F8913EA,VND65B60718,Rejected,13717.0,16389.22,High,2024-01-22,2024-01-24,,Raw Materials
POE29BEB37,EMP0214B8B6,VND111F855A,Approved,12435.36,14849.72,Normal,2024-04-09,2024-04-10,2024-04-26,Raw Materials
PO95D04525,EMPB694FB22,VNDAEE88F85,Approved,31472.68,37676.12,Normal,2024-05-06,2024-05-07,2024-05-18,Equipment
POD16B0CDE,EMP653375B9,VNDAAF2A28A,Approved,48836.53,40967.08,Normal,2024-02-09,2024-02-11,2024-02-29,Office Supplies
PO60D180C8,EMP537F2192,VND22E4CBF8,Approved,30837.49,27920.96,High,2024-12-25,2024-12-30,2025-01-20,Services
PO29D0B63B,EMP31914953,VND439CBBCF,Rejected,3256.01,3164.74,Normal,2024-08-07,2024-08-10,,Office Supplies
POF51DEA32,EMPBC2744EE,VND6FADEC72,Pending,18263.9,16585.24,Normal,2024-10-17,,,Services
PO7F821717,EMP67849F2E,VND11B92497,Approved,19923.81,18882.18,High,2024-12-06,2024-12-07,2024-12-15,Equipment
PO34B1FB23,EMP0F3F41C8,VNDDFDF8860,Approved,2939.18,3395.32,High,2024-05-11,2024-05-13,2024-06-11,Raw Materials
PO0A44EF3F,EMP7BC1038A,VND27CBAF37,Approved,37262.76,32493.73,High,2024-01-16,2024-01-19,2024-02-17,Components
POAD3D4DA1,EMP6992694E,VNDB3180A0E,Approved,30367.02,25691.91,Critical,2024-06-09,2024-06-14,2024-07-01,Components
PO817653FD,EMP75731889,VND139B2EB5,Approved,10017.67,9982.57,Normal,2024-02-04,2024-02-09,2024-02-26,Services
PO962EB208,EMP2798E4C3,VND36436386,Approved,48719.23,43623.31,Normal,2024-05-20,2024-05-22,2024-05-30,Components
POC8ABB947,EMP08B5EB6D,VNDD902468E,Approved,44969.63,48711.68,Normal,2024-03-14,2024-03-18,2024-04-09,Components
PO4AD1BFAC,EMP76283272,VNDB8A208B5,Approved,24684.25,28576.4,Normal,2024-01-08,2024-01-10,2024-02-05,Services
PODF2D2016,EMPC78BB9AD,VND6B54C68D,Approved,12885.43,12461.34,Normal,2024-11-07,2024-11-09,2024-11-30,Raw Materials
PO4B1B2A23,EMPDBA32333,VND80A0A536,Approved,37567.91,45029.55,Normal,2024-01-17,2024-01-21,2024-01-26,Components
PO6B63C1D9,EMP8C60FAA8,VND38095B8C,Pending,21476.36,19892.19,Normal,2024-12-25,,,Components
PO7CBD28A6,EMP1EA91216,VNDFDC347F6,Approved,4733.79,5260.78,High,2024-12-23,2024-12-24,2025-01-12,Office Supplies
PO2E169A09,EMPAA24081E,VND19CF5E06,Pending,35422.32,44237.69,Normal,2024-06-14,,,Equipment
PO1CA2EB08,EMP8DA0487B,VND35CDCFF0,Approved,26156.72,28685.58,Normal,2024-09-18,2024-09-23,2024-10-11,Equipment
PO7797FCEB,EMP48AE33E6,VNDE3830203,Pending,20507.22,19886.38,Normal,2024-07-09,,,Office Supplies
PO9230BEB7,EMP491FF63D,VND417BDCE6,Approved,31003.93,32092.73,High,2024-01-20,2024-01-24,2024-02-08,Components
PO7976A0DA,EMP09829415,VND4706504E,Approved,8849.16,9730.48,High,2024-05-16,2024-05-18,2024-05-30,Services
POC9390F80,EMP4931D5C2,VNDC4060F12,Approved,7566.75,6745.03,High,2024-08-31,2024-09-02,2024-09-22,Components
POF4CC3B62,EMPAAB33B83,VND3A80813D,Cancelled,36480.02,39812.8,Normal,2024-11-04,2024-11-06,,Raw Materials
PO72326D52,EMPA4E9A56D,VNDB732CC31,Approved,22716.42,26448.89,Normal,2024-11-25,2024-11-26,2024-12-05,Office Supplies
PO1825F186,EMP61F313AC,VNDC73A3BD4,Pending,49384.82,44633.1,High,2024-07-21,,,Equipment
POD2276D16,EMP69535EC3,VND44174C92,Approved,23647.71,23896.65,Normal,2024-03-13,2024-03-15,2024-04-03,Services
PO34672AC1,EMPEEE38BFA,VND35CDCFF0,Approved,29151.63,33032.18,High,2024-11-03,2024-11-08,2024-11-22,Services
POA029DD0B,EMP6FC83941,VNDA9CEA40D,Approved,41772.07,45760.2,High,2024-07-28,2024-07-30,2024-08-05,Components
PO7026036D,EMP3BA5BCB4,VNDAE27E9B6,Approved,45857.84,47658.63,Normal,2024-01-25,2024-01-29,2024-02-27,Office Supplies
PO2FC6F35F,EMP85A3BBD6,VND37AB5C39,Approved,3037.08,3483.7,Normal,2024-09-21,2024-09-22,2024-10-21,Raw Materials
POCC8B6319,EMP72C132F1,VNDDFDF8860,Approved,27981.14,30357.61,Normal,2024-11-07,2024-11-11,2024-11-21,Raw Materials
PO6F305E67,EMP277755DF,VND0A251297,Approved,37404.09,44483.5,Normal,2024-04-12,2024-04-15,2024-05-05,Components
POE31A28BC,EMP96965CF8,VND4EDF116C,Cancelled,26871.89,25347.02,Normal,2024-04-21,2024-04-23,,Components
PO49881E36,EMP957732C6,VND999ED598,Pending,37838.2,40976.85,Normal,2024-08-11,,,Components
POCBBD435B,EMP50A11B42,VND6FADEC72,Approved,41699.37,36984.01,Normal,2024-03-02,2024-03-05,2024-03-18,Office Supplies
POCDFBD9F6,EMP22A1B0B3,VND2258ABB1,Approved,21991.87,22965.14,Normal,2024-10-27,2024-10-30,2024-11-14,Components
PO9322BF3E,EMPCBD9C55D,VND6121FB48,Pending,32176.41,35018.41,Critical,2024-07-01,,,Equipment
POA30AAE25,EMPE3D6DBA1,VND3B5BB0BC,Approved,47758.3,40693.95,Normal,2024-12-16,2024-12-20,2025-01-07,Office Supplies
PO42058D3A,EMP2B374324,VNDB732CC31,Approved,11976.25,13473.09,High,2024-01-29,2024-01-30,2024-02-12,Equipment
PO45242789,EMP63346CEE,VNDC178B24A,Pending,23185.56,19716.83,Normal,2024-06-02,,,Raw Materials
PO71459170,EMP0290D994,VND2986F777,Cancelled,36660.62,31253.32,High,2024-09-02,2024-09-03,,Components
POE8F08766,EMPDB6AE97C,VNDE6156EFE,Rejected,13868.69,16395.16,Normal,2024-10-18,2024-10-19,,Office Supplies
POC7817850,EMP45ADE446,VND2094DBBC,Approved,21039.91,20926.62,Normal,2024-04-12,2024-04-13,2024-05-04,Services
PO50BB0745,EMP43B412D8,VND1199176D,Approved,17266.57,19241.12,Critical,2024-10-21,2024-10-24,2024-11-20,Equipment
PO98E249CC,EMP91E5BBBE,VNDB1228DD8,Approved,2677.88,2592.29,Normal,2024-04-28,2024-05-03,2024-05-26,Equipment
POF8CCECB8,EMP8B44F448,VND275CA511,Approved,32833.41,29601.85,Normal,2024-04-29,2024-04-30,2024-05-21,Raw Materials
POF6C5E1A3,EMP4B9FF68F,VND4F7B00FC,Approved,45401.1,44940.92,Normal,2024-11-10,2024-11-12,2024-11-25,Raw Materials
PO013D34C8,EMP46142A77,VNDBA0CC89B,Pending,22345.05,24391.18,Normal,2024-08-20,,,Services
PO36851F34,EMP288D0F46,VNDD2BB8334,Approved,1582.65,1424.16,Critical,2024-12-29,2025-01-02,2025-01-24,Office Supplies
PO9D29E702,EMPEABF9341,VNDA6643FA7,Pending,3345.52,2975.9,Normal,2024-01-28,,,Office Supplies
PO506BE676,EMP72C117BD,VNDF909C443,Approved,48081.25,46616.85,Normal,2024-07-04,2024-07-09,2024-07-28,Raw Materials
PO5535C994,EMP89E71F55,VNDE6A4DD03,Cancelled,38304.32,37103.35,Normal,2024-03-01,2024-03-02,,Equipment
POE837A86A,EMPE2FCD38A,VND448E4836,Cancelled,47039.83,47531.07,Normal,2024-02-24,2024-02-26,,Office Supplies
POA7C33150,EMP6757C258,VNDD902468E,Approved,23402.74,26283.24,Normal,2024-10-24,2024-10-29,2024-11-11,Components
PO6B1EFDD4,EMPAE9B1C53,VNDCE923A65,Approved,3168.03,2975.76,Normal,2024-10-28,2024-10-31,2024-11-25,Components
POB0CC8484,EMPD9C1F219,VNDCAF05089,Approved,39268.15,36050.22,Critical,2024-01-15,2024-01-16,2024-01-30,Equipment
PO1011496F,EMPA5BD0DB2,VNDDFDF8860,Approved,45228.58,38682.42,Normal,2024-06-27,2024-07-02,2024-07-25,Services
PO2AB96B85,EMP4060BC72,VND6121FB48,Approved,21607.39,21716.49,Normal,2024-01-24,2024-01-29,2024-02-05,Components
PO00935801,EMP3F2AAFC9,VND0300765D,Approved,12959.05,11335.27,Normal,2024-07-13,2024-07-14,2024-07-19,Equipment
PO2E35E72D,EMP156AE375,VNDE4298A7B,Approved,5455.14,5117.98,Normal,2024-03-07,2024-03-10,2024-03-26,Components
PO169B401F,EMPCAE69C52,VND111F855A,Approved,1238.33,1488.06,Normal,2024-07-27,2024-07-29,2024-08-25,Equipment
PO3304CA6C,EMPFF717787,VNDF549E284,Rejected,18328.71,21558.97,Normal,2024-01-09,2024-01-11,,Raw Materials
PO9970BD19,EMP4A9D3940,VND020FD5AF,Approved,26749.05,32464.33,Normal,2024-06-19,2024-06-21,2024-07-19,Office Supplies
PO458091EF,EMPA4821728,VND97E5802F,Approved,29920.06,28620.55,High,2024-10-18,2024-10-23,2024-11-06,Raw Materials
POFEAA0A87,EMPB10E5447,VNDEA23339B,Approved,40678.1,42638.95,Critical,2024-12-31,2025-01-05,2025-01-28,Office Supplies
POE7BF5ADF,EMP1322B48A,VND29251C8F,Pending,37355.14,35293.72,Normal,2024-04-26,,,Equipment
POEC73C40D,EMP470588FC,VND9EBB9EB2,Approved,45585.82,39739.57,Normal,2024-07-07,2024-07-08,2024-07-13,Equipment
PO121DDEA2,EMP22675375,VND7A22016F,Approved,16527.19,17397.11,Normal,2024-01-13,2024-01-18,2024-01-29,Raw Materials
PO926F13FE,EMPEFCB366D,VNDD24A1BC5,Approved,20479.47,19727.85,High,2024-09-02,2024-09-07,2024-09-27,Office Supplies
POFAE721A5,EMP217ED751,VND590E7C93,Rejected,9762.96,9438.35,Normal,2024-03-04,2024-03-06,,Components
PO627ADB9F,EMP11303243,VND11B92497,Approved,6087.62,5335.06,Normal,2024-05-25,2024-05-29,2024-06-11,Components
POF58062D1,EMPA4124D14,VND8E10A670,Approved,1658.08,1904.13,Normal,2024-06-03,2024-06-04,2024-06-28,Services
PO0E27FEE8,EMPFB43562F,VND2FE40F33,Pending,15572.89,12998.51,Normal,2024-04-12,,,Raw Materials
POE09F9F85,EMP96CB256E,VND7B4F5D31,Approved,7867.31,8379.74,Normal,2024-02-04,2024-02-09,2024-02-28,Raw Materials
PODD645E62,EMPBB2E556C,VND6F35B3AD,Approved,27093.29,27488.55,Normal,2024-11-05,2024-11-09,2024-12-04,Equipment
PO5795CE58,EMPC9CF6F77,VND8CAEB48D,Approved,45018.82,44528.32,Normal,2024-08-22,2024-08-24,2024-09-04,Equipment
PO4F1F762A,EMP95F5CCDC,VND0CE75C53,Pending,8508.24,9992.65,Normal,2024-04-30,,,Office Supplies
PO557D2964,EMPB6614F64,VND2500CE76,Approved,47282.86,48399.37,Critical,2024-11-22,2024-11-23,2024-12-19,Office Supplies
PO7BF596BF,EMP8AE31088,VNDB598AD91,Approved,24094.74,21702.39,Normal,2024-10-02,2024-10-03,2024-10-14,Raw Materials
POCE26E57B,EMP3EC4D367,VNDD6D686D6,Approved,23159.73,23610.61,Normal,2024-01-13,2024-01-18,2024-02-17,Components
PO2C4B7E1C,EMPBA652F16,VND3A80813D,Approved,20683.59,20438.54,Normal,2024-05-29,2024-06-01,2024-06-08,Office Supplies
PO0C8C8DCD,EMP653F3BAE,VND5FE97D0B,Cancelled,36999.44,33973.21,Normal,2024-11-08,2024-11-10,,Services
POEF0D67EA,EMP6C0DB17D,VND0A251297,Approved,3925.43,3871.82,Normal,2024-12-19,2024-12-20,2024-12-28,Equipment
PO68D88075,EMP56B07627,VND6F35B3AD,Pending,36894.34,36232.83,Critical,2024-12-16,,,Office Supplies
PO3EC9BF9D,EMP5B495BE2,VNDD6D686D6,Approved,6708.23,5657.57,Normal,2024-02-25,2024-02-27,2024-03-19,Services
PO0639742D,EMPE5BCE1C4,VND11B92497,Approved,37270.47,40804.68,Critical,2024-01-17,2024-01-18,2024-02-02,Office Supplies
PO767B8C7F,EMP5F888387,VNDC939E188,Pending,3266.3,2835.74,Normal,2024-08-05,,,Components
POBD68A87B,EMP909E3F0D,VNDD24A1BC5,Approved,29428.01,24633.25,Normal,2024-01-09,2024-01-11,2024-02-08,Equipment
PO68851828,EMP58D65433,VND8E10A670,Pending,3001.22,3069.37,Normal,2024-10-01,,,Office Supplies
POB8078372,EMP9DA2EAC7,VND5FE97D0B,Approved,51853.52,44535.45,Normal,2024-12-10,2024-12-15,2024-12-24,Office Supplies
POE2156173,EMPF6A569DD,VND34264845,Pending,22767.35,20131.6,Normal,2024-07-09,,,Raw Materials
POFFEA0811,EMP006E3848,VND4F7B00FC,Approved,33188.8,41096.65,Normal,2024-12-28,2024-12-30,2025-01-21,Services
PO132FC1E4,EMP7A9ACC08,VND35CDCFF0,Approved,11178.99,11935.57,Normal,2024-10-11,2024-10-13,2024-10-19,Equipment
PO02984994,EMPF0402E49,VND63A70F54,Approved,14534.01,16451.61,Normal,2024-01-21,2024-01-26,2024-02-10,Raw Materials
POE6B14E72,EMPC7F89DF0,VND0B515B0E,Cancelled,38361.11,32535.57,High,2024-01-04,2024-01-07,,Equipment
PO2DCD5AD8,EMP3A95914B,VND9DFC7925,Approved,28665.15,34818.63,Normal,2024-05-06,2024-05-08,2024-05-20,Services
POF73BB679,EMP19C2CBD7,VNDF909C443,Pending,27232.33,28909.41,Normal,2024-06-29,,,Components
PO13483D56,EMPFE25A6E8,VND1199176D,Pending,12779.26,11257.78,Normal,2024-01-06,,,Services
PO8BD0553C,EMP9484E9CE,VND36436386,Approved,14531.52,17019.66,Normal,2024-09-13,2024-09-14,2024-10-13,Services
PO29BF6527,EMPDB8ABA5C,VNDF7A9FFF9,Approved,7255.0,8705.66,Normal,2024-11-27,2024-12-01,2024-12-30,Services
PO4D23E301,EMPC616CF54,VND190C8D31,Rejected,41589.6,35047.06,Normal,2024-05-04,2024-05-05,,Office Supplies
PO6E748B64,EMP438099CA,VND44174C92,Approved,22665.63,26320.63,High,2024-12-02,2024-12-04,2024-12-18,Office Supplies
POE115A93F,EMP58C1085E,VND365E2FC5,Approved,41453.59,43454.45,Normal,2024-06-18,2024-06-20,2024-07-16,Raw Materials
PO44E4B022,EMP3EFEFACB,VND3A746CBD,Cancelled,34275.56,39989.67,High,2024-05-07,2024-05-09,,Services
POCA2F61D9,EMPEA771A45,VND4EA7F305,Pending,10652.06,8915.74,Critical,2024-06-11,,,Raw Materials
PO67BB70E2,EMP36E17BC4,VND507751E2,Approved,38941.87,41428.57,High,2024-09-25,2024-09-29,2024-10-26,Office Supplies
POFD0C222F,EMP3434258C,VND2986F777,Approved,36650.64,39748.87,Critical,2024-11-17,2024-11-19,2024-11-25,Components
PO08CAFB2B,EMPC86B85F7,VND18221D96,Approved,21098.16,21981.82,Normal,2024-10-06,2024-10-07,2024-10-17,Equipment
PO8358952A,EMPDA15DC49,VND4AFDF46C,Approved,3001.51,3112.9,High,2024-11-13,2024-11-18,2024-11-24,Raw Materials
POC7DB1A31,EMP9FBB2844,VND2258ABB1,Approved,3206.51,2806.06,Normal,2024-08-06,2024-08-08,2024-09-02,Raw Materials
POB1FF5250,EMP0D1E5C81,VND27CBAF37,Approved,44161.59,39895.71,Normal,2024-03-11,2024-03-14,2024-04-13,Services
PO0088B66F,EMPDDB8D012,VND36436386,Pending,14736.11,14329.52,Normal,2024-09-20,,,Office Supplies
PO1D3357F6,EMP922BA8D9,VND35CDCFF0,Approved,13805.8,16867.74,Normal,2024-09-16,2024-09-18,2024-09-28,Equipment
POA722E59B,EMPE2A2930F,VND1FA33A03,Approved,21357.91,23549.83,High,2024-12-27,2024-12-28,2025-01-08,Services
POCA78E651,EMP4179C797,VNDC73A3BD4,Approved,5693.27,6705.95,High,2024-08-28,2024-09-02,2024-09-18,Services
PO66A508CB,EMPA6105E51,VNDE1A395FA,Approved,17117.02,20276.83,High,2024-11-14,2024-11-19,2024-11-29,Equipment
POC334FDED,EMPDC05C5AE,VNDC995E3B7,Approved,41857.82,40681.56,Normal,2024-12-09,2024-12-10,2025-01-06,Services
PO2DC0B063,EMP5D170476,VNDF981F27F,Approved,5348.64,5136.71,High,2024-02-01,2024-02-05,2024-02-26,Services
PO61E39E21,EMP7D16F9AE,VND2986F777,Approved,17470.95,15864.41,Normal,2024-12-25,2024-12-27,2025-01-08,Services
PO9A9C3B40,EMP0384AE7E,VNDBA0CC89B,Approved,11829.88,14088.69,Normal,2024-07-05,2024-07-08,2024-07-17,Raw Materials
POC2055BEB,EMPAA24081E,VNDE1A395FA,Approved,8962.29,8560.07,Normal,2024-06-15,2024-06-20,2024-07-13,Components
POF4D10179,EMP4D8E356F,VND589660CD,Approved,48434.35,47415.92,High,2024-11-01,2024-11-04,2024-12-02,Office Supplies
POD1DABE85,EMPD1AA2806,VNDB8A208B5,Approved,10513.57,10432.85,Normal,2024-10-30,2024-11-01,2024-11-19,Raw Materials
POC90B3F13,EMPD2D502B3,VND1DF7F1DC,Approved,35757.37,36315.19,Critical,2024-03-20,2024-03-21,2024-04-14,Equipment
PO614A9208,EMPBA79AD85,VNDB598AD91,Pending,25817.66,27134.31,Normal,2024-10-02,,,Office Supplies
PO29FED624,EMPF982DD18,VND590E7C93,Approved,17249.28,21002.74,Critical,2024-06-16,2024-06-19,2024-06-25,Components
POCF398EAC,EMP83F399E5,VND4D8ED92A,Approved,39732.74,35934.66,High,2024-05-24,2024-05-26,2024-06-07,Components
POF55E4942,EMP6234A2F6,VND894C6368,Approved,8277.2,7020.67,Normal,2024-01-27,2024-01-28,2024-02-09,Equipment
PO0148A6F7,EMP0AA94B4B,VND589660CD,Approved,20094.24,20891.77,High,2024-09-20,2024-09-24,2024-10-12,Raw Materials
PO27A2A193,EMP63F0B5BC,VND894C6368,Approved,35477.66,40631.85,Normal,2024-07-01,2024-07-06,2024-08-05,Components
POCCBA4B2B,EMPF82D4845,VNDD24A1BC5,Rejected,36776.86,45237.4,Normal,2024-12-23,2024-12-26,,Services
PO920DBFF4,EMPCCA6E6A9,VND65B60718,Approved,33123.19,36685.03,Normal,2024-05-01,2024-05-04,2024-05-31,Services
PO66289C93,EMP246A62B7,VND6121FB48,Approved,16574.28,20571.76,Normal,2024-03-11,2024-03-12,2024-03-17,Services
PO99EA25B7,EMPAE3AE05C,VND2AF9B25B,Approved,9584.94,8636.89,High,2024-04-16,2024-04-17,2024-04-29,Raw Materials
PO24BE4555,EMPA9439CDA,VND589660CD,Rejected,4710.85,5217.44,Critical,2024-11-19,2024-11-21,,Services
PO39971419,EMPFD849722,VNDF9F92F21,Approved,24846.45,29014.37,Critical,2024-07-24,2024-07-29,2024-08-20,Services
POC11607CC,EMP1ADAADE3,VNDF7742C98,Approved,30860.47,28612.38,Normal,2024-05-11,2024-05-16,2024-06-05,Components
POCB538922,EMPCB84BCB5,VND76746C6A,Approved,4997.37,5569.47,High,2024-06-15,2024-06-18,2024-07-01,Equipment
PO31FFE74F,EMP22038539,VND6B54C68D,Approved,33825.24,32958.95,Normal,2024-07-01,2024-07-02,2024-07-20,Office Supplies
POD783C080,EMPC03F5D74,VND9DFC7925,Approved,49787.85,45975.52,High,2024-12-01,2024-12-02,2024-12-17,Services
PO0713301B,EMP53B32CC0,VNDBC15E50D,Rejected,39996.17,47083.73,High,2024-09-14,2024-09-17,,Office Supplies
PO2E4C884B,EMP196320D6,VND221D1C44,Approved,37073.2,31605.59,Normal,2024-12-29,2024-12-31,2025-01-26,Services
POAE8DFBDD,EMP190E7B63,VND7B4F5D31,Approved,41964.18,38816.79,Normal,2024-11-24,2024-11-29,2024-12-07,Raw Materials
POACAFABF3,EMPC8A9C1A4,VNDA957A7D0,Approved,33926.31,29478.06,Normal,2024-11-08,2024-11-11,2024-11-25,Services
PO804F0FE1,EMPFA85CC73,VND1C52ED63,Approved,25334.64,21848.53,High,2024-02-28,2024-03-04,2024-03-09,Office Supplies
PO8E6DB101,EMP722D1AF4,VNDE4298A7B,Approved,16854.83,20774.54,Normal,2024-06-19,2024-06-20,2024-06-26,Raw Materials
PO565D1CFB,EMP156AE375,VND6E96F23C,Approved,5307.09,6231.02,Normal,2024-04-04,2024-04-09,2024-05-03,Components
PO61A091E3,EMPC669FE93,VND36436386,Approved,50343.86,47613.45,High,2024-07-22,2024-07-25,2024-08-21,Raw Materials
PO7E14E746,EMP6140C619,VNDC4092504,Approved,14059.18,14588.24,High,2024-06-25,2024-06-30,2024-07-23,Raw Materials
POE5B7957A,EMP3FFA3C03,VND6ACF147A,Rejected,19849.8,18638.15,Normal,2024-09-13,2024-09-15,,Equipment
POFBA06685,EMP6A42E67C,VNDC4060F12,Approved,41432.51,45020.21,Normal,2024-10-03,2024-10-04,2024-10-19,Equipment
POAD261532,EMPE96DAEDD,VND859AA544,Pending,4161.3,4412.29,Critical,2024-11-01,,,Services
PO9E539784,EMP63C1BB69,VNDEA23339B,Pending,8324.21,7027.3,Normal,2024-03-15,,,Office Supplies
PO33993F80,EMPAAB27E57,VND8CAEB48D,Approved,27058.15,25863.98,Normal,2024-08-08,2024-08-12,2024-08-30,Equipment
POF365B499,EMP9E9E7AF7,VND36436386,Approved,33078.65,41105.82,Normal,2024-10-12,2024-10-13,2024-10-30,Office Supplies
PO7F585C44,EMP852DB433,VNDC939E188,Approved,2537.75,2177.43,Normal,2024-12-29,2025-01-01,2025-01-27,Components
POBF2C8BD0,EMPAAE679BD,VNDBA0CC89B,Approved,36307.78,43793.81,High,2024-06-05,2024-06-07,2024-06-14,Equipment
PO1CAD6285,EMP26650008,VND590E7C93,Approved,49502.15,46553.62,Normal,2024-01-28,2024-01-30,2024-02-04,Raw Materials
PO23B3529D,EMP6D158600,VNDE1A395FA,Approved,20304.12,18913.2,Critical,2024-09-15,2024-09-18,2024-10-04,Components
PO8DA1A015,EMP2FC1CCB4,VND11B92497,Approved,8626.66,7637.34,Normal,2024-01-13,2024-01-15,2024-01-21,Components
PO57D88A23,EMP9FB64F83,VND36436386,Approved,15606.84,18741.6,Normal,2024-11-28,2024-11-29,2024-12-11,Services
PO7DC01544,EMP2C80F461,VNDE6A4DD03,Approved,4211.78,3765.33,Critical,2024-09-05,2024-09-09,2024-10-01,Services
PO41A21EE7,EMP60BBACA4,VND1DF449E3,Pending,31407.08,35175.5,Normal,2024-11-23,,,Services
PO9FBD532A,EMP52468A0C,VND139B2EB5,Approved,3451.01,3190.37,Normal,2024-10-17,2024-10-21,2024-11-08,Raw Materials
PO90299AEF,EMPC58F408B,VNDDA6D8C81,Approved,39009.01,36915.12,Normal,2024-03-16,2024-03-19,2024-04-16,Services
PO32A7A15E,EMP3E14909B,VNDD74D095B,Approved,38958.79,34336.27,High,2024-05-31,2024-06-03,2024-06-11,Raw Materials
PO3285D3F7,EMP93D587E9,VND6E96F23C,Pending,11313.96,11677.01,Normal,2024-06-09,,,Equipment
PO282A1D30,EMPEF590AAF,VNDD74D095B,Approved,37317.29,45059.73,Normal,2024-01-27,2024-01-29,2024-02-26,Raw Materials
POFB842A5E,EMPEECCD559,VND8E10A670,Approved,29685.78,25021.15,Normal,2024-01-21,2024-01-26,2024-02-05,Office Supplies
POEF9F1840,EMPF20D1DE1,VND17D7E4DC,Approved,41432.17,44680.41,High,2024-12-24,2024-12-29,2025-01-10,Raw Materials
PO8790F4EE,EMPE916B150,VNDA74DADEC,Approved,4956.96,4669.22,Normal,2024-12-22,2024-12-26,2025-01-11,Components
PO45655490,EMPC54DE46D,VND8BC82E76,Approved,10968.74,9923.67,Normal,2024-03-25,2024-03-30,2024-04-28,Services
PO707C3F06,EMP92E275EE,VNDAB26D618,Rejected,39467.73,42320.26,Critical,2024-11-11,2024-11-13,,Office Supplies
PO974F156B,EMP1C0AABEC,VND4AFDF46C,Approved,20420.38,19064.54,High,2024-10-05,2024-10-08,2024-10-17,Office Supplies
POD034355B,EMPD70D72E9,VND96325CEF,Approved,18389.57,20119.5,Normal,2024-09-13,2024-09-16,2024-10-07,Office Supplies
PO391C21EF,EMP4ED16947,VND96325CEF,Pending,29651.17,26474.95,Normal,2024-08-26,,,Equipment
PO93BDC21E,EMP2969A9F6,VND048CF2D5,Approved,24616.32,21024.86,High,2024-09-30,2024-10-04,2024-10-21,Raw Materials
PO3F17561A,EMPA1DAF85A,VNDDFDF8860,Rejected,5401.07,5357.21,Critical,2024-12-02,2024-12-04,,Components
PODCEB4A95,EMP31E114FA,VND4EA7F305,Approved,500.98,517.29,Normal,2024-07-30,2024-08-01,2024-08-11,Raw Materials
PO4F1BFF9A,EMPA80CB774,VND8BC82E76,Approved,47925.48,42644.24,High,2024-05-02,2024-05-06,2024-05-16,Equipment
PO611C0132,EMP4CBD22FF,VND8C1D087C,Approved,8712.03,8670.29,Normal,2024-10-05,2024-10-06,2024-11-02,Services
PO58A2FD71,EMPA8949D26,VND365E2FC5,Pending,10693.19,13124.1,Normal,2024-05-08,,,Equipment
POFA17EB32,EMP93636CB3,VND67D32B2F,Rejected,8355.78,9721.02,Normal,2024-08-24,2024-08-26,,Raw Materials
PO49929AA7,EMPD3441A31,VND2AF9B25B,Approved,24884.79,27153.52,Normal,2024-12-29,2024-12-31,2025-01-05,Raw Materials
PO2CA68FBB,EMP276D17A4,VNDAAF2A28A,Approved,20634.28,22489.21,Normal,2024-03-28,2024-03-29,2024-04-12,Equipment
PO9AF3AC58,EMP429767DE,VND19CF5E06,Rejected,23376.18,28266.54,Critical,2024-02-25,2024-02-27,,Office Supplies
POF86FE571,EMPD87820AE,VND4F7B00FC,Approved,17089.6,15133.24,Normal,2024-12-21,2024-12-23,2025-01-13,Office Supplies
POABA842CC,EMP9F1F9318,VNDA957A7D0,Approved,30766.44,30284.21,High,2024-03-18,2024-03-21,2024-03-28,Components
PO0D4C718B,EMPD107419B,VND4EDF116C,Approved,18425.94,17342.02,Normal,2024-04-29,2024-05-03,2024-05-19,Components
PO77A590B9,EMP922160F5,VND2FE40F33,Approved,30091.06,34925.89,Normal,2024-07-01,2024-07-03,2024-07-08,Raw Materials
PO1E998EA0,EMP57F72BF6,VND86F10A10,Approved,3874.45,4459.22,Normal,2024-12-03,2024-12-04,2024-12-10,Services
PO727D65E3,EMPFA7829B0,VND8BC82E76,Approved,30120.5,29575.66,Normal,2024-12-19,2024-12-21,2025-01-15,Raw Materials
PO3792C9B1,EMPFA870920,VND5FE97D0B,Approved,26063.12,27580.21,Normal,2024-02-17,2024-02-22,2024-03-11,Services
POA28D4426,EMPF39920C1,VNDA0E8AF6C,Approved,35422.76,37110.68,Normal,2024-11-24,2024-11-27,2024-12-02,Components
PO3B0235CE,EMP4AA51D8C,VND2500CE76,Pending,641.78,639.03,Critical,2024-03-11,,,Office Supplies
PO5342BC21,EMP1E307943,VNDB1228DD8,Approved,37409.86,46689.15,Normal,2024-02-05,2024-02-07,2024-02-27,Equipment
PO685F84A5,EMPF92A14E4,VND10335071,Approved,37422.29,43279.62,Normal,2024-03-28,2024-04-02,2024-04-12,Equipment
POB5544FBE,EMP69C3AA78,VNDD6D686D6,Pending,4180.99,4760.25,Normal,2024-06-12,,,Services
POC510D718,EMP810375A2,VND589660CD,Cancelled,13442.07,13316.25,Critical,2024-03-19,2024-03-22,,Components
POA276B358,EMP5E66163B,VND9EBB9EB2,Approved,18501.62,16918.27,Normal,2024-01-23,2024-01-25,2024-02-08,Equipment
POFF2A6831,EMPDDCE509A,VND07F575C8,Pending,46370.94,39941.88,High,2024-04-08,,,Raw Materials
PO5FA5C2C7,EMPC3178828,VND2094DBBC,Approved,55213.05,49759.69,Normal,2024-02-25,2024-02-26,2024-03-18,Office Supplies
PO76EB5E48,EMPB53132C6,VNDE13413E5,Approved,50657.8,45786.56,Normal,2024-01-19,2024-01-21,2024-02-11,Components
POBF005FFA,EMP4555708D,VNDF7A9FFF9,Cancelled,24803.13,21548.26,High,2024-03-10,2024-03-13,,Equipment
PO4BC861DB,EMP7F3683A6,VND1199176D,Pending,25017.74,22824.35,Normal,2024-11-23,,,Equipment
PO37395B2D,EMP3E81AFA9,VNDE3830203,Pending,25608.19,23444.49,Normal,2024-03-11,,,Services
PO3E75B51F,EMPA9DEBDBC,VND3A746CBD,Approved,7425.13,7671.69,Normal,2024-11-24,2024-11-28,2024-12-10,Raw Materials
PO418A877D,EMP4DD0BF44,VND8CAEB48D,Approved,4794.02,4612.58,High,2024-06-27,2024-06-29,2024-07-26,Services
PO6607942C,EMPA404AB29,VND9DFC7925,Pending,36683.07,33118.27,Normal,2024-09-18,,,Components
PO526F349F,EMPD43FC24A,VND19CF5E06,Pending,18828.06,22981.28,Critical,2024-06-17,,,Services
POA6D34223,EMP17A21350,VND389A891A,Approved,36024.06,41937.19,Normal,2024-12-01,2024-12-04,2024-12-29,Components
PO1B7F170A,EMP0745C19C,VND86F10A10,Cancelled,7675.78,9002.13,Normal,2024-05-26,2024-05-27,,Components
POCF8BBDEF,EMP8C3A2A17,VNDF78A924D,Rejected,9320.21,9340.33,High,2024-02-08,2024-02-09,,Services
POB3132528,EMPB07B0D77,VND7DD7F0E9,Approved,1217.61,1338.98,Normal,2024-06-04,2024-06-05,2024-06-30,Equipment
PO23A52206,EMPFBF3775D,VND7B4F5D31,Pending,27306.15,25049.69,Normal,2024-04-04,,,Equipment
POCDB24448,EMPA78BB519,VND34264845,Approved,11032.87,12191.64,Normal,2024-03-19,2024-03-22,2024-04-20,Services
PO08B80294,EMP06DA22E8,VND417BDCE6,Pending,11865.43,13244.76,Critical,2024-09-29,,,Components
PO36FADFF1,EMP9DA2EAC7,VND34BC34BC,Approved,34931.86,33963.59,Normal,2024-11-22,2024-11-24,2024-12-09,Components
PO09C822B7,EMP2BBBF563,VND4EDF116C,Approved,18862.36,18483.13,High,2024-09-11,2024-09-15,2024-10-01,Office Supplies
POAA4D9276,EMPA214F347,VND9E3DBA67,Rejected,37512.34,46818.03,Normal,2024-05-08,2024-05-09,,Components
POA52AAE00,EMPFFF87A12,VNDB598AD91,Approved,5708.96,5567.0,Normal,2024-04-22,2024-04-27,2024-05-22,Services
PO586EB999,EMP9562D874,VND439CBBCF,Pending,46868.57,43823.9,High,2024-05-21,,,Equipment
POC3931018,EMP379BB2A9,VND7254F792,Approved,28102.25,34931.26,Normal,2024-12-24,2024-12-27,2025-01-13,Components
PO17F0F08E,EMP8A1A270C,VNDE3830203,Pending,18811.12,15699.48,Normal,2024-05-23,,,Equipment
PO2BA6CAC8,EMPCD422C6F,VND4A2B2E76,Pending,7787.48,7124.82,Normal,2024-02-27,,,Services
PO9FA4346B,EMPDD2D3A7F,VND7DD7F0E9,Pending,35486.53,38417.51,Normal,2024-09-03,,,Office Supplies
POBD4B5D1D,EMP0B78FBB3,VNDF7A9FFF9,Approved,14651.57,16084.48,Normal,2024-05-27,2024-05-29,2024-06-16,Raw Materials
POA1B59676,EMP6992694E,VND111F855A,Approved,25799.26,30973.88,Normal,2024-07-07,2024-07-10,2024-07-23,Office Supplies
PO9C7EC902,EMPB2FCCFAB,VND66028154,Approved,7773.78,7117.28,High,2024-03-03,2024-03-04,2024-03-14,Services
PO6C38C1CB,EMPFE65EBCE,VND4AFDF46C,Cancelled,20894.94,21985.63,Normal,2024-12-05,2024-12-08,,Services
PO3E9B9462,EMP7B535E35,VND397FE668,Approved,5956.69,5737.46,Normal,2024-06-29,2024-07-04,2024-07-28,Office Supplies
PO474DDEE6,EMP48110FB2,VND3D2A9A3A,Pending,23818.56,23311.11,Normal,2024-03-01,,,Office Supplies
PO3FF6A50C,EMPACBF037B,VND1199176D,Cancelled,2438.91,2288.9,High,2024-12-09,2024-12-12,,Office Supplies
PO447255AA,EMP2D56A2F1,VNDAEE88F85,Approved,38205.45,36701.12,Normal,2024-03-14,2024-03-19,2024-03-24,Equipment
PO978DBD4A,EMPBE3270E3,VND2258ABB1,Rejected,44900.64,48897.81,Normal,2024-05-17,2024-05-19,,Raw Materials
POF47A7621,EMPCD289B2E,VNDBC15E50D,Approved,9880.51,9366.07,Normal,2024-07-08,2024-07-11,2024-07-28,Equipment
POA8071B67,EMPA1C2A2D6,VND0D050C25,Approved,53379.35,45510.53,Normal,2024-03-12,2024-03-15,2024-04-14,Raw Materials
PO08B4FC06,EMP0543ACAC,VND5FE97D0B,Approved,47597.22,41642.01,Normal,2024-02-18,2024-02-21,2024-03-01,Equipment
POC04DD4C8,EMP80D88ED4,VND0300765D,Approved,16154.37,15368.29,High,2024-12-19,2024-12-24,2025-01-14,Services
PO134CAFD5,EMPE1132EF0,VND6E96F23C,Approved,1144.07,965.26,Normal,2024-08-22,2024-08-23,2024-09-08,Office Supplies
POA61CA70F,EMP47FF6B25,VND80A0A536,Approved,26857.16,31040.04,Critical,2024-08-29,2024-08-31,2024-09-28,Office Supplies
PO7B703BCE,EMPAF9D8987,VND389A891A,Pending,50358.4,47250.81,Normal,2024-09-27,,,Services
PO0D6262D6,EMP4FFA9A55,VNDF10E17A7,Cancelled,19562.25,20740.77,Critical,2024-09-13,2024-09-15,,Office Supplies
PO095163B3,EMP0F07AD1C,VNDF549E284,Cancelled,24756.18,26166.03,Normal,2024-10-26,2024-10-28,,Office Supplies
POD5425A68,EMPFCA6C053,VND507751E2,Approved,10787.82,12627.58,High,2024-03-11,2024-03-12,2024-03-27,Services
PO9468FC08,EMP15FD7905,VNDEB6F8ED3,Approved,39515.72,35915.59,Normal,2024-03-05,2024-03-06,2024-03-26,Components
POBB6E14F5,EMPC423FF3E,VND3FC620C0,Approved,51462.13,47260.33,Normal,2024-08-18,2024-08-22,2024-09-13,Raw Materials
POD214EE1F,EMPFCFDF57F,VND1306F6E1,Approved,35572.11,39918.26,Normal,2024-02-04,2024-02-07,2024-02-16,Services
PO29360EF1,EMPDCE28429,VND3A746CBD,Approved,30482.86,36103.22,Critical,2024-12-22,2024-12-25,2025-01-14,Components
PO2DC3AB49,EMP043FA2F3,VND389A891A,Approved,262.72,247.87,Normal,2024-01-17,2024-01-18,2024-01-27,Services
PO23D8AD01,EMP5579D485,VND1DF7F1DC,Rejected,48849.99,45427.02,Normal,2024-09-18,2024-09-21,,Raw Materials
POE15D8573,EMP13435962,VND275CA511,Approved,36730.76,31127.6,Normal,2024-03-10,2024-03-13,2024-03-19,Office Supplies
PO6163CDEA,EMPABFB3D5B,VNDCFB6DC09,Approved,3717.67,4343.68,Normal,2024-09-14,2024-09-16,2024-10-03,Equipment
PO5E441F8E,EMP024B6B5B,VND44174C92,Approved,39632.0,38395.15,Normal,2024-03-02,2024-03-07,2024-03-16,Components
PO687DDED4,EMP6633AFA9,VNDA74DADEC,Approved,672.52,794.33,Normal,2024-08-18,2024-08-20,2024-09-18,Services
PO3200EF92,EMP3CB7F9B8,VND8CAEB48D,Pending,8657.44,7410.06,High,2024-10-25,,,Components
POE27715E0,EMP131E516A,VNDA402B738,Approved,33947.95,33229.8,Normal,2024-07-05,2024-07-06,2024-08-04,Services
POD85B428E,EMPC29E46D2,VNDF981F27F,Approved,15053.68,15019.75,Normal,2024-09-09,2024-09-12,2024-10-05,Equipment
PO27DFC53F,EMP862B2872,VNDC73A3BD4,Pending,38397.23,36460.84,Normal,2024-12-24,,,Raw Materials
POE075BA8F,EMPB07B0D77,VND08CE8CA7,Approved,20466.22,19159.87,Normal,2024-07-29,2024-08-01,2024-08-18,Components
PO0182F0DA,EMPF5134C07,VNDA9CEA40D,Approved,28240.48,27189.95,High,2024-12-07,2024-12-08,2024-12-29,Equipment
PO2BF6BDEC,EMPD6E45FCA,VNDF7A9FFF9,Approved,19615.48,18586.62,Normal,2024-07-14,2024-07-16,2024-07-30,Equipment
PO6CF22F92,EMP6BD5E83F,VND999ED598,Rejected,10953.65,11224.29,Normal,2024-04-03,2024-04-05,,Services
PO8A0AA27A,EMP7C5C0482,VNDA957A7D0,Approved,55024.79,49386.24,Normal,2024-06-17,2024-06-18,2024-07-04,Components
PO2896E31D,EMPEB794F61,VND2986F777,Pending,9578.79,8970.74,Normal,2024-03-02,,,Components
POA507DE40,EMP1AE6FC57,VND7DD7F0E9,Approved,26432.87,22577.3,Normal,2024-09-22,2024-09-24,2024-10-04,Components
POD2806840,EMP62CB684A,VND3AF51314,Rejected,50092.33,45300.27,Normal,2024-09-05,2024-09-06,,Raw Materials
PO857E4B7D,EMP3D68501E,VND2D25DD42,Approved,35632.33,35970.94,Normal,2024-06-18,2024-06-20,2024-06-25,Components
POA9080D5B,EMPC46FD1A5,VND672E91CF,Rejected,23430.0,21868.41,Normal,2024-07-16,2024-07-19,,Equipment
POB6E85ED4,EMPA9FECFD7,VND7B8206C3,Approved,6805.66,6703.68,Critical,2024-04-09,2024-04-14,2024-04-30,Office Supplies
PO968DB630,EMP5D6DDAE3,VND1306F6E1,Approved,1230.16,1380.93,Normal,2024-01-04,2024-01-05,2024-01-14,Office Supplies
PO3BF4E66E,EMP430BD32B,VND489E103A,Approved,27437.28,28528.1,Normal,2024-07-22,2024-07-25,2024-08-23,Raw Materials
POECCAD014,EMP67D19A15,VNDA9CEA40D,Rejected,22271.0,27604.93,Normal,2024-08-31,2024-09-03,,Raw Materials
PO559FE407,EMPEE8C7058,VND1199176D,Cancelled,33952.02,30269.6,Normal,2024-06-12,2024-06-13,,Raw Materials
POFA942630,EMPE5D6AC58,VNDB520DAB7,Approved,34425.77,37394.77,High,2024-07-11,2024-07-12,2024-07-22,Raw Materials
PO77EC8665,EMP9E262BCA,VND448E4836,Approved,123.79,153.23,Normal,2024-08-27,2024-08-29,2024-09-11,Raw Materials
PO072F108D,EMP79A472E6,VND97E5802F,Approved,25603.41,27371.27,Normal,2024-03-07,2024-03-08,2024-03-31,Raw Materials
PO312424ED,EMPB486B93B,VND6917D5FA,Approved,7831.25,7471.38,High,2024-09-18,2024-09-23,2024-10-18,Office Supplies
POE92A2E55,EMP4E9EA5E4,VNDEA23339B,Cancelled,39803.54,34247.71,Normal,2024-05-19,2024-05-20,,Equipment
PO3DD2864C,EMPE45517F9,VNDAD897EA3,Approved,9665.5,11602.31,High,2024-05-19,2024-05-24,2024-06-04,Components
PO94397924,EMPCCA6E6A9,VND2D25DD42,Cancelled,6000.32,5787.1,Normal,2024-08-09,2024-08-10,,Services
POFA51C785,EMP2120A53B,VND8BC82E76,Approved,37403.74,34196.9,Normal,2024-11-17,2024-11-20,2024-12-14,Office Supplies
PO7C913C5C,EMP4EE0449E,VND08CE8CA7,Approved,17829.03,19707.35,Normal,2024-10-10,2024-10-13,2024-11-02,Raw Materials
PO56788B9C,EMP12543A5A,VNDFDC347F6,Approved,9443.85,10575.86,High,2024-08-06,2024-08-08,2024-09-04,Services
PO7FDFECDE,EMP4870CD0B,VNDBC15E50D,Rejected,44111.39,48385.76,Critical,2024-12-31,2025-01-02,,Office Supplies
PO4F56DB2C,EMP23F66144,VNDB8A208B5,Approved,24693.92,24062.17,Normal,2024-08-07,2024-08-09,2024-08-29,Services
PO502E8803,EMP07D827C5,VND111F855A,Rejected,37609.19,31837.24,Critical,2024-04-22,2024-04-24,,Components
PO6B1B883F,EMPBB7097D2,VND2094DBBC,Rejected,47352.92,42744.02,Normal,2024-02-20,2024-02-23,,Equipment
POEA3085D8,EMPB86552E7,VND8CAEB48D,Approved,52689.2,47602.72,Normal,2024-03-19,2024-03-23,2024-04-13,Components
PO13F08AA8,EMPB3753BC8,VNDAAF2A28A,Approved,43764.52,43536.21,Normal,2024-02-10,2024-02-12,2024-02-28,Services
PO79A47E05,EMP06766275,VNDE6156EFE,Approved,24351.91,27542.27,Normal,2024-04-26,2024-04-30,2024-05-08,Services
PO86FC5B1D,EMPD7779629,VNDA402B738,Approved,15873.07,16896.8,Critical,2024-04-11,2024-04-12,2024-04-27,Office Supplies
PO6DB62475,EMPF82B43F7,VND0D050C25,Pending,43870.89,46903.03,Normal,2024-11-17,,,Raw Materials
PO6BEA49E5,EMPF7D32365,VND0CE75C53,Approved,38854.19,32781.27,High,2024-10-05,2024-10-08,2024-10-14,Components
PO6B072E08,EMP1E5086CB,VND3B5BB0BC,Rejected,37839.03,36678.7,Normal,2024-09-17,2024-09-18,,Raw Materials
PO3C6E892B,EMP899FB7F8,VND8BC82E76,Approved,1784.86,2177.44,High,2024-09-21,2024-09-24,2024-09-30,Office Supplies
PO3479A60D,EMPE703E3AD,VND5B2EC8F1,Approved,39859.51,44654.4,Normal,2024-02-21,2024-02-23,2024-03-03,Components
PO76C03FC9,EMPA8CAEB92,VNDF10E17A7,Approved,51537.46,43085.54,High,2024-04-26,2024-05-01,2024-05-18,Equipment
PO9BED61D6,EMP6BDDCD2E,VNDF909C443,Pending,29446.56,25165.78,Normal,2024-03-08,,,Services
PO3F18919F,EMPCE1CF465,VND35CDCFF0,Approved,27021.65,31970.33,Normal,2024-08-07,2024-08-12,2024-08-17,Components
POF8F6567E,EMPEA751C89,VND44174C92,Approved,15546.33,13602.89,Normal,2024-08-14,2024-08-19,2024-08-25,Office Supplies
PO6EEDFDA8,EMP1592BDAB,VNDF5F231C0,Pending,47184.63,45610.52,Normal,2024-02-11,,,Components
POFAED0A57,EMP13CD9B1C,VND365E2FC5,Approved,32541.73,39600.95,High,2024-01-31,2024-02-02,2024-02-28,Equipment
PO11B59107,EMPFCB086C1,VND7DD7F0E9,Pending,18248.4,16476.53,Critical,2024-09-28,,,Services
PO0CF87314,EMPC92BDAC4,VND10335071,Approved,30467.09,31352.13,High,2024-04-22,2024-04-23,2024-04-30,Components
POEB1233B9,EMP6A784F34,VNDD6FBFD33,Approved,11460.61,12341.53,Normal,2024-12-17,2024-12-21,2025-01-05,Services
PO608939BD,EMP45787679,VNDEA23339B,Pending,36154.59,37245.58,Normal,2024-12-15,,,Services
PO10A24DE2,EMP9A612816,VND6FADEC72,Approved,27730.12,31810.94,Normal,2024-09-29,2024-09-30,2024-10-09,Raw Materials
POB0A1F8E1,EMP1A49A490,VNDB598AD91,Pending,17580.78,16773.99,Normal,2024-05-17,,,Equipment
PO84EE65F4,EMP90E11600,VND07A84740,Approved,12484.21,12790.31,Critical,2024-06-14,2024-06-19,2024-07-04,Office Supplies
PODFA94251,EMP41ECBB0D,VND7B8206C3,Approved,5257.79,6033.61,Normal,2024-05-03,2024-05-04,2024-05-22,Components
POAC4D3F82,EMPB290C413,VND4EA7F305,Approved,3151.04,3394.71,Normal,2024-07-12,2024-07-17,2024-07-24,Office Supplies
PO3954217C,EMP7301CC41,VNDBA0CC89B,Pending,41169.84,47984.89,Normal,2024-10-17,,,Services
PO0A6E0E25,EMPD790064F,VNDE6156EFE,Rejected,8575.93,10547.49,Normal,2024-07-12,2024-07-14,,Services
PO4DE4C060,EMP957AC2DD,VNDAE27E9B6,Approved,15627.39,13837.16,High,2024-06-30,2024-07-01,2024-07-09,Equipment
PO1DD545A1,EMPF468EE1E,VND8CAEB48D,Approved,28573.02,33583.51,Normal,2024-08-19,2024-08-24,2024-09-01,Components
POE2F7AD92,EMPEF0D71BD,VNDD6D686D6,Approved,40264.5,49313.86,Normal,2024-09-29,2024-10-02,2024-10-12,Office Supplies
PO43673C1D,EMP57131EAF,VND999ED598,Approved,29181.01,30317.02,Normal,2024-05-30,2024-06-04,2024-06-23,Components
PO1FE3E19B,EMPAE2DB492,VND1DF449E3,Approved,7705.58,7975.0,High,2024-04-27,2024-04-28,2024-05-09,Equipment
PODA346E65,EMP0CFD8A7E,VND448E4836,Approved,33647.88,35512.07,High,2024-05-20,2024-05-23,2024-05-28,Office Supplies
PO0B52D141,EMPC4B08B9A,VNDE4298A7B,Approved,3000.91,3532.63,Normal,2024-08-27,2024-08-29,2024-09-22,Services
PO07F4955A,EMP7EC6BF4D,VND29251C8F,Pending,5125.61,4453.06,Normal,2024-10-21,,,Office Supplies
PO5F61CD12,EMP6B39775A,VND49FA8EB1,Approved,41530.32,36413.64,Normal,2024-04-05,2024-04-10,2024-04-25,Raw Materials
PO39081B33,EMP0CFD654C,VND63A70F54,Pending,37080.16,38879.08,Normal,2024-05-16,,,Equipment
POF78E6B5C,EMP1EA588B9,VND38095B8C,Pending,8728.63,10590.32,Normal,2024-02-11,,,Raw Materials
PO147FF7D8,EMP7EE2AEC4,VND6ACF147A,Cancelled,34062.96,40461.76,Normal,2024-09-06,2024-09-08,,Raw Materials
PODA465E6D,EMPFA4FBAAB,VNDF981F27F,Approved,21647.62,23036.92,Normal,2024-03-15,2024-03-20,2024-03-30,Services
POCED62A08,EMP328CA7D3,VNDD2BB8334,Approved,5953.99,5319.66,High,2024-12-06,2024-12-08,2025-01-02,Equipment
POD4B631E8,EMPE3204790,VND859AA544,Cancelled,41593.81,44467.6,High,2024-11-30,2024-12-02,,Office Supplies
PO18BF6EDA,EMP189B013C,VND17D7E4DC,Approved,47023.14,49531.51,Normal,2024-02-25,2024-02-28,2024-03-12,Services
POC1E5B8FE,EMP16196111,VND3D2A9A3A,Approved,14923.3,13821.8,Normal,2024-03-18,2024-03-20,2024-04-01,Office Supplies
PO0EC10D7F,EMP26519C67,VND589660CD,Approved,11640.16,12512.38,High,2024-09-14,2024-09-16,2024-09-25,Components
PO49BEDE62,EMP07D827C5,VND3B5BB0BC,Approved,32616.79,27898.46,Normal,2024-03-02,2024-03-04,2024-03-31,Equipment
POFB18A987,EMPAC8608BD,VND96325CEF,Approved,37970.87,31781.86,Normal,2024-04-21,2024-04-26,2024-05-18,Components
PO23BD7479,EMP8E7E9A1F,VND79774EB1,Approved,18775.46,18724.34,Normal,2024-11-02,2024-11-05,2024-11-27,Components
PO7F2F218F,EMP03A91FDD,VND80A0A536,Approved,37090.66,44164.44,Normal,2024-03-18,2024-03-19,2024-04-17,Services
PO53F6D813,EMP77C2809A,VND10335071,Approved,1054.75,1250.56,High,2024-07-06,2024-07-10,2024-08-02,Office Supplies
POCFF2FD9B,EMPEA9ADD46,VNDF78A924D,Approved,20090.72,18713.13,Critical,2024-10-26,2024-10-29,2024-11-04,Equipment
PO755CAB4D,EMP33421B3F,VNDEB6F8ED3,Approved,7980.01,8200.83,Critical,2024-12-09,2024-12-13,2025-01-04,Raw Materials
PO5D5D2691,EMPB8DADA44,VND66028154,Approved,21149.35,21906.56,Normal,2024-07-14,2024-07-17,2024-08-09,Equipment
PO2313B20C,EMPDA3A6B89,VNDC4092504,Approved,18291.74,19106.62,Normal,2024-03-15,2024-03-20,2024-04-04,Office Supplies
PO497A0FCE,EMPEB7F5A61,VND44174C92,Rejected,31490.85,29306.23,High,2024-09-18,2024-09-21,,Raw Materials
POC0805058,EMPBDE09580,VNDF545674F,Approved,3498.77,3058.97,Normal,2024-01-01,2024-01-05,2024-01-23,Equipment
PO37C7D2BC,EMPC889D0D8,VND23FDC749,Pending,44258.08,39389.53,Normal,2024-02-22,,,Raw Materials
PO7D3EE757,EMP00D4C72D,VND97FA9A66,Approved,41975.28,35517.23,Normal,2024-06-18,2024-06-22,2024-07-05,Raw Materials
PO3AEF7DF2,EMP668B8085,VND0300765D,Approved,19321.03,21673.36,Normal,2024-08-18,2024-08-19,2024-09-05,Raw Materials
POF41215EC,EMP72C6A147,VNDE4298A7B,Pending,3782.8,4455.95,Normal,2024-03-23,,,Services
PO1707092A,EMP98D06114,VNDF981F27F,Approved,23391.44,26200.25,Normal,2024-09-30,2024-10-04,2024-10-15,Services
POAF224A74,EMP0AACA25D,VND08CE8CA7,Pending,9460.58,9823.24,Normal,2024-11-10,,,Raw Materials
PO22CDE99E,EMP054009D3,VNDA0E8AF6C,Approved,7583.62,7566.26,High,2024-04-19,2024-04-24,2024-05-06,Services
PO0A0B2EA2,EMP024B6B5B,VNDD6D686D6,Approved,18563.28,17450.02,Normal,2024-08-27,2024-09-01,2024-09-21,Office Supplies
PO53199AA9,EMPBD11747F,VND768A7583,Approved,31403.09,36728.9,Normal,2024-12-13,2024-12-18,2025-01-07,Equipment
PO61ED8C88,EMP3825AC07,VND38095B8C,Pending,35706.06,30221.79,Normal,2024-02-16,,,Office Supplies
POC92CD269,EMP282E1A3A,VND3B5BB0BC,Approved,40656.36,42741.86,Normal,2024-12-23,2024-12-28,2025-01-07,Services
POC040DFEB,EMP47410605,VND3FC620C0,Rejected,14466.73,16356.68,High,2024-11-10,2024-11-11,,Services
PO46BB6DC5,EMP8F4C174A,VND109E5C6F,Approved,34225.22,31640.24,Normal,2024-10-15,2024-10-18,2024-11-11,Raw Materials
PO38868F2F,EMPA6D471F0,VND1199176D,Approved,26373.84,26758.37,Normal,2024-02-10,2024-02-15,2024-03-14,Raw Materials
POBEC3D26B,EMP6D949449,VND7254F792,Pending,38504.64,39296.55,Normal,2024-06-28,,,Components
PO14D44FAA,EMPE6A6D44D,VNDEA23339B,Pending,22776.24,19181.65,Critical,2024-07-11,,,Office Supplies
PO3E22821C,EMP6C9775CC,VNDF10E17A7,Approved,41672.37,38341.12,Normal,2024-09-17,2024-09-22,2024-10-03,Components
POFCA74630,EMP3687B56B,VND37AB5C39,Approved,36800.16,39497.29,Critical,2024-12-27,2024-12-29,2025-01-27,Raw Materials
PO6BC51618,EMP1FE1D706,VNDAEE88F85,Approved,31347.1,31417.5,Normal,2024-09-10,2024-09-13,2024-10-06,Components
POA8CD46E5,EMP8C4D3B35,VND557FD788,Approved,5432.92,4862.67,High,2024-09-29,2024-10-02,2024-10-30,Office Supplies
PODA17204C,EMP31684F8A,VNDC178B24A,Approved,22798.25,26627.09,Normal,2024-09-24,2024-09-27,2024-10-17,Equipment
PODBB84C78,EMP3E93BA54,VNDF549E284,Approved,51593.08,46761.78,High,2024-02-23,2024-02-28,2024-03-24,Components
PODD180563,EMPBE6C4298,VND2FE40F33,Pending,26695.5,22652.65,Normal,2024-10-11,,,Services
POC48273E7,EMP870256FE,VND0D050C25,Approved,41319.52,40786.91,Normal,2024-01-20,2024-01-24,2024-02-23,Services
POCCBE16D9,EMP4BE1BF99,VND76F0F0E0,Approved,1368.96,1266.71,Normal,2024-10-20,2024-10-24,2024-11-19,Services
POB1D2D09A,EMP5E62366C,VND5FBBF7E5,Approved,51199.07,44456.17,Normal,2024-11-24,2024-11-29,2024-12-12,Raw Materials
PO573EF68F,EMP035A1E31,VNDE6A4DD03,Rejected,35892.39,39584.85,Normal,2024-01-16,2024-01-19,,Equipment
PO98EC993F,EMPD2B2C524,VND57CA31A1,Pending,22334.41,24501.28,High,2024-01-01,,,Components
PO2A952D8E,EMP68BC1524,VND29251C8F,Approved,23115.04,20887.41,Normal,2024-03-29,2024-04-02,2024-04-07,Services
POABF70497,EMP6AD5AAEF,VNDF5F231C0,Approved,30543.28,34414.78,Normal,2024-08-15,2024-08-19,2024-09-11,Office Supplies
POEF27ACC6,EMPAB0942ED,VND0300765D,Approved,36507.64,37228.72,Normal,2024-07-03,2024-07-07,2024-07-14,Services
PO147A5BAA,EMP15EA96E2,VND3A746CBD,Approved,24898.76,25593.39,High,2024-10-05,2024-10-06,2024-10-28,Raw Materials
PO46483801,EMP32E5B1CA,VNDA68A83A5,Approved,10698.05,9258.09,Normal,2024-12-13,2024-12-14,2025-01-10,Components
POF5F62CB1,EMP1EF002A1,VND44174C92,Approved,18356.51,17040.19,Normal,2024-04-19,2024-04-21,2024-05-05,Services
PO903B5A80,EMP95B5454F,VNDD24A1BC5,Approved,13652.49,12419.73,High,2024-04-08,2024-04-13,2024-04-27,Equipment
PO3FAAD437,EMP55FB42F3,VND1A32B030,Approved,26480.34,23696.85,Normal,2024-12-10,2024-12-13,2025-01-08,Components
PO85E03B2F,EMPB55C1AEB,VND1DF7F1DC,Pending,38052.11,33684.21,Normal,2024-12-19,,,Raw Materials
PO6C4470D7,EMP924E61DB,VND09F13EB7,Approved,29013.68,25192.22,Normal,2024-08-29,2024-08-30,2024-09-27,Components
PO08C6E384,EMP31B3F216,VND2500CE76,Approved,54436.3,47920.64,Normal,2024-09-09,2024-09-12,2024-09-26,Services
POC1F45404,EMP4BF3830D,VNDF78A924D,Approved,5362.59,6321.24,Normal,2024-12-29,2024-12-30,2025-01-18,Components
PO1676C004,EMP07E01422,VNDF9F92F21,Approved,31882.26,36160.91,Normal,2024-03-02,2024-03-04,2024-03-21,Raw Materials
POFCDEDC83,EMP3AA8FB92,VND29251C8F,Approved,28142.73,26143.88,Normal,2024-11-03,2024-11-06,2024-11-11,Raw Materials
PO54AF255B,EMP7B729B5B,VNDC995E3B7,Approved,1527.03,1552.67,Normal,2024-04-21,2024-04-25,2024-05-14,Services
POEE1EDD70,EMPA530CB42,VND190C8D31,Rejected,41351.67,47351.81,Normal,2024-02-27,2024-02-28,,Components
PO519BE7DA,EMPA55DDA61,VND97E5802F,Approved,33752.33,35270.92,Normal,2024-01-03,2024-01-08,2024-01-22,Office Supplies
PO1DE55E58,EMP5849669C,VND0B515B0E,Pending,28636.65,28195.23,Normal,2024-03-17,,,Components
PO0CCC9C0D,EMP245B14A1,VND1DF449E3,Approved,38114.89,46031.22,High,2024-02-23,2024-02-25,2024-03-21,Services
PODB81DD5F,EMP239D8653,VND7290C297,Approved,28206.55,23993.87,Normal,2024-11-30,2024-12-05,2024-12-30,Equipment
PO71C376FC,EMPEC8311AB,VND36436386,Approved,44649.07,38358.15,Normal,2024-10-02,2024-10-04,2024-10-10,Components
PO47C5CAD5,EMP7D3550B1,VND97FA9A66,Approved,31729.2,27834.95,Critical,2024-06-18,2024-06-22,2024-07-15,Services
PO733A2786,EMPD75CCBC1,VND34BC34BC,Approved,51872.19,49334.98,Normal,2024-12-25,2024-12-28,2025-01-13,Equipment
PO32AA4B14,EMP31E8AEEB,VND589660CD,Approved,51047.87,42580.62,High,2024-04-20,2024-04-24,2024-05-16,Raw Materials
POF598975B,EMP82128BB0,VND96325CEF,Approved,19641.99,21002.04,Normal,2024-02-19,2024-02-23,2024-03-21,Raw Materials
PO872E5F5F,EMP328B856A,VND29251C8F,Approved,6264.11,6845.18,Normal,2024-10-01,2024-10-02,2024-10-28,Office Supplies
PO8D5B368B,EMPC0722795,VND111F855A,Approved,24617.5,30021.62,Normal,2024-01-25,2024-01-30,2024-02-21,Raw Materials
PO863E1E34,EMPC1EEF74B,VND27CBAF37,Approved,10081.35,8408.05,Normal,2024-10-22,2024-10-24,2024-11-17,Raw Materials
POFF67FDDA,EMPA10CD372,VND590E7C93,Approved,10611.02,9876.54,High,2024-03-11,2024-03-14,2024-03-23,Equipment
POFAA739BE,EMP9FE5B486,VNDF5F231C0,Approved,13686.22,11875.17,Normal,2024-12-29,2024-12-30,2025-01-22,Raw Materials
PO27E4FABF,EMPFB06A31D,VND1DF7F1DC,Approved,17097.43,17811.34,Critical,2024-08-12,2024-08-13,2024-09-03,Equipment
PODD0B605F,EMPFBA232B2,VNDE1A395FA,Approved,726.01,732.0,Normal,2024-04-25,2024-04-27,2024-05-14,Office Supplies
PO8C627601,EMP1A35B277,VNDF08F6829,Approved,58269.65,49565.24,Normal,2024-08-20,2024-08-22,2024-09-10,Equipment
PO29F206A4,EMP1B52B40F,VND7A22016F,Approved,27619.82,23361.36,High,2024-11-21,2024-11-25,2024-12-21,Raw Materials
PO7CD9A21A,EMPF03C3A8F,VND411B979D,Approved,26528.52,30530.93,Normal,2024-12-25,2024-12-26,2025-01-22,Components
PO73004222,EMPA238A20D,VNDF549E284,Approved,27142.79,33328.46,Normal,2024-10-26,2024-10-30,2024-11-28,Equipment
PO91BB8666,EMPC922B52A,VNDAD897EA3,Approved,19347.25,20283.64,Normal,2024-08-12,2024-08-16,2024-09-11,Raw Materials
POC0CBB8E2,EMPD3F6172F,VND80A0A536,Approved,21739.46,24645.57,Normal,2024-02-02,2024-02-07,2024-03-02,Raw Materials
PO6754D638,EMPFD8D3F4C,VND220F792F,Approved,11643.42,10630.1,Normal,2024-05-21,2024-05-24,2024-06-13,Services
POC3FCB291,EMP041A2C6F,VND09F13EB7,Approved,25519.65,29704.18,Normal,2024-07-31,2024-08-03,2024-08-31,Raw Materials
POF170C1AC,EMPBD349255,VNDA402B738,Approved,11791.24,12616.48,Normal,2024-05-17,2024-05-22,2024-06-12,Equipment
POC4EC981C,EMP20081E3E,VND37AB5C39,Approved,53481.15,44776.14,Normal,2024-01-04,2024-01-08,2024-02-06,Components
PO30B34BE1,EMPD91775D1,VNDB643A5C9,Pending,21529.76,24789.36,Normal,2024-01-05,,,Components
POB3E6206C,EMPA0A9F202,VND3B5BB0BC,Approved,20091.73,17963.28,Normal,2024-09-15,2024-09-16,2024-09-30,Services
PO86E05140,EMP3A77C909,VND37AB5C39,Approved,6574.02,7063.07,Normal,2024-10-04,2024-10-09,2024-10-15,Office Supplies
POEA1E1875,EMP68E631CB,VNDD6FBFD33,Approved,41649.25,48320.59,Normal,2024-07-10,2024-07-12,2024-08-05,Office Supplies
PO957FA277,EMPDE3779DB,VND439CBBCF,Approved,9248.78,8573.83,Normal,2024-08-03,2024-08-04,2024-08-23,Raw Materials
PO7461A8B5,EMPA1BC744C,VND10335071,Rejected,29179.12,32707.01,Normal,2024-09-30,2024-10-02,,Services
PO8F6F50BD,EMP2CF1EAFB,VND275CA511,Approved,15480.98,18343.33,Normal,2024-03-27,2024-04-01,2024-04-29,Raw Materials
POB19C548C,EMP81599C94,VND1306F6E1,Cancelled,18920.09,17410.28,High,2024-01-30,2024-02-01,,Components
PO1853DD35,EMP3870CAD4,VNDAE27E9B6,Rejected,11283.07,12393.85,Normal,2024-03-28,2024-03-31,,Equipment
PO2AFB3AE4,EMP877B2870,VND1199176D,Rejected,31249.04,30775.56,Normal,2024-12-19,2024-12-22,,Office Supplies
PO4858C942,EMP0C2C8BB1,VND3AF51314,Approved,33329.28,34611.65,Normal,2024-06-27,2024-06-30,2024-07-16,Equipment
POE775EF26,EMP3C81BE72,VND97FA9A66,Approved,34688.89,36494.88,Normal,2024-03-03,2024-03-05,2024-03-28,Equipment
POA18DBFC5,EMPBF480980,VND57CA31A1,Approved,48145.82,48463.22,Normal,2024-12-02,2024-12-05,2024-12-24,Components
POEFB64683,EMPE194A395,VND0B515B0E,Approved,47168.54,44442.09,Normal,2024-01-02,2024-01-04,2024-01-20,Components
POEDEF1AB5,EMPA65DA2B8,VND76F0F0E0,Approved,21061.89,25969.65,Critical,2024-02-10,2024-02-15,2024-03-13,Equipment
PO14781533,EMPC5D8EF30,VND6E96F23C,Approved,9348.35,10940.69,Normal,2024-08-01,2024-08-02,2024-08-22,Raw Materials
POEFFBE4C5,EMPB8B2E505,VNDF7742C98,Pending,1518.37,1299.41,Critical,2024-04-19,,,Raw Materials
PO9D35D9F6,EMP8488C1C3,VND27D705EA,Approved,7627.51,7374.39,Normal,2024-12-06,2024-12-08,2024-12-19,Components
PO97AC9DA1,EMP3D6EAF27,VNDE05F71D7,Approved,22194.49,24140.5,High,2024-08-03,2024-08-07,2024-08-17,Raw Materials
POD88F5159,EMPA8BC1B90,VNDC73A3BD4,Approved,49186.4,45839.61,Normal,2024-01-20,2024-01-25,2024-02-02,Services
POE514A3EB,EMP025B6E9D,VND557FD788,Approved,24296.46,26925.0,Normal,2024-11-26,2024-11-30,2024-12-21,Raw Materials
PO9FC6FB4E,EMPBA652F16,VND6E96F23C,Cancelled,45294.26,41841.88,High,2024-08-17,2024-08-19,,Raw Materials
POD333FBBA,EMP0BBFC38F,VND6917D5FA,Approved,12557.17,10508.66,Critical,2024-07-10,2024-07-11,2024-08-09,Office Supplies
PO65771434,EMP5BF855A3,VNDCFB6DC09,Approved,58442.18,49669.62,Normal,2024-09-24,2024-09-28,2024-10-05,Components
PO1B99BB02,EMPE1FD8935,VND411B979D,Pending,31118.53,31267.21,Critical,2024-07-21,,,Services
PO61DC13AD,EMP3F4A704B,VND3FC620C0,Approved,43210.66,43849.36,Normal,2024-11-11,2024-11-14,2024-12-01,Equipment
POCCD804B2,EMP128AF4F6,VND3A80813D,Approved,22341.6,19603.71,Normal,2024-06-10,2024-06-13,2024-06-28,Components
PO25209D43,EMP93D587E9,VND275CA511,Cancelled,5898.68,6997.39,High,2024-09-22,2024-09-25,,Raw Materials
PO5D0C615D,EMPBF480980,VNDA68A83A5,Approved,37832.86,35933.21,Critical,2024-08-01,2024-08-03,2024-08-11,Services
PO677FAFF4,EMP6881CCD3,VND1306F6E1,Approved,46819.8,44757.5,Normal,2024-01-18,2024-01-19,2024-01-30,Equipment
POC19BA14F,EMP3D1EBEA9,VNDD902468E,Approved,7551.5,7981.87,Normal,2024-08-26,2024-08-27,2024-09-11,Raw Materials
PO01CC3605,EMP17186B43,VND66028154,Rejected,830.53,840.88,Normal,2024-09-07,2024-09-08,,Components
PO2B306C39,EMP38583806,VND3B5BB0BC,Approved,47768.53,42162.9,Normal,2024-11-09,2024-11-10,2024-11-18,Equipment
POA0AD324D,EMP20E2D236,VNDCFB6DC09,Approved,21825.42,18426.76,Normal,2024-11-06,2024-11-09,2024-11-15,Services
PO7A9280D8,EMPFCF02674,VND466655B2,Approved,18663.09,17796.92,High,2024-11-04,2024-11-09,2024-11-26,Office Supplies
POC0CF4C28,EMPFDF3A784,VNDB8A208B5,Approved,22905.2,26258.05,Critical,2024-04-01,2024-04-06,2024-04-22,Raw Materials
PO107A5406,EMP0AACA25D,VND411B979D,Approved,9742.79,11914.44,Normal,2024-04-06,2024-04-10,2024-05-10,Office Supplies
PO73C43040,EMPF6B71422,VNDAB26D618,Approved,7743.83,6702.75,Critical,2024-10-03,2024-10-06,2024-10-13,Components
PO4A8F3C0F,EMPBE994149,VNDAE27E9B6,Approved,13344.39,15568.14,Normal,2024-09-10,2024-09-15,2024-10-06,Raw Materials
POD360D8D5,EMPF2B45B6C,VND2AF9B25B,Approved,27609.78,32996.55,Critical,2024-02-01,2024-02-03,2024-02-08,Services
PO5BB45CC3,EMP9100CF33,VND190C8D31,Approved,21392.98,26201.1,High,2024-08-02,2024-08-07,2024-08-15,Equipment
POAF20AE11,EMPD7C43B3E,VND11B92497,Approved,8942.59,10289.27,Normal,2024-07-14,2024-07-17,2024-08-10,Equipment
PO86C4E65D,EMPEB40B84C,VNDAEE88F85,Approved,24700.0,27513.12,Normal,2024-06-07,2024-06-09,2024-06-18,Office Supplies
PO541136B8,EMPE3E35BA3,VND111F855A,Approved,13094.95,13599.24,Normal,2024-10-04,2024-10-09,2024-10-23,Components
PO09DA627B,EMPF5E95032,VND07F575C8,Approved,16210.54,18646.35,Normal,2024-08-09,2024-08-10,2024-09-07,Office Supplies
POB82CE802,EMP865D8FE2,VND38095B8C,Approved,42231.49,40608.79,Normal,2024-08-09,2024-08-11,2024-08-27,Raw Materials
PO9EF02B80,EMP607228EC,VND79774EB1,Pending,16896.79,18433.88,Normal,2024-08-20,,,Office Supplies
PO680A7A24,EMPD59DD343,VNDC939E188,Approved,26371.43,32463.21,Critical,2024-02-25,2024-02-26,2024-03-04,Services
PO618FF777,EMP937C4808,VND389A891A,Approved,6522.05,5709.84,High,2024-10-09,2024-10-14,2024-11-11,Services
POCF1A61D9,EMP0BD50869,VNDB643A5C9,Approved,26186.3,28820.21,Normal,2024-11-23,2024-11-25,2024-12-08,Components
POCFFCFC0F,EMPAA560312,VND40A7069F,Pending,39213.08,41245.83,Normal,2024-07-03,,,Office Supplies
PO5548DB6A,EMP05BC6379,VNDD95DB1B7,Approved,23806.49,21002.5,High,2024-08-23,2024-08-26,2024-09-21,Components
POE270C099,EMPE61636B6,VND09F13EB7,Approved,12154.8,14880.52,Normal,2024-11-06,2024-11-11,2024-11-16,Services
PO7B13FDE4,EMPED8C402D,VND11B92497,Approved,1586.73,1581.16,Normal,2024-12-16,2024-12-20,2025-01-05,Raw Materials
PO47E687F9,EMP8B6C9629,VND6FADEC72,Approved,29027.22,26870.62,Critical,2024-08-15,2024-08-18,2024-09-11,Services
POFDBC4397,EMP1C2D2491,VND2258ABB1,Approved,25666.62,23249.91,Normal,2024-08-13,2024-08-17,2024-09-12,Office Supplies
PO020A5833,EMPB337967E,VNDAD897EA3,Approved,30372.25,35343.06,Normal,2024-07-16,2024-07-18,2024-07-29,Components
PO6D09BBBC,EMPA14D5889,VNDF08F6829,Approved,11991.58,14517.76,Normal,2024-08-19,2024-08-20,2024-08-26,Office Supplies
PO0EE9C925,EMP09B0B493,VND18221D96,Approved,29531.5,27127.76,Normal,2024-02-02,2024-02-06,2024-03-03,Services
PO1308542F,EMP8ABE90F4,VND1DF7F1DC,Approved,4334.76,5077.15,Normal,2024-01-28,2024-01-31,2024-02-10,Office Supplies
PO02ECFE0E,EMP5A77F32B,VND11B92497,Approved,6551.9,7682.08,Critical,2024-09-24,2024-09-28,2024-10-07,Services
PO58FEB5C9,EMP100E16A6,VND62396BAB,Approved,7301.05,6124.18,Normal,2024-03-13,2024-03-14,2024-04-02,Services
POA4CB935B,EMPB1258C15,VNDAE27E9B6,Approved,58689.25,49320.03,Normal,2024-04-19,2024-04-20,2024-05-20,Office Supplies
POC992F124,EMP31914953,VND1C52ED63,Cancelled,40235.35,44154.08,Normal,2024-11-23,2024-11-25,,Equipment
PO5C6574B2,EMP6C481A63,VND1A73FC33,Approved,2700.85,2888.4,Normal,2024-05-24,2024-05-29,2024-06-17,Equipment
PO6087ECB9,EMP1D2E57BC,VND590E7C93,Pending,43161.47,38301.96,Normal,2024-04-02,,,Raw Materials
POBF6B23FD,EMP4B67E2EE,VND2AF9B25B,Approved,7188.09,8171.48,Normal,2024-10-19,2024-10-24,2024-11-20,Components
PO4B0DDB7F,EMPD9E17EEF,VND76F0F0E0,Pending,10276.8,9229.55,High,2024-09-22,,,Raw Materials
POF8F1BB2C,EMPF982DD18,VND4DC2D394,Approved,35213.76,40534.42,Normal,2024-09-15,2024-09-16,2024-10-15,Equipment
PO938E1C06,EMP8214D75C,VND97FA9A66,Approved,22216.1,26113.29,Normal,2024-01-28,2024-01-29,2024-02-17,Office Supplies
PO62211244,EMP7DAD2F9A,VNDBA0CC89B,Approved,3174.47,2812.61,Normal,2024-06-03,2024-06-04,2024-06-18,Office Supplies
PO31C0E78A,EMPD3359DEE,VNDBC15E50D,Approved,34631.1,34446.86,Critical,2024-04-10,2024-04-11,2024-05-09,Services
POA744AE8F,EMPF9B7A0E6,VNDB732CC31,Approved,18996.0,17435.17,Critical,2024-07-07,2024-07-09,2024-07-16,Equipment
PO833882ED,EMPDD1588CC,VNDF78A924D,Rejected,33430.77,35734.35,Normal,2024-01-23,2024-01-26,,Equipment
POC17AAB40,EMP17463441,VNDC4092504,Pending,12176.96,10818.89,Normal,2024-01-02,,,Office Supplies
PO621403D2,EMP34E338E0,VND7B4F5D31,Approved,38240.58,39208.4,Normal,2024-10-15,2024-10-20,2024-10-25,Raw Materials
PO0C25110B,EMPED79A620,VND439CBBCF,Pending,2367.35,2341.9,Normal,2024-08-22,,,Components
PO39B3064A,EMPAD3BBF03,VND489E103A,Approved,45729.82,47478.31,Normal,2024-02-23,2024-02-25,2024-03-05,Raw Materials
PO18D21949,EMP431D8C2B,VND49098C56,Approved,36396.08,36766.34,Normal,2024-10-20,2024-10-24,2024-11-07,Office Supplies
POC0DCDEED,EMPA26A9BED,VND03F2A471,Approved,37401.41,39352.06,High,2024-02-25,2024-02-26,2024-03-24,Equipment
PO1C914827,EMPB7F79CF7,VND3A746CBD,Approved,33023.52,39855.09,Normal,2024-04-02,2024-04-04,2024-04-22,Office Supplies
POFFA569C9,EMPC443396C,VND111F855A,Approved,41427.8,41437.35,Normal,2024-05-18,2024-05-23,2024-06-22,Raw Materials
PO431FA303,EMPA4C95CED,VND6F35B3AD,Pending,30547.83,34055.02,High,2024-10-24,,,Components
PO978D0ED1,EMP59F70DF0,VND0CE75C53,Rejected,37599.58,31399.03,Normal,2024-01-06,2024-01-08,,Equipment
PO28A4779F,EMP2B962050,VNDC73A3BD4,Approved,17184.7,16149.0,Critical,2024-11-05,2024-11-07,2024-11-29,Raw Materials
PO98A551DA,EMP9B1DB942,VND4706504E,Approved,1199.07,1433.05,High,2024-07-02,2024-07-04,2024-08-03,Equipment
POBEB77050,EMP5767F279,VND49098C56,Approved,2162.52,2126.54,Normal,2024-08-09,2024-08-12,2024-09-03,Equipment
PO55FBBECE,EMP9E183602,VND4EDF116C,Approved,36179.73,34265.59,High,2024-10-31,2024-11-04,2024-12-03,Raw Materials
PO77E85414,EMP2758193A,VNDEB6F8ED3,Approved,34714.73,36072.57,Normal,2024-12-26,2024-12-31,2025-01-24,Services
PO7E16BD54,EMP4C7EC39B,VND3FC620C0,Approved,47832.66,44285.29,Normal,2024-09-19,2024-09-22,2024-10-14,Services
PO037B25E0,EMPFC3149E5,VND29251C8F,Approved,51428.37,43441.11,High,2024-04-27,2024-05-01,2024-05-28,Services
PO5D1970D3,EMP75C9D389,VND1A32B030,Approved,37401.15,33525.91,High,2024-03-16,2024-03-21,2024-04-14,Office Supplies
PO7466852F,EMP59F70DF0,VND76746C6A,Approved,38576.47,43088.59,Normal,2024-12-31,2025-01-01,2025-01-09,Office Supplies
PO4C6DEA80,EMP773AC853,VND66F3A422,Approved,19728.02,18919.85,Normal,2024-10-03,2024-10-05,2024-10-11,Office Supplies
PO1A15CAFB,EMP5603A838,VND2D25DD42,Approved,10343.33,8741.75,Normal,2024-05-24,2024-05-25,2024-06-15,Services
POF1058053,EMP2DC9B113,VND27CBAF37,Rejected,4183.85,3815.03,High,2024-10-24,2024-10-25,,Raw Materials
POA691CE0A,EMPA3A53D55,VNDC73A3BD4,Approved,47177.99,44809.42,High,2024-04-01,2024-04-06,2024-04-15,Components
POE5785E51,EMPAF11D9D3,VNDE4298A7B,Approved,46420.31,41532.34,Normal,2024-01-31,2024-02-04,2024-02-16,Components
POBF2A0CA8,EMP0111985A,VND18221D96,Approved,11935.13,11446.53,Normal,2024-09-07,2024-09-08,2024-09-19,Components
PO645B86E5,EMP2595A89D,VNDD2BB8334,Pending,49222.97,44491.0,High,2024-11-07,,,Office Supplies
PO3BF7DC64,EMP5B8FA354,VND4EC61792,Pending,53816.79,48924.04,Normal,2024-05-13,,,Office Supplies
PO58EC5E31,EMPC143EBD1,VNDA68A83A5,Approved,12224.74,11740.83,High,2024-04-22,2024-04-24,2024-04-29,Raw Materials
PO3D557DB2,EMP27B119BC,VND76F0F0E0,Pending,7784.39,9492.78,Normal,2024-04-07,,,Office Supplies
PO11309928,EMPA352AD5E,VND3AF51314,Approved,28658.5,33117.83,Normal,2024-10-21,2024-10-22,2024-11-13,Equipment
PO81B86D6A,EMPFFD69B13,VNDEA23339B,Approved,32262.24,35159.67,Critical,2024-06-22,2024-06-27,2024-07-11,Services
POD5E5C2D6,EMPEB7FFF04,VND190C8D31,Approved,515.76,444.3,Normal,2024-07-03,2024-07-08,2024-08-04,Components
POA2E6E475,EMP109BCA87,VND5FE97D0B,Approved,12207.07,12362.99,Normal,2024-03-04,2024-03-08,2024-03-22,Components
PO16A81543,EMP31E6B03C,VND97E5802F,Approved,42599.21,40695.28,Normal,2024-03-20,2024-03-22,2024-03-31,Components
POA4630831,EMPFED915D0,VNDAB26D618,Approved,34241.71,39747.65,Normal,2024-03-29,2024-04-02,2024-04-10,Components
PO38A9A9A7,EMPEAE6DAD2,VNDA6643FA7,Approved,48426.96,47321.24,High,2024-08-30,2024-09-02,2024-09-07,Components
POF5ECCE97,EMPEF41F45D,VNDBC15E50D,Cancelled,37225.64,40330.11,High,2024-05-08,2024-05-11,,Equipment
PO38E85C07,EMPB175F3B4,VND66F3A422,Approved,31969.37,27243.99,Normal,2024-10-08,2024-10-12,2024-11-05,Components
PO9E98B800,EMP0FBA61CB,VNDF545674F,Approved,59539.24,49742.45,Normal,2024-01-28,2024-02-01,2024-02-14,Equipment
PO131F28A1,EMPB3A25B98,VND2AF9B25B,Approved,15003.48,18348.93,Normal,2024-08-31,2024-09-03,2024-09-12,Office Supplies
POD3A28A6B,EMP5CDECCCE,VND7290C297,Approved,3306.97,3453.42,Normal,2024-10-06,2024-10-10,2024-10-17,Equipment
PO42451F72,EMPFB16CF09,VNDBC15E50D,Pending,42086.56,44155.09,Normal,2024-06-23,,,Equipment
PO91A71F26,EMP3794B4D4,VND1DF449E3,Pending,33600.92,30837.06,Normal,2024-07-13,,,Services
POC2DC7319,EMPAEBE0644,VNDE1A395FA,Approved,35770.65,31024.5,Normal,2024-01-31,2024-02-02,2024-02-24,Components
PO044E3235,EMPBAC292EF,VND34BC34BC,Rejected,33187.17,28058.36,Critical,2024-07-27,2024-07-29,,Services
PO17F0F7DB,EMP030A4E1E,VND23FDC749,Approved,16716.37,18388.19,High,2024-07-28,2024-07-31,2024-08-30,Equipment
PO631A1C7C,EMPECC8F2F3,VND76F0F0E0,Approved,30849.24,25817.37,Normal,2024-06-24,2024-06-29,2024-07-15,Services
PO526AAEE3,EMP46289B1C,VND4A2B2E76,Approved,20116.51,21113.32,Normal,2024-08-13,2024-08-16,2024-09-10,Equipment
PO9CC5BEC6,EMP4029F1FD,VNDDA6D8C81,Approved,14973.89,16449.25,High,2024-08-12,2024-08-13,2024-09-03,Services
POF985AD0B,EMP3651414B,VNDF10E17A7,Approved,54941.44,49251.2,Normal,2024-05-23,2024-05-27,2024-06-10,Office Supplies
PO3EA65C72,EMP1BED656A,VNDE05F71D7,Pending,43603.29,37189.66,Normal,2024-09-15,,,Components
PO649EA7F2,EMP8991F011,VNDF10E17A7,Pending,36579.24,33592.26,Normal,2024-09-19,,,Office Supplies
PO6D9C8207,EMPF692E4BB,VND0A251297,Approved,33687.08,35137.97,Critical,2024-09-05,2024-09-08,2024-09-27,Services
PO10BC62BB,EMP8214D75C,VNDF08F6829,Approved,11874.89,10886.54,Normal,2024-10-12,2024-10-14,2024-11-10,Components
PO43BCC7FA,EMPEAACF98D,VNDFDC347F6,Approved,45347.86,40287.2,Normal,2024-12-31,2025-01-03,2025-01-22,Components
POC0042D9A,EMPCA073ACD,VND6B54C68D,Pending,21444.34,21832.66,Normal,2024-12-29,,,Components
PO11FA7675,EMPAD944437,VND07A84740,Approved,13056.1,11428.51,Normal,2024-02-01,2024-02-02,2024-02-12,Raw Materials
PO203C5FA9,EMPEEA9FB5B,VND4AFDF46C,Approved,34999.07,38403.94,High,2024-03-23,2024-03-24,2024-04-23,Equipment
PO2489E02D,EMP8E2B1E24,VND0D050C25,Approved,117.84,105.29,Normal,2024-03-10,2024-03-13,2024-03-27,Components
POA819B341,EMP4C1DCF8F,VND67D32B2F,Approved,7003.06,7600.5,Normal,2024-03-07,2024-03-09,2024-03-23,Office Supplies
POC2425865,EMP83D0CF32,VND3D2A9A3A,Rejected,37894.17,40855.9,Normal,2024-08-01,2024-08-04,,Components
PO92BD3B48,EMPD9915DBA,VND650A3AAA,Approved,32356.55,30164.4,Normal,2024-01-30,2024-02-03,2024-02-26,Services
PO8CD82026,EMP0CFD654C,VNDD39C47AD,Approved,5871.63,7334.47,Critical,2024-06-21,2024-06-24,2024-07-04,Equipment
PO77D1BD20,EMPBD39CCB7,VND1A32B030,Cancelled,41703.48,35169.23,Normal,2024-07-08,2024-07-10,,Raw Materials
PODA0A2044,EMP41441877,VND67D32B2F,Rejected,33694.41,36640.03,Normal,2024-05-23,2024-05-26,,Services
PO9B4FB3D9,EMPE335CBA1,VND08CE8CA7,Approved,6251.32,6585.97,High,2024-09-23,2024-09-28,2024-10-19,Raw Materials
PO856BE777,EMP95F5CCDC,VND275CA511,Approved,9285.38,8270.72,Normal,2024-11-29,2024-12-01,2024-12-20,Services
PODE9D0D01,EMPF034E8CF,VND2FE40F33,Approved,2342.31,1953.96,Critical,2024-02-24,2024-02-29,2024-03-15,Raw Materials
PO0751704E,EMPB00E9FDE,VND57CA31A1,Approved,14123.68,16512.15,Normal,2024-04-27,2024-04-30,2024-05-07,Office Supplies
PO87E0473A,EMPE710B6F7,VND0B515B0E,Approved,37045.25,32253.69,Critical,2024-07-19,2024-07-23,2024-07-31,Equipment
POBB1C7FA6,EMP145A33ED,VND6ACF147A,Approved,30218.98,36638.96,Normal,2024-10-13,2024-10-17,2024-11-07,Office Supplies
POF6251887,EMP27419244,VNDD902468E,Approved,38519.88,45151.21,Normal,2024-06-07,2024-06-08,2024-06-23,Services
PO1E6E7D15,EMP8BE895D2,VNDAADD0D4D,Approved,35495.67,41389.64,Normal,2024-11-24,2024-11-28,2024-12-10,Office Supplies
POAE22EE5A,EMP039D4191,VND88584A44,Pending,8003.46,9488.38,Normal,2024-05-08,,,Office Supplies
PO99B5BC11,EMPD5F65391,VND03F2A471,Pending,35638.75,33591.05,Normal,2024-07-17,,,Office Supplies
POE23E182C,EMP5161A177,VND4EC61792,Approved,5952.58,5913.77,Normal,2024-10-15,2024-10-16,2024-10-30,Components
PO7B043628,EMP872F913C,VNDAAF2A28A,Approved,9890.71,8921.85,Normal,2024-04-26,2024-04-30,2024-05-13,Services
PO0637708B,EMP30B971FD,VNDF7A9FFF9,Approved,621.03,581.97,Normal,2024-07-22,2024-07-23,2024-08-21,Office Supplies
PO6EBB185A,EMP86F820CE,VND1DF449E3,Approved,54564.65,46477.55,Normal,2024-07-20,2024-07-25,2024-08-24,Raw Materials
PO65809FFA,EMPBB9EEEB7,VND0300765D,Approved,44364.8,43474.6,Normal,2024-06-13,2024-06-18,2024-06-27,Services
PO9FCAEADA,EMP91B3D757,VND75832916,Approved,3576.92,3382.77,High,2024-02-14,2024-02-18,2024-03-16,Components
POFCC4A72A,EMP03071342,VNDE1A395FA,Approved,8939.33,11169.1,Normal,2024-06-16,2024-06-19,2024-07-08,Services
PO9FFE6786,EMPD9C1F219,VNDC4060F12,Approved,31438.98,27104.88,High,2024-03-08,2024-03-10,2024-03-24,Services
PO912E3E7A,EMP342C03FC,VNDAB26D618,Cancelled,14011.08,15827.99,Critical,2024-01-09,2024-01-11,,Equipment
POD452B8AE,EMP75006318,VND894C6368,Cancelled,658.47,739.7,High,2024-10-28,2024-10-30,,Office Supplies
POCF9F9626,EMPA57DD932,VNDD74D095B,Rejected,24415.63,21069.89,High,2024-08-09,2024-08-11,,Raw Materials
PO709053DC,EMP0C0FD5AC,VND34264845,Approved,7850.13,6939.31,Normal,2024-12-25,2024-12-28,2025-01-23,Equipment
POE894D84D,EMPD4260C13,VNDB598AD91,Approved,12972.05,11283.57,Normal,2024-05-30,2024-06-01,2024-06-10,Services
PO1A68B622,EMP089625EF,VND1199176D,Approved,5421.87,4908.69,Normal,2024-11-01,2024-11-04,2024-11-11,Services
PO12D9DF89,EMPBF88F4CB,VND1A32B030,Approved,21703.27,23748.39,Normal,2024-01-27,2024-01-28,2024-02-14,Components
PO811EAB55,EMPE2EB796E,VNDAAF2A28A,Pending,40644.26,49160.66,Normal,2024-01-18,,,Components
PO87DC2649,EMP2AA48E66,VNDD39C47AD,Approved,19145.34,17475.19,High,2024-09-24,2024-09-25,2024-10-23,Office Supplies
POD380CF72,EMP5D039FE6,VND8CAEB48D,Approved,56203.77,49957.47,High,2024-12-01,2024-12-03,2024-12-26,Office Supplies
PO82958D34,EMP90483345,VNDF5F231C0,Approved,26622.17,30619.83,Normal,2024-09-02,2024-09-03,2024-09-17,Components
PO6C901B1B,EMP258F38B8,VNDC178B24A,Approved,22623.93,24080.32,High,2024-02-21,2024-02-26,2024-03-20,Equipment
PO1EF028D4,EMP55175C9C,VNDE1A395FA,Approved,11134.62,10617.82,Normal,2024-12-09,2024-12-14,2025-01-05,Components
POA68FA2B5,EMP21FCE69B,VND8BC82E76,Approved,54654.02,47816.4,Critical,2024-12-06,2024-12-08,2025-01-04,Services
POABDB97CC,EMP31A5B2BF,VNDF9F92F21,Pending,381.29,371.0,Normal,2024-12-24,,,Services
POEDD85FBB,EMP2A0D1F4F,VND7290C297,Approved,21425.28,22313.78,Normal,2024-04-18,2024-04-23,2024-05-07,Raw Materials
POB39A0FB1,EMP9F7C5E1B,VND0D050C25,Rejected,34903.33,40498.22,Normal,2024-04-27,2024-04-28,,Raw Materials
POCC664CCB,EMPA5EA9D43,VND44174C92,Rejected,32793.91,32441.75,Normal,2024-03-04,2024-03-06,,Raw Materials
POD2B12184,EMP5F8E893F,VND4706504E,Approved,33328.27,41468.28,Critical,2024-09-08,2024-09-10,2024-10-06,Services
PO4970C971,EMP20AFB729,VND489E103A,Approved,33006.79,29582.99,Normal,2024-08-04,2024-08-09,2024-08-28,Raw Materials
PO1C3CF0A1,EMP122C310F,VND894C6368,Approved,47635.07,39717.06,High,2024-01-17,2024-01-21,2024-01-30,Equipment
POC53056BC,EMP675E7AA3,VND67D32B2F,Approved,27775.81,27192.72,Normal,2024-01-22,2024-01-24,2024-02-05,Components
PO17FFB5CE,EMPEF65CCB9,VND03F2A471,Approved,34749.06,42443.8,Normal,2024-12-13,2024-12-14,2024-12-21,Raw Materials
PO5142B888,EMP3FE23DCF,VNDDFDF8860,Pending,26673.7,28070.96,Normal,2024-05-07,,,Equipment
PO0D97697E,EMP7246320B,VND590E7C93,Pending,11192.45,12749.9,High,2024-02-16,,,Services
PO84395D97,EMP0E9ABE5D,VND389A891A,Approved,40494.79,46758.65,Normal,2024-08-02,2024-08-07,2024-08-25,Equipment
PO6E135007,EMP53707DEB,VND37AB5C39,Pending,12354.99,14152.41,Normal,2024-03-12,,,Equipment
PO4B8D1256,EMPE12A3168,VND2500CE76,Approved,33573.96,39381.33,High,2024-10-26,2024-10-30,2024-11-20,Services
PO80139AAD,EMP5A076039,VND4706504E,Approved,6359.77,6656.35,Critical,2024-01-16,2024-01-18,2024-02-08,Components
POC768A6C9,EMPC5817044,VND616471F8,Pending,30829.61,29708.7,Critical,2024-04-07,,,Equipment
POB3CB2428,EMP82A14D7C,VNDE6156EFE,Rejected,33928.4,34199.94,High,2024-03-11,2024-03-14,,Raw Materials
PO2872645C,EMP03A9F20D,VNDA957A7D0,Approved,43044.99,38419.72,High,2024-03-11,2024-03-14,2024-04-05,Components
PO46E4EEE5,EMP9C8E3811,VND6ACF147A,Pending,4337.75,4053.92,High,2024-02-23,,,Office Supplies
PO2651222D,EMP9E7DAD21,VND190C8D31,Pending,5746.37,6966.57,High,2024-12-22,,,Components
POF6DDF250,EMPBA8C9119,VNDE05F71D7,Approved,31509.38,29222.11,Normal,2024-04-11,2024-04-15,2024-04-29,Equipment
PO3E834E90,EMPC0194409,VND66F3A422,Approved,19201.9,22819.53,Normal,2024-09-08,2024-09-13,2024-09-27,Office Supplies
PO5F666DA4,EMPE194CD65,VND4EDF116C,Approved,32357.63,32493.62,Normal,2024-07-09,2024-07-13,2024-07-21,Components
POFDCFAB47,EMP7152ABDE,VND49098C56,Approved,36224.27,31892.69,Critical,2024-10-22,2024-10-26,2024-11-04,Components
POBE5874FB,EMP95B8E880,VND466655B2,Approved,31265.17,32170.54,High,2024-07-11,2024-07-13,2024-07-27,Equipment
POF1939802,EMP29EB73D6,VND3AF51314,Approved,8978.64,9460.6,High,2024-09-10,2024-09-11,2024-09-26,Components
PO4DB7415F,EMPF7D88201,VND34264845,Approved,763.8,668.39,Normal,2024-04-16,2024-04-17,2024-05-04,Equipment
PO35D6B232,EMPB337967E,VND3FC620C0,Approved,32690.37,38199.24,Normal,2024-01-18,2024-01-19,2024-01-26,Components
PO2DEFBF91,EMP2CD5D0BE,VND1DF449E3,Approved,36261.85,38869.0,High,2024-07-26,2024-07-29,2024-08-04,Components
POF224E35B,EMPF118F753,VNDB1228DD8,Approved,11580.2,11398.45,Critical,2024-07-29,2024-08-01,2024-08-25,Services
POADBD87A8,EMP4CBD22FF,VNDC4060F12,Approved,40762.07,37888.05,High,2024-08-24,2024-08-29,2024-09-16,Office Supplies
PO8B0D1CCB,EMPE2A2930F,VND09F13EB7,Approved,24431.38,20397.24,Normal,2024-10-08,2024-10-09,2024-10-22,Components
PO21EC5843,EMP5286AC0E,VND4D8ED92A,Pending,51052.28,45658.05,Normal,2024-09-08,,,Services
PO1CA09763,EMP6CF71A0D,VNDB732CC31,Approved,23100.85,28173.85,Normal,2024-07-18,2024-07-19,2024-08-06,Raw Materials
PO4EC9B1C9,EMP3389DCEB,VND38095B8C,Approved,28058.09,27860.58,Normal,2024-04-02,2024-04-04,2024-04-27,Office Supplies
POA470CAB5,EMP14737762,VNDEB6F8ED3,Approved,7458.18,6770.25,High,2024-05-01,2024-05-05,2024-05-12,Equipment
PO08E09BC5,EMP9F6D0AFC,VNDF9F92F21,Approved,17380.3,19699.21,Normal,2024-12-31,2025-01-05,2025-01-14,Equipment
PO5B98E6F5,EMP82DC567F,VND44174C92,Approved,7336.0,7160.07,Normal,2024-11-30,2024-12-05,2024-12-30,Services
PO37EDD9A1,EMP61F2AB0D,VNDF7A9FFF9,Approved,32641.41,27717.23,Normal,2024-07-16,2024-07-21,2024-07-28,Equipment
POC127B9C5,EMPAEFE76F0,VNDF7742C98,Pending,37436.61,33943.41,Normal,2024-02-14,,,Office Supplies
PO8BDDF856,EMP30627B53,VND97FA9A66,Approved,36687.9,31197.23,Normal,2024-01-22,2024-01-27,2024-02-20,Raw Materials
PO7F802716,EMP035A1E31,VNDE3830203,Approved,37877.76,35264.46,Critical,2024-04-13,2024-04-14,2024-05-06,Components
PO5E22A8C1,EMP5F8E893F,VNDE4298A7B,Cancelled,21858.06,20727.43,Normal,2024-12-01,2024-12-03,,Services
PO131C81FB,EMP5FC4AA92,VNDCAE263CC,Approved,35711.05,41453.25,High,2024-04-02,2024-04-05,2024-04-27,Raw Materials
POCC4E0652,EMPFC393E6C,VND0D050C25,Approved,46033.42,39816.91,Normal,2024-11-25,2024-11-29,2024-12-14,Equipment
PO181677C3,EMP3121488C,VND27D705EA,Approved,28246.37,25215.96,Normal,2024-03-14,2024-03-19,2024-04-10,Raw Materials
PO662B3660,EMP24D2D209,VND221D1C44,Cancelled,31159.18,26216.21,Normal,2024-07-26,2024-07-28,,Services
PO8FB47181,EMP2475E2E0,VNDDA6D8C81,Approved,878.31,1006.62,Normal,2024-05-28,2024-06-02,2024-06-19,Services
POC94DA3BB,EMP99B3CE35,VNDF464A966,Approved,15047.99,16980.11,Normal,2024-11-05,2024-11-10,2024-12-09,Components
PO7A1E89CE,EMPC83DD88E,VND894C6368,Approved,55499.94,49298.13,High,2024-05-13,2024-05-18,2024-06-15,Services
PO1AA51192,EMPC5810F2B,VND411B979D,Approved,35364.38,40233.26,Normal,2024-05-11,2024-05-12,2024-06-03,Raw Materials
POA936CC49,EMP455DBAC7,VNDA6643FA7,Approved,15670.3,14472.35,Normal,2024-08-29,2024-09-03,2024-09-22,Raw Materials
PO571D4923,EMP2A7056E0,VNDAE27E9B6,Approved,15324.42,14569.72,High,2024-03-04,2024-03-08,2024-04-02,Services
POB637B78D,EMP0AE0E756,VND1FA33A03,Approved,19835.8,22925.49,High,2024-09-09,2024-09-12,2024-10-05,Equipment
PO130A0853,EMP090BC160,VND1199176D,Approved,38737.02,45372.82,Normal,2024-08-15,2024-08-18,2024-09-11,Office Supplies
POAE237891,EMP26F71132,VNDD95DB1B7,Cancelled,12887.85,12919.86,High,2024-11-09,2024-11-11,,Office Supplies
POA679322E,EMPA63F4E0B,VND616471F8,Approved,40736.14,40732.23,Normal,2024-08-26,2024-08-28,2024-09-21,Office Supplies
PO886B0570,EMPA6D83737,VND616471F8,Cancelled,19038.7,20522.15,Normal,2024-01-26,2024-01-28,,Services
PO34A4B13A,EMPA7C71B07,VNDF464A966,Approved,26802.37,27601.16,Normal,2024-04-24,2024-04-27,2024-05-15,Raw Materials
POC93E2AA4,EMP8D6FEFF7,VND6E96F23C,Approved,9998.64,10645.94,Normal,2024-12-03,2024-12-08,2024-12-24,Components
POE8633F5B,EMP2D22DD44,VND417BDCE6,Pending,22979.47,20721.09,Normal,2024-11-05,,,Components
PO3A79C01F,EMPD23C376B,VND5FE97D0B,Rejected,11427.0,13542.71,Normal,2024-09-20,2024-09-23,,Components
POEA1C2DF3,EMP182C49E8,VND0300765D,Approved,44395.67,42648.02,Normal,2024-08-03,2024-08-05,2024-08-27,Services
POD7FEC1D9,EMP8991F011,VNDE1A395FA,Approved,48708.01,46948.63,Normal,2024-09-10,2024-09-14,2024-09-25,Components
POD1103E57,EMP1F4F936E,VND020FD5AF,Approved,16269.71,17617.45,Critical,2024-05-18,2024-05-21,2024-06-02,Equipment
PO0E75D0B9,EMP620169C4,VND439CBBCF,Approved,17205.0,16560.3,Normal,2024-07-27,2024-07-31,2024-08-12,Office Supplies
PO3C7FFE02,EMP100AD4B2,VNDE6A4DD03,Approved,48333.0,44624.13,Critical,2024-10-16,2024-10-17,2024-10-24,Equipment
PO4DA8D4DE,EMP91E249B2,VNDF7742C98,Approved,21601.54,20531.99,High,2024-08-07,2024-08-08,2024-08-23,Services
POE9E32CF7,EMPFB5DF19F,VND672E91CF,Approved,24355.97,22993.79,High,2024-10-20,2024-10-24,2024-11-17,Raw Materials
POCAC2976D,EMPD9B0715B,VND2258ABB1,Pending,44150.66,37544.22,Normal,2024-01-18,,,Raw Materials
POA02D1C01,EMP94575E26,VND439CBBCF,Approved,13794.98,16657.57,Normal,2024-05-02,2024-05-06,2024-06-04,Services
PO794158C5,EMP7EEB1F50,VNDF549E284,Approved,41109.38,45752.24,Normal,2024-08-28,2024-08-30,2024-09-15,Raw Materials
POA228F581,EMPA6BC9482,VND37AB5C39,Approved,16592.89,14381.16,High,2024-03-02,2024-03-03,2024-03-20,Equipment
POAB198284,EMPE21ED350,VND4DC2D394,Approved,44845.87,42151.36,High,2024-08-22,2024-08-25,2024-09-07,Components
PO664A4FE1,EMP733AB9CD,VNDF9F92F21,Pending,33635.62,41140.77,Normal,2024-12-07,,,Office Supplies
PO93260DA8,EMPD4A22CED,VND4D8ED92A,Approved,30850.58,28981.37,Normal,2024-03-30,2024-04-01,2024-04-18,Raw Materials
PO2AD1BEF3,EMP0944F962,VND27CBAF37,Approved,36459.44,37007.46,Normal,2024-12-19,2024-12-23,2025-01-19,Office Supplies
PO9CE1E86E,EMP184C75E2,VND11B92497,Approved,29208.62,35532.07,Normal,2024-05-21,2024-05-23,2024-06-14,Equipment
PO7E81B9B4,EMP60098626,VND6E96F23C,Approved,27428.48,29112.85,High,2024-10-05,2024-10-09,2024-10-30,Equipment
POB50832EB,EMP4DF80BC6,VND2258ABB1,Approved,29327.61,31728.46,Normal,2024-10-21,2024-10-23,2024-10-28,Equipment
PO36EAC056,EMPB5B0C19D,VNDE6A4DD03,Approved,24546.75,20770.62,Normal,2024-11-11,2024-11-12,2024-12-10,Equipment
PO0109B424,EMPBC2138C9,VND190C8D31,Approved,1225.43,1253.42,High,2024-01-20,2024-01-21,2024-01-29,Equipment
PO74FE29B0,EMPFFD0FA4C,VND5FE97D0B,Approved,24021.14,22206.74,High,2024-09-20,2024-09-21,2024-09-30,Components
POF309A6DC,EMP6E957308,VND4EA7F305,Approved,16202.55,15492.87,Critical,2024-12-09,2024-12-14,2024-12-25,Equipment
PO3CF9F14A,EMP7CA67B26,VND8539FA55,Approved,12813.03,13648.22,Normal,2024-10-06,2024-10-11,2024-11-08,Office Supplies
PO995D147B,EMP4067C9E1,VND1A32B030,Approved,19838.51,23333.23,Normal,2024-01-12,2024-01-17,2024-01-31,Components
PO1E723E46,EMP72AD071D,VND154E8965,Approved,3686.0,3733.87,High,2024-05-07,2024-05-11,2024-06-05,Equipment
POD15F0ED8,EMPB3FCC944,VND23FDC749,Approved,10527.36,10384.57,Critical,2024-02-13,2024-02-15,2024-02-21,Office Supplies
POEF48F48D,EMPB66C82B1,VNDC995E3B7,Approved,23194.56,23593.55,Normal,2024-11-11,2024-11-15,2024-11-28,Equipment
POADA2E329,EMP47F34106,VND22E4CBF8,Approved,18612.79,20701.85,Normal,2024-09-20,2024-09-24,2024-10-16,Office Supplies
PO27043698,EMP76B4B421,VND1DF449E3,Approved,16576.9,17631.36,Normal,2024-08-15,2024-08-19,2024-09-10,Equipment
POF5C40AED,EMP456D5269,VND7B8206C3,Approved,44207.8,43582.97,Critical,2024-04-19,2024-04-21,2024-05-21,Services
PO369599EE,EMPB7A09EB6,VND6B54C68D,Cancelled,5656.22,4812.79,High,2024-04-08,2024-04-11,,Raw Materials
PO929DB3F3,EMP79DF40E0,VND27D705EA,Approved,12021.38,14408.8,Normal,2024-12-13,2024-12-18,2025-01-14,Office Supplies
PO62E1225B,EMPAA1F1867,VND616471F8,Cancelled,38079.55,38050.96,High,2024-10-15,2024-10-16,,Equipment
PO18B54040,EMP44C255CD,VND7B8206C3,Cancelled,44762.89,39269.49,Normal,2024-11-14,2024-11-15,,Equipment
POF89319A7,EMP2C548064,VND4706504E,Pending,52760.36,48112.42,Critical,2024-03-14,,,Raw Materials
PO10B92C0A,EMP87CDE385,VND4706504E,Approved,19731.71,19819.81,Normal,2024-11-17,2024-11-20,2024-11-27,Office Supplies
PO5EB85EB8,EMPC0F6480F,VND49FA8EB1,Approved,47975.99,45670.28,Normal,2024-11-09,2024-11-11,2024-12-08,Office Supplies
PODCB3D983,EMP8EDA3371,VND11B92497,Approved,21607.08,24812.62,High,2024-09-29,2024-10-04,2024-10-28,Components
PO00ECEF8C,EMPB1E0010A,VNDC995E3B7,Approved,43298.47,37129.94,High,2024-06-07,2024-06-09,2024-06-27,Services
POADC8841D,EMPC71943B8,VNDF545674F,Approved,939.43,891.5,Normal,2024-07-31,2024-08-04,2024-08-12,Equipment
POABD13337,EMPB924478F,VNDF7742C98,Approved,17359.89,20915.5,Critical,2024-04-07,2024-04-10,2024-05-08,Raw Materials
PO64F4C222,EMPA287E415,VND190C8D31,Approved,3748.43,3947.12,Critical,2024-09-29,2024-10-02,2024-10-22,Raw Materials
POA4128DAE,EMPC1224921,VNDE1A395FA,Approved,21682.75,25736.65,Normal,2024-08-21,2024-08-23,2024-08-31,Equipment
POD9573512,EMP0E499AEB,VNDE1A395FA,Approved,30723.28,28402.83,Normal,2024-09-19,2024-09-21,2024-10-14,Services
POF21B9354,EMP14058C8C,VND894C6368,Approved,30811.91,34082.33,Normal,2024-04-29,2024-05-01,2024-05-12,Office Supplies
PO0FD44628,EMPCC91367C,VNDD95DB1B7,Pending,37135.37,41705.67,Normal,2024-09-08,,,Equipment
POD91AE465,EMPD7A049E5,VND2D25DD42,Rejected,2201.63,2474.21,High,2024-03-02,2024-03-03,,Components
PO8029A3C1,EMP1D2E57BC,VND389A891A,Approved,44653.3,45234.08,Normal,2024-02-12,2024-02-17,2024-03-07,Equipment
POA091AEA6,EMPA670EA37,VND6F35B3AD,Rejected,35341.81,30211.67,Critical,2024-11-21,2024-11-24,,Components
PO3A066F35,EMPED36C61F,VND5FBBF7E5,Approved,19763.02,20175.41,Normal,2024-09-17,2024-09-21,2024-10-09,Components
PO1BF72082,EMPE5063390,VNDF7742C98,Pending,21362.65,21500.62,Normal,2024-01-19,,,Equipment
POD70B81E1,EMPABB2D435,VND0A251297,Approved,49688.12,43874.21,Normal,2024-09-29,2024-10-04,2024-10-17,Equipment
PO9460E7CE,EMP10C370CA,VNDB1228DD8,Pending,14051.68,13175.97,High,2024-12-28,,,Components
PO5292BAA7,EMP9D7F323B,VND38095B8C,Approved,14706.37,12998.79,Normal,2024-08-15,2024-08-20,2024-09-05,Services
PO0A4C7DA2,EMPBAC292EF,VNDE3830203,Approved,4956.21,4926.43,Normal,2024-10-15,2024-10-19,2024-11-15,Office Supplies
PO566DB6F3,EMP1C839343,VNDE4298A7B,Approved,30499.89,32474.81,Normal,2024-11-23,2024-11-25,2024-12-09,Components
PO7E1FA051,EMP3592A14A,VND4706504E,Pending,46313.61,42603.44,Normal,2024-02-25,,,Services
POB4EC87A5,EMP4D5EAB77,VND768A7583,Approved,34415.37,34223.18,High,2024-03-16,2024-03-21,2024-04-17,Components
POD871B317,EMPFCC31417,VND07A84740,Approved,22596.15,25104.9,High,2024-12-02,2024-12-04,2024-12-15,Raw Materials
PO2D685110,EMP21538385,VND448E4836,Approved,9649.21,11444.67,Critical,2024-11-01,2024-11-03,2024-11-10,Equipment
PO74BB5421,EMP0D605F51,VND76746C6A,Approved,13477.62,12096.28,Normal,2024-12-25,2024-12-30,2025-01-16,Services
PO2CA617DC,EMP0617BC09,VNDCDB882C0,Rejected,33517.15,31396.9,Normal,2024-10-21,2024-10-23,,Equipment
POB1FFD33E,EMP3FD8D44C,VND9DFC7925,Approved,50650.74,49190.71,High,2024-03-25,2024-03-28,2024-04-08,Services
PO4047494C,EMPD672959D,VND29251C8F,Approved,48340.04,49709.83,Normal,2024-06-21,2024-06-25,2024-07-06,Office Supplies
PO33AD556D,EMP65BA8365,VNDC4060F12,Approved,31096.87,27995.34,Normal,2024-07-25,2024-07-26,2024-08-03,Office Supplies
PO2FD0911D,EMP7459B62E,VND62396BAB,Pending,9987.32,9333.6,Normal,2024-01-14,,,Equipment
PO4CCD594C,EMPEB26DE42,VND44174C92,Rejected,15757.68,19685.54,Normal,2024-11-30,2024-12-02,,Raw Materials
PO491FA978,EMPBC6C22AC,VND6B54C68D,Pending,10805.62,9881.3,Normal,2024-11-03,,,Services
POBD045185,EMP87D6438A,VNDE6156EFE,Approved,30215.58,37280.62,Normal,2024-03-09,2024-03-12,2024-03-22,Office Supplies
PO6D5339AA,EMP8F4ECD2C,VND79774EB1,Pending,14358.0,16829.47,Normal,2024-02-07,,,Components
PO36F169D6,EMP4DA33EAB,VND0A251297,Approved,42212.11,35199.95,High,2024-10-04,2024-10-07,2024-11-02,Equipment
PO64B31110,EMP4855A4E0,VND365E2FC5,Approved,3309.05,2815.46,Normal,2024-11-11,2024-11-13,2024-12-11,Office Supplies
POAB6EC8CF,EMP56E8767C,VND2094DBBC,Rejected,2365.06,2948.6,Normal,2024-12-13,2024-12-14,,Office Supplies
PO763F90A7,EMP56AE1152,VND97E5802F,Approved,17015.09,15258.51,Normal,2024-04-13,2024-04-15,2024-05-12,Services
POF258B9FD,EMPB58AE5B3,VNDF10E17A7,Approved,10084.19,10152.68,Normal,2024-03-22,2024-03-24,2024-04-21,Services
PO72AC2735,EMP82460A1E,VND1C52ED63,Approved,36135.12,43980.83,Normal,2024-01-25,2024-01-30,2024-02-20,Equipment
POA41BD0EA,EMP9E9E7AF7,VNDAE27E9B6,Approved,19405.83,24242.49,Critical,2024-01-17,2024-01-19,2024-02-15,Equipment
POB4474A90,EMP5A5BB792,VNDD6D686D6,Pending,48046.29,49683.37,Normal,2024-11-23,,,Services
PO36FC15FB,EMP027A660B,VND7DD7F0E9,Rejected,25534.03,24698.99,Normal,2024-06-02,2024-06-04,,Components
PO9452EBEC,EMP02B50B0C,VND49FA8EB1,Approved,7188.35,7060.88,Normal,2024-03-25,2024-03-27,2024-04-22,Components
PO272BA9F7,EMPB1258C15,VND2D25DD42,Approved,20457.02,21536.71,Normal,2024-10-27,2024-10-31,2024-11-05,Equipment
PO179CC8B6,EMP765BDFA0,VND894C6368,Approved,35055.74,39545.53,Normal,2024-02-23,2024-02-24,2024-03-03,Raw Materials
POF630DDAD,EMP3FA4F6ED,VNDA74DADEC,Approved,8665.67,7845.43,Normal,2024-05-15,2024-05-20,2024-05-26,Services
POEF88761B,EMPE96E3FA1,VNDE1A395FA,Approved,32237.06,37963.44,Normal,2024-09-19,2024-09-23,2024-10-07,Components
PO3EFE84C8,EMP3AC9CAA9,VND190C8D31,Approved,42432.56,42172.01,High,2024-09-29,2024-10-04,2024-11-01,Raw Materials
PO45C896F6,EMP6FE07559,VNDB1228DD8,Approved,32116.04,37223.91,High,2024-02-11,2024-02-13,2024-03-04,Services
POAF70AC81,EMPADCDB359,VND109E5C6F,Approved,10110.74,11071.27,Critical,2024-03-25,2024-03-30,2024-04-09,Components
POF45E338D,EMP5ED24F8E,VND7254F792,Approved,10370.94,12753.0,High,2024-02-16,2024-02-21,2024-03-21,Components
PO52859EBE,EMP2841F8A0,VND3B5BB0BC,Approved,47367.67,44654.64,High,2024-10-18,2024-10-19,2024-11-15,Raw Materials
POE392A0AE,EMPE6192F5D,VND17D7E4DC,Approved,24695.61,24639.08,Normal,2024-08-22,2024-08-24,2024-09-05,Components
PO785334D6,EMP2431BDF8,VND0D050C25,Approved,25963.2,21838.48,Normal,2024-04-21,2024-04-22,2024-04-29,Raw Materials
POC65E2F33,EMP0FD5177D,VND4F7B00FC,Cancelled,17578.06,20249.25,Critical,2024-03-06,2024-03-08,,Office Supplies
PO5EBE1BDC,EMP1301F8FA,VNDD74D095B,Rejected,31340.67,31173.87,Normal,2024-07-09,2024-07-12,,Services
POCD4385CC,EMP2DC23057,VND62396BAB,Rejected,6053.03,6334.99,Normal,2024-12-19,2024-12-21,,Equipment
POC4B22AAE,EMP044DE662,VND6E96F23C,Approved,6804.97,7663.07,Normal,2024-09-15,2024-09-17,2024-10-08,Components
PO995A25B9,EMPD40CAFC0,VNDF7A9FFF9,Approved,55669.74,46740.97,High,2024-08-09,2024-08-14,2024-09-08,Services
POF655AE6B,EMP3258DDDB,VND8539FA55,Approved,40793.24,36095.89,Critical,2024-07-21,2024-07-25,2024-08-19,Services
POD3BEE579,EMP74EC5A62,VND1199176D,Approved,19185.59,19136.5,High,2024-10-11,2024-10-16,2024-10-22,Office Supplies
POF6C6CD14,EMP32E5B1CA,VND5FE97D0B,Approved,20137.42,17762.06,Normal,2024-07-18,2024-07-23,2024-08-20,Equipment
PO3FCC7D85,EMP7E589788,VND4EDF116C,Approved,10045.51,9838.39,High,2024-04-17,2024-04-19,2024-05-01,Raw Materials
PO57DB0E39,EMPC6EC928A,VND3B5BB0BC,Rejected,26858.17,28597.8,Normal,2024-12-05,2024-12-07,,Services
PO7AD0B6F7,EMP5895237F,VND63A70F54,Approved,17155.73,15876.41,Normal,2024-07-31,2024-08-01,2024-08-12,Components
PO1DC4C038,EMPAE20DBEC,VND0CE75C53,Pending,22036.82,18652.38,Normal,2024-06-22,,,Equipment
PO7D63663E,EMP90114C6C,VNDF981F27F,Approved,5415.48,5940.11,Normal,2024-04-08,2024-04-13,2024-04-29,Raw Materials
PO8EC7BBA2,EMP8EF8D52C,VND07A84740,Approved,21174.35,18254.21,Critical,2024-11-29,2024-12-01,2024-12-20,Services
PO73CF2E1C,EMPEDD5B94C,VND17D7E4DC,Approved,40850.29,37024.94,High,2024-04-04,2024-04-08,2024-04-17,Equipment
POFC2B9839,EMP5434FA9A,VND49098C56,Approved,41721.28,39803.37,Normal,2024-05-19,2024-05-22,2024-06-12,Raw Materials
PO2943E5D5,EMP61B2BF34,VNDA74DADEC,Pending,11231.12,10184.77,Normal,2024-05-15,,,Raw Materials
PODAFDCE5C,EMP766B328B,VND6B54C68D,Approved,24650.01,25971.28,High,2024-02-24,2024-02-25,2024-03-10,Equipment
PO33532FD2,EMP2AA48E66,VND859AA544,Approved,37846.12,32983.73,Normal,2024-10-23,2024-10-25,2024-11-07,Raw Materials
PO1F8AF4C5,EMP2A20BF25,VND6F35B3AD,Approved,37294.39,33361.2,Normal,2024-09-25,2024-09-28,2024-10-18,Office Supplies
PO508DE605,EMP0A1F70AD,VND07A84740,Approved,1259.48,1131.21,Normal,2024-09-10,2024-09-12,2024-10-11,Office Supplies
PO2AF53584,EMP8307D934,VNDE05F71D7,Approved,40061.72,36389.41,Normal,2024-03-30,2024-04-04,2024-04-15,Raw Materials
PODF2F8178,EMP748D225A,VND8539FA55,Approved,8177.71,8189.13,Normal,2024-09-19,2024-09-22,2024-10-04,Services
PO348A155E,EMP527438E7,VND9E3DBA67,Pending,53508.76,45765.45,Critical,2024-12-04,,,Raw Materials
PO0EE39FBC,EMP2AE888C3,VND17D7E4DC,Approved,8372.63,7226.88,Normal,2024-12-12,2024-12-17,2025-01-03,Services
PO4EC0345F,EMPC553E61C,VND048CF2D5,Approved,13961.94,13448.76,Critical,2024-12-28,2024-12-31,2025-01-11,Services
POBB205C18,EMP69B9C63E,VND29251C8F,Approved,29781.04,31592.56,Normal,2024-05-28,2024-05-29,2024-06-06,Services
PO09BED315,EMP33E1FF10,VND7E4DB750,Approved,12201.46,10774.33,Normal,2024-05-08,2024-05-12,2024-05-21,Raw Materials
POFEC79768,EMPC8F56419,VNDAB26D618,Pending,29246.35,32390.93,Normal,2024-02-23,,,Equipment
POCF818C75,EMPF3E99828,VNDA68A83A5,Approved,54124.53,48856.26,Normal,2024-02-08,2024-02-10,2024-03-05,Components
POE9496752,EMP213A8030,VNDE13413E5,Approved,14934.19,14488.8,Normal,2024-10-20,2024-10-23,2024-11-18,Services
PO459BE946,EMPDC2CDE4F,VND3FC620C0,Approved,41898.07,46444.4,High,2024-03-13,2024-03-18,2024-03-29,Components
POB2E8CBB9,EMPD2136E5A,VNDE4298A7B,Approved,2944.58,3440.6,Normal,2024-04-20,2024-04-25,2024-05-12,Equipment
PO0FAFD04D,EMP9FC51148,VND7B4F5D31,Rejected,5189.42,4725.06,Normal,2024-06-27,2024-06-29,,Components
POA9EBAA65,EMPA445A58F,VND139B2EB5,Approved,10647.97,10192.21,Normal,2024-12-11,2024-12-16,2024-12-25,Services
PO433005EA,EMP8C62194E,VND8C1D087C,Approved,38171.39,35335.28,Normal,2024-08-09,2024-08-11,2024-08-31,Components
PO057A8B9D,EMPD5F65391,VND1306F6E1,Cancelled,13959.12,14071.52,Normal,2024-11-23,2024-11-26,,Raw Materials
POAA467FD9,EMP17D6E224,VNDB3180A0E,Approved,48606.74,43879.56,Normal,2024-09-29,2024-10-04,2024-10-09,Office Supplies
PO43F2012C,EMPDF882D61,VND768A7583,Approved,7271.01,8168.6,Normal,2024-05-20,2024-05-24,2024-06-18,Office Supplies
PO38DCD29D,EMPD4BAF54A,VND365E2FC5,Approved,10389.11,9157.71,Critical,2024-07-27,2024-08-01,2024-08-10,Components
POD6ABA535,EMP6F8FD96D,VND650A3AAA,Approved,41198.93,45445.98,Critical,2024-04-24,2024-04-26,2024-05-13,Office Supplies
PO8286A881,EMP21538385,VNDE1A395FA,Approved,31770.31,27044.29,Normal,2024-07-08,2024-07-12,2024-08-02,Raw Materials
POEA478034,EMP0FFD1DCD,VND07F575C8,Pending,14895.49,13357.31,Normal,2024-11-04,,,Services
PO9F709243,EMP6CF7A8FA,VND9DFC7925,Approved,31143.57,27590.6,Normal,2024-08-20,2024-08-23,2024-09-17,Raw Materials
POD29CA758,EMP7D16F9AE,VNDAADD0D4D,Pending,18532.22,20068.3,Normal,2024-10-27,,,Office Supplies
PO6F06699B,EMP2BF637C0,VND048CF2D5,Approved,11549.6,12633.04,Normal,2024-09-15,2024-09-16,2024-10-05,Office Supplies
PO102B1D72,EMP74EDE9A6,VND1A32B030,Approved,31211.8,37030.89,Normal,2024-07-21,2024-07-26,2024-08-04,Office Supplies
PODA64E956,EMP5C31F4F7,VND2986F777,Approved,3170.61,3708.38,Normal,2024-08-26,2024-08-27,2024-09-02,Components
PO471070B9,EMPE8D6FF50,VND57CA31A1,Rejected,49581.14,48039.81,Normal,2024-03-09,2024-03-12,,Equipment
POEE1CC407,EMPA6F23BF9,VNDC73A3BD4,Approved,1747.83,1528.91,High,2024-06-25,2024-06-29,2024-07-15,Components
PO132033ED,EMP72480DD8,VNDF464A966,Approved,11707.25,14084.47,High,2024-12-11,2024-12-15,2024-12-23,Office Supplies
POAC7E3729,EMPEF41F45D,VND220F792F,Pending,19780.11,21440.87,Normal,2024-11-18,,,Equipment
POC0D556CA,EMPED3B2003,VNDF981F27F,Rejected,32292.79,38263.94,High,2024-02-11,2024-02-13,,Equipment
POCAFCA92B,EMPEE444C85,VND4EDF116C,Approved,3352.0,4128.96,Normal,2024-10-19,2024-10-21,2024-11-14,Office Supplies
PO771BA3DC,EMP30C23BCA,VNDF981F27F,Pending,29325.06,27247.19,High,2024-12-20,,,Components
PO421DC23D,EMPB1CDEE0C,VNDA6643FA7,Approved,36770.4,37059.68,Normal,2024-10-17,2024-10-21,2024-11-01,Services
PO18F64D31,EMPB45E1902,VNDA6643FA7,Approved,11587.85,12733.2,Normal,2024-07-02,2024-07-05,2024-07-24,Equipment
PO0AD7AFC6,EMP81268E37,VND3B5BB0BC,Approved,6616.74,6220.25,Normal,2024-05-02,2024-05-03,2024-05-23,Office Supplies
POEE5B63E0,EMP4E740708,VND7290C297,Approved,4700.9,5331.97,Normal,2024-02-28,2024-02-29,2024-03-18,Equipment
PO7BD7B298,EMP07B54386,VND4A2B2E76,Approved,37446.42,46736.76,Normal,2024-10-23,2024-10-26,2024-11-14,Components
PO1C29375C,EMP3825AC07,VNDFDC347F6,Pending,16819.99,18008.04,Normal,2024-05-03,,,Services
POB06BBF43,EMP043A094B,VND76746C6A,Approved,36706.63,42349.64,Normal,2024-12-29,2025-01-01,2025-01-20,Office Supplies
PO1871A573,EMPE8AC7FDE,VND37AB5C39,Rejected,19458.08,22840.53,Normal,2024-03-15,2024-03-17,,Office Supplies
PO639FEEE1,EMP5B14C190,VND2D25DD42,Approved,24534.75,27907.86,High,2024-10-27,2024-10-30,2024-11-09,Office Supplies
PO0E25F44B,EMP64F8D3A0,VND8E10A670,Pending,46257.32,47324.66,Normal,2024-05-27,,,Services
POA4E37476,EMP2B801C04,VND0300765D,Approved,33508.82,31368.83,Normal,2024-10-18,2024-10-23,2024-11-17,Office Supplies
PO603126C1,EMP44FA931E,VND417BDCE6,Approved,6163.18,6027.04,Normal,2024-06-12,2024-06-14,2024-07-06,Components
PO8AC6C332,EMP78C95750,VND4A2B2E76,Approved,1555.1,1336.84,Normal,2024-08-12,2024-08-15,2024-09-14,Equipment
PO76A165E8,EMPD5429396,VND6121FB48,Rejected,3254.12,2859.77,Normal,2024-05-07,2024-05-10,,Raw Materials
POE662C4C4,EMPDBDFE0D9,VND96325CEF,Approved,37482.31,32115.9,Normal,2024-08-10,2024-08-15,2024-08-25,Raw Materials
PO71FF5F36,EMP5B23FB31,VND9E3DBA67,Approved,8512.15,10526.49,High,2024-09-27,2024-09-30,2024-10-27,Raw Materials
PO21D9434A,EMP825F0D3B,VNDF464A966,Approved,25304.15,26434.02,High,2024-12-30,2025-01-01,2025-01-29,Equipment
PO180CA8F4,EMP5D0F2C88,VND49FA8EB1,Pending,20162.14,19011.19,Normal,2024-11-21,,,Office Supplies
POD8577604,EMP59C516FF,VND590E7C93,Approved,27783.93,26333.82,Normal,2024-05-12,2024-05-14,2024-05-25,Raw Materials
PO5A13FA9E,EMP01E68FF8,VND3FC620C0,Approved,52462.14,48372.5,Normal,2024-07-25,2024-07-29,2024-08-10,Equipment
POF774D218,EMP1C9434CE,VND109E5C6F,Pending,5602.22,6513.19,Normal,2024-01-03,,,Office Supplies
PO5538943E,EMP5FB67DFF,VND67D32B2F,Approved,46849.86,40378.74,Normal,2024-05-15,2024-05-16,2024-06-01,Components
PO54AD0F85,EMP0C906274,VND07A84740,Approved,41817.62,43777.07,Normal,2024-03-08,2024-03-13,2024-04-04,Components
PO8198F833,EMP5B4535C0,VND6E96F23C,Approved,57740.7,49767.9,High,2024-03-13,2024-03-18,2024-04-03,Services
POEBCF97C9,EMP83DE7A3E,VND76F0F0E0,Approved,12060.97,12134.1,Critical,2024-03-02,2024-03-07,2024-04-02,Office Supplies
PO25A96F28,EMP1D07949D,VND3D2A9A3A,Pending,9434.29,8399.38,High,2024-08-29,,,Components
PO1FDB9529,EMP4C108F06,VNDCE923A65,Pending,1413.52,1666.14,High,2024-08-11,,,Components
PODBD2D491,EMP31B2EA90,VNDB520DAB7,Approved,31629.16,32552.52,High,2024-06-13,2024-06-14,2024-07-01,Services
PO67622DD5,EMPF0E3528B,VNDDFDF8860,Approved,6495.02,5862.4,Normal,2024-05-25,2024-05-29,2024-06-21,Raw Materials
PO38A5DC3B,EMP78C0BBDC,VNDCAE263CC,Pending,54003.05,47845.41,Critical,2024-03-02,,,Components
POA4A9ADEA,EMP6915E31E,VNDA402B738,Approved,7714.87,8292.11,Normal,2024-04-29,2024-05-03,2024-05-21,Raw Materials
PO087C5E55,EMP5B2982C0,VND020FD5AF,Approved,38361.88,40087.63,Normal,2024-07-13,2024-07-16,2024-08-01,Raw Materials
POA7ED7AA1,EMPEB98F83F,VND2986F777,Approved,27501.23,24531.49,Normal,2024-04-10,2024-04-11,2024-04-27,Office Supplies
PO615FD038,EMP5285F90C,VND49FA8EB1,Approved,5628.42,5672.47,Critical,2024-05-23,2024-05-24,2024-06-13,Office Supplies
PO04EA16A9,EMP402B510B,VND1306F6E1,Approved,26614.83,32576.48,Normal,2024-02-15,2024-02-19,2024-03-03,Components
PO244E79D0,EMPEEAC17CD,VND3A746CBD,Approved,25911.14,22302.93,High,2024-02-27,2024-03-03,2024-03-13,Services
POA2E0C1D6,EMPCAD9D0B3,VND7254F792,Approved,32660.73,37476.62,Normal,2024-07-05,2024-07-07,2024-08-01,Raw Materials
POE0086832,EMP5DCEA1AA,VNDE05F71D7,Rejected,7656.73,9569.4,High,2024-03-24,2024-03-27,,Raw Materials
POB259A2E8,EMP59525083,VND1199176D,Cancelled,23988.31,20198.62,Normal,2024-12-15,2024-12-16,,Components
PO460CF1A1,EMPA024946D,VND2FE40F33,Approved,30981.6,38357.08,High,2024-02-29,2024-03-05,2024-03-18,Raw Materials
PO47E4C61A,EMP6C941706,VNDF464A966,Approved,8156.83,8849.01,Critical,2024-09-18,2024-09-20,2024-10-05,Equipment
PO2242576E,EMPE889833F,VND139B2EB5,Approved,4385.67,4145.04,Normal,2024-04-01,2024-04-03,2024-05-03,Raw Materials
POB40D61FF,EMP7C3AC06B,VND590E7C93,Rejected,3510.22,3882.42,Normal,2024-10-23,2024-10-24,,Raw Materials
PO3F654B48,EMPAA50BA0D,VND97FA9A66,Approved,45999.75,40290.87,Normal,2024-11-29,2024-12-02,2024-12-31,Raw Materials
PO7F165CC9,EMPB9E32ED5,VND1DF7F1DC,Approved,14102.08,15750.45,High,2024-09-07,2024-09-09,2024-09-16,Components
PO32759A90,EMPAC4F2E7E,VND1C52ED63,Approved,7311.88,7058.77,Critical,2024-12-16,2024-12-20,2025-01-17,Office Supplies
PO6DFAF9DA,EMP90483345,VNDB8A208B5,Pending,5393.68,6147.6,Normal,2024-12-02,,,Components
PO37CCF6E1,EMPAA827437,VND3A80813D,Approved,23358.92,25812.4,Normal,2024-09-08,2024-09-13,2024-09-29,Equipment
POA374D13E,EMP2BA639F8,VND44174C92,Approved,9944.91,9642.3,High,2024-11-23,2024-11-25,2024-12-21,Raw Materials
PO9CA5E0F5,EMPEF49DE86,VNDC4060F12,Approved,719.85,632.7,Normal,2024-06-02,2024-06-04,2024-06-09,Equipment
POA407F774,EMP73D7762A,VND6C887C82,Approved,5633.71,6045.46,Critical,2024-04-26,2024-05-01,2024-05-11,Components
POFC78BDEC,EMP86C823C0,VND9724A5FF,Rejected,19632.07,21047.68,High,2024-04-18,2024-04-19,,Raw Materials
PO2126C520,EMP80D88ED4,VND03F2A471,Approved,13695.94,14798.28,Normal,2024-06-24,2024-06-27,2024-07-08,Components
PO910D4887,EMPC2A69216,VND0CE75C53,Approved,40784.46,37416.43,High,2024-08-05,2024-08-08,2024-08-20,Services
POA3108EF6,EMP1A1650BB,VND75832916,Approved,30713.06,30949.33,Normal,2024-01-04,2024-01-07,2024-01-30,Components
POE9E5CC39,EMPB3A25B98,VNDF9F92F21,Approved,52834.0,49233.72,Normal,2024-09-03,2024-09-08,2024-09-27,Raw Materials
PO2BD35941,EMP6BF71DB0,VND8BC82E76,Pending,19974.95,20565.86,Critical,2024-12-05,,,Equipment
POBC800452,EMP7301CC41,VND2094DBBC,Cancelled,29892.14,27398.36,Normal,2024-06-02,2024-06-05,,Components
PO51690DFE,EMPF31D457D,VND23FDC749,Rejected,20327.59,17167.43,High,2024-11-09,2024-11-10,,Office Supplies
PO27681B5B,EMP87D6438A,VND4DC2D394,Approved,31813.26,39758.36,Critical,2024-07-15,2024-07-19,2024-07-24,Raw Materials
PO72C84DB8,EMP3E27FCF5,VND768A7583,Rejected,48389.24,47079.34,Normal,2024-09-03,2024-09-06,,Components
PO97C6C9A0,EMP3C87ECE7,VND6917D5FA,Approved,23945.08,29765.92,Normal,2024-02-09,2024-02-11,2024-03-03,Components
POE361D42D,EMP2E5BFEDF,VND616471F8,Approved,14235.39,13867.12,Normal,2024-04-05,2024-04-08,2024-04-19,Services
PODA06F341,EMP20773E59,VND35CDCFF0,Approved,45239.97,42482.84,Normal,2024-07-31,2024-08-03,2024-08-30,Components
PO52819BEC,EMPB483403F,VND507751E2,Rejected,43647.72,40332.67,Normal,2024-03-21,2024-03-22,,Services
PO9CBEF5EE,EMPEC6ACC31,VND4A2B2E76,Approved,6623.83,6298.71,Normal,2024-07-22,2024-07-27,2024-08-23,Equipment
POA670F7DC,EMPAB39CA24,VNDCE923A65,Approved,3976.31,4001.74,High,2024-07-07,2024-07-08,2024-07-22,Equipment
PO05F45945,EMP70EE8D4B,VND616471F8,Approved,19681.27,19069.93,High,2024-08-21,2024-08-24,2024-09-02,Services
PO132EE9A1,EMP4BEC007C,VND80A0A536,Approved,4099.16,3542.44,Critical,2024-04-26,2024-04-28,2024-05-04,Raw Materials
PO43405B89,EMP4443FCA9,VNDAB26D618,Approved,31138.18,37617.71,High,2024-05-11,2024-05-12,2024-06-09,Equipment
POBED2AF7E,EMP0C56AC78,VND1306F6E1,Pending,49709.16,44916.09,Normal,2024-03-15,,,Components
POADB3CBF3,EMPD493BF11,VNDA74DADEC,Approved,52070.13,46585.96,Normal,2024-06-04,2024-06-06,2024-07-06,Components
PO2599C895,EMP8E3EF22E,VNDDA6D8C81,Approved,35811.73,31650.07,Normal,2024-05-06,2024-05-10,2024-05-22,Office Supplies
PO1BB378D7,EMPA231B3AD,VND6ACF147A,Approved,18359.07,22540.89,High,2024-08-06,2024-08-10,2024-09-01,Services
PO914F1966,EMP36BE2E3F,VND8539FA55,Approved,7794.98,6680.92,High,2024-04-13,2024-04-18,2024-04-30,Raw Materials
PO722D4099,EMPF0FDC18F,VND62396BAB,Approved,4623.35,3929.05,Normal,2024-03-19,2024-03-21,2024-04-02,Office Supplies
POB4377D4D,EMP42F5855C,VND88584A44,Approved,3035.69,3765.0,Normal,2024-01-31,2024-02-01,2024-02-22,Raw Materials
PO8DC1D845,EMP499257D3,VND590E7C93,Approved,3873.51,3608.52,Normal,2024-04-03,2024-04-05,2024-04-27,Office Supplies
PO0A60A5D5,EMP577248AC,VNDF5F231C0,Pending,34214.04,30162.08,Normal,2024-08-12,,,Equipment
POFA024B68,EMP72ACC316,VNDE6156EFE,Approved,41156.7,44296.3,Normal,2024-12-22,2024-12-25,2025-01-07,Office Supplies
POB62F9215,EMP96CB256E,VNDF10E17A7,Pending,604.49,556.89,Normal,2024-12-16,,,Services
PO7A026477,EMP0EAB4187,VND221D1C44,Approved,24352.79,24230.61,Normal,2024-09-24,2024-09-27,2024-10-19,Raw Materials
PO200F458A,EMP53080351,VNDBC15E50D,Approved,6388.82,5439.88,Normal,2024-07-20,2024-07-25,2024-08-21,Services
POF425FD49,EMPEA98589B,VND109E5C6F,Approved,4905.23,4474.72,High,2024-06-15,2024-06-19,2024-07-07,Raw Materials
PO41D11AAF,EMPC8460B6E,VND57CA31A1,Approved,12197.06,13408.49,Normal,2024-03-29,2024-03-31,2024-04-20,Services
POB4379C9E,EMP0BA5B0CD,VNDE6156EFE,Rejected,955.65,1058.0,Critical,2024-04-21,2024-04-24,,Services
POF3C2412D,EMP01029873,VND8BC82E76,Approved,19981.58,19905.73,Normal,2024-10-05,2024-10-10,2024-11-05,Components
PO14789623,EMP3587A720,VND768A7583,Approved,27180.97,23325.27,Normal,2024-05-23,2024-05-25,2024-06-07,Equipment
POE5BC0F61,EMP2287E50B,VND66028154,Approved,26080.29,27590.13,Normal,2024-08-15,2024-08-19,2024-08-31,Raw Materials
PO39A7774B,EMP9801E098,VND8539FA55,Approved,16698.28,15397.12,High,2024-10-03,2024-10-05,2024-10-30,Equipment
PO4141ECEB,EMPE31803AE,VND768A7583,Approved,32019.39,32149.03,Normal,2024-08-12,2024-08-14,2024-08-29,Equipment
POEEA8C431,EMPC68BFCD6,VND7DD7F0E9,Approved,25380.16,30342.37,Normal,2024-09-13,2024-09-16,2024-10-07,Services
POB97D3581,EMP794A5CAC,VND7B8206C3,Approved,12168.78,14123.72,Normal,2024-04-26,2024-04-30,2024-05-10,Office Supplies
PO0C217765,EMP3D69A2DF,VNDA957A7D0,Rejected,33633.56,32251.83,Normal,2024-11-02,2024-11-05,,Raw Materials
PO9C0DA515,EMPAC3450F6,VND4520F17A,Approved,21825.36,26081.84,Normal,2024-09-04,2024-09-08,2024-09-15,Components
PO0A186456,EMP2BF6B8DB,VNDB8A208B5,Rejected,33050.04,34986.13,Normal,2024-03-16,2024-03-19,,Raw Materials
PO68FA3EC5,EMP34B83D72,VND111F855A,Approved,14411.22,13191.02,Critical,2024-08-03,2024-08-06,2024-08-17,Office Supplies
POBD039DAF,EMPDE9FF70E,VND36436386,Approved,10655.85,10350.93,Critical,2024-12-04,2024-12-09,2025-01-02,Components
PO1C642551,EMPE9484189,VND18221D96,Approved,22807.67,28059.37,High,2024-09-18,2024-09-19,2024-09-27,Office Supplies
PO06B92488,EMP377C53D0,VND7254F792,Approved,6955.72,7198.64,Normal,2024-11-24,2024-11-27,2024-12-22,Services
PO8A6B4D09,EMPDED8493E,VND62396BAB,Approved,51083.05,42798.75,Normal,2024-05-06,2024-05-07,2024-05-20,Raw Materials
PO4289B96E,EMP016F4B7B,VND7DD7F0E9,Pending,18387.74,22318.55,Normal,2024-08-18,,,Components
PO401EAFE8,EMP8D7E2C01,VND34264845,Approved,24219.07,28676.34,Normal,2024-08-30,2024-09-02,2024-09-14,Equipment
POFF40262B,EMP22CD1083,VND6F35B3AD,Approved,30105.86,35257.97,Critical,2024-06-15,2024-06-20,2024-07-17,Office Supplies
PO678A94FC,EMPC9C35906,VND27CBAF37,Approved,15453.83,16460.29,Normal,2024-08-18,2024-08-21,2024-09-11,Office Supplies
POA89B7FA1,EMP023D7508,VND0CE75C53,Approved,33979.35,30458.76,High,2024-09-01,2024-09-05,2024-09-13,Raw Materials
PO4607C500,EMPC5C45BC9,VND1DF449E3,Approved,23311.23,24863.61,Normal,2024-07-23,2024-07-27,2024-08-23,Equipment
POD79178F0,EMPD5E03B1E,VND4EA7F305,Approved,14792.16,13033.2,High,2024-07-21,2024-07-25,2024-08-19,Raw Materials
PO0A2A3458,EMP9B89BF7F,VNDB1228DD8,Approved,4581.67,4090.13,Critical,2024-07-26,2024-07-30,2024-08-29,Equipment
PO22C51999,EMPBA831443,VNDF08F6829,Approved,34129.64,40412.49,Normal,2024-11-26,2024-11-27,2024-12-20,Components
POC10AF12D,EMPC51EE574,VND389A891A,Approved,47023.12,45406.18,Normal,2024-01-06,2024-01-08,2024-01-19,Equipment
POD8721291,EMP0CBD14C4,VND1199176D,Pending,39309.42,42914.98,Normal,2024-06-09,,,Services
PO31529236,EMP1323F567,VND10335071,Approved,19159.41,20026.93,Critical,2024-03-15,2024-03-20,2024-04-11,Raw Materials
PO5E18D702,EMP9383B648,VNDD6D686D6,Approved,58409.2,48971.49,High,2024-08-12,2024-08-14,2024-08-22,Components
PO4DCD7ABC,EMPD75CCBC1,VND9E3DBA67,Approved,43704.72,36751.17,Normal,2024-02-06,2024-02-07,2024-03-01,Services
PO21839B90,EMPDEDC8BA0,VNDA74DADEC,Approved,9971.72,11338.78,High,2024-06-05,2024-06-06,2024-06-30,Services
POE5835158,EMP2DE5EBE5,VND3B5BB0BC,Approved,50201.43,48678.38,High,2024-01-07,2024-01-10,2024-02-01,Office Supplies
PO9A59AF1A,EMPEBEBAB78,VND08CE8CA7,Approved,7832.86,7077.15,Normal,2024-02-15,2024-02-18,2024-03-18,Equipment
POD6C89196,EMPF2A2DB2C,VND27D705EA,Approved,19143.99,22485.55,Critical,2024-01-21,2024-01-25,2024-02-24,Components
PO48754C25,EMP8A7C63DA,VND894C6368,Approved,40166.67,38733.48,Normal,2024-12-13,2024-12-18,2025-01-07,Components
PO371F1926,EMP4754FDC9,VND650A3AAA,Rejected,34200.64,42561.47,Normal,2024-12-04,2024-12-05,,Office Supplies
PO1CD0100E,EMP50F0D6B9,VND37AB5C39,Pending,18038.1,18244.13,Normal,2024-03-23,,,Services
POF4355647,EMPF6248845,VND8CAEB48D,Cancelled,19621.51,17919.47,Normal,2024-07-06,2024-07-07,,Raw Materials
PO810CCF55,EMP4EA6271F,VND4D8ED92A,Pending,14026.57,15782.32,Normal,2024-02-18,,,Equipment
POB2AF52E2,EMP3E6D3C06,VNDAE27E9B6,Approved,18452.64,17651.78,High,2024-06-10,2024-06-12,2024-06-25,Components
PO95D159AC,EMP9B42FE63,VND11B92497,Approved,47832.87,49349.55,Normal,2024-12-31,2025-01-03,2025-01-25,Raw Materials
PO3982AB2A,EMPDC59410D,VND365E2FC5,Pending,41247.37,39598.29,Normal,2024-05-17,,,Raw Materials
PO68A9B8B5,EMP846E015E,VND894C6368,Pending,24221.56,23958.46,Normal,2024-11-18,,,Services
PO93486B27,EMP554B1664,VNDCE923A65,Approved,19747.14,18824.39,Normal,2024-01-04,2024-01-07,2024-01-15,Services
POC9199DC5,EMPA171E4B0,VND3D2A9A3A,Approved,2383.66,2712.14,High,2024-07-05,2024-07-10,2024-07-21,Services
PO75644EDE,EMP44E12C12,VND22E4CBF8,Approved,4922.85,5947.7,Normal,2024-12-25,2024-12-27,2025-01-18,Equipment
PO09CE272E,EMP24F89C96,VND8BC82E76,Approved,17117.32,14677.99,High,2024-07-26,2024-07-31,2024-08-06,Components
PO9EF9CD4D,EMPD7261ACD,VND1306F6E1,Approved,36548.13,45643.06,Critical,2024-06-05,2024-06-09,2024-06-17,Raw Materials
PO89B74DD5,EMP6122FDF0,VND8BC82E76,Approved,47015.12,43243.28,Critical,2024-03-30,2024-04-01,2024-04-18,Components
POF8E425E6,EMPF69E5986,VND18221D96,Approved,48097.36,43905.65,High,2024-12-10,2024-12-14,2025-01-12,Equipment
POD2110C7E,EMPAD780B10,VND27CBAF37,Approved,52405.95,46171.21,Critical,2024-08-05,2024-08-09,2024-08-23,Equipment
POB32F5E50,EMPA53FE039,VND18221D96,Approved,29075.2,31564.36,Normal,2024-08-24,2024-08-29,2024-09-17,Components
POD4FDBA2A,EMP6AC66A99,VND07A84740,Approved,800.49,989.14,Normal,2024-06-09,2024-06-12,2024-06-29,Equipment
PO655383AF,EMP9E6D7487,VNDA957A7D0,Approved,16206.76,15433.32,High,2024-07-21,2024-07-24,2024-08-01,Raw Materials
POD3BD7B0F,EMPB3D3B25A,VNDA402B738,Approved,24895.52,26820.69,High,2024-03-16,2024-03-20,2024-04-19,Components
PO4783582B,EMP2362789C,VNDC995E3B7,Approved,726.6,733.47,Normal,2024-06-15,2024-06-17,2024-07-16,Components
POB65C0D4D,EMPAA50BA0D,VND6E96F23C,Approved,33168.62,29893.51,Normal,2024-08-20,2024-08-23,2024-09-10,Office Supplies
PO801FC2CE,EMP9100CF33,VNDD74D095B,Approved,49758.73,48851.15,Normal,2024-09-26,2024-09-30,2024-10-14,Office Supplies
POB61915E2,EMPB723182B,VND1199176D,Approved,2868.23,3325.9,Normal,2024-12-14,2024-12-16,2025-01-06,Equipment
PODFFEEE41,EMP94425417,VND154E8965,Rejected,27590.36,32297.26,Critical,2024-08-01,2024-08-02,,Services
POF98AC908,EMP459C5519,VND2AF9B25B,Approved,19573.93,18386.28,Normal,2024-07-28,2024-07-29,2024-08-08,Services
POA5D0AC81,EMP39F4A186,VNDD39C47AD,Approved,34293.78,29373.38,High,2024-01-05,2024-01-08,2024-01-30,Raw Materials
PO543F8EB6,EMP0E9ABE5D,VND11B92497,Approved,34644.93,34520.49,Normal,2024-12-15,2024-12-20,2025-01-09,Raw Materials
PO9CE73B64,EMPA9C9F2C5,VND590E7C93,Pending,34521.84,32466.45,Normal,2024-08-06,,,Equipment
POCE60B9DE,EMP675E7AA3,VND0300765D,Pending,53142.95,48063.07,Normal,2024-11-16,,,Office Supplies
PO44B63196,EMPFCC6B17B,VND34264845,Approved,14034.69,14062.62,Critical,2024-02-13,2024-02-15,2024-02-23,Components
POC49ED5E0,EMP33EA0FBF,VND507751E2,Approved,23630.71,26911.58,Critical,2024-12-21,2024-12-23,2025-01-19,Raw Materials
POC0104CF4,EMP9946E371,VNDB8A208B5,Cancelled,20487.73,17527.92,Normal,2024-09-03,2024-09-06,,Office Supplies
PO31BD8E22,EMP8496D467,VNDF08F6829,Approved,39962.69,43990.0,Normal,2024-01-05,2024-01-10,2024-02-04,Components
PO89B75503,EMP78F0D6E1,VND5FBBF7E5,Pending,21575.73,21997.65,Critical,2024-10-12,,,Components
POFB49765C,EMPD412EF0D,VND1DF7F1DC,Pending,36789.0,38566.28,Normal,2024-08-03,,,Equipment
PO29A289A0,EMP2A78A771,VND2986F777,Rejected,35180.48,34575.9,High,2024-09-21,2024-09-23,,Components
PO444CFFDF,EMPA55A821C,VND6B54C68D,Approved,43516.33,44338.96,High,2024-03-10,2024-03-13,2024-04-11,Office Supplies
PO3C7F5825,EMP19A0A2AD,VND4F7B00FC,Approved,7665.67,9459.53,High,2024-07-02,2024-07-06,2024-07-22,Office Supplies
PO4BDDA065,EMP684E7A0C,VND616471F8,Rejected,22252.07,23853.72,Normal,2024-06-14,2024-06-16,,Services
POD1C767EB,EMP8765F86C,VNDCAE263CC,Approved,45130.27,44030.31,Normal,2024-05-12,2024-05-16,2024-05-24,Equipment
PO773D203E,EMP39FE6057,VND27D705EA,Approved,1007.96,897.65,Normal,2024-09-29,2024-10-03,2024-10-09,Equipment
PO580C3F2A,EMP3764A7EA,VND397FE668,Rejected,30846.15,34678.41,High,2024-05-30,2024-06-02,,Raw Materials
PO678A1E2A,EMP7EEDB4BC,VND8E10A670,Approved,15862.51,15912.06,Normal,2024-02-07,2024-02-10,2024-02-16,Components
POF7D503E6,EMPFA037136,VND275CA511,Rejected,22818.29,19624.38,Critical,2024-07-02,2024-07-05,,Components
POBA948EEF,EMP61DAE0F8,VNDE3830203,Approved,34450.97,31036.01,Normal,2024-03-03,2024-03-05,2024-03-11,Equipment
POA81AAC57,EMP670AD4E5,VND37AB5C39,Approved,25727.89,30203.07,Normal,2024-09-18,2024-09-20,2024-10-08,Raw Materials
PO64540AF6,EMPD8B91C40,VND29251C8F,Approved,30876.25,28116.16,Normal,2024-12-08,2024-12-12,2024-12-23,Raw Materials
PO5B8E9950,EMPD11D35BF,VNDCAF05089,Approved,14868.53,12926.72,High,2024-03-11,2024-03-13,2024-03-22,Office Supplies
PO1AFA7BC6,EMP5F31640A,VNDB732CC31,Approved,38147.88,37513.24,Normal,2024-02-14,2024-02-19,2024-02-25,Components
PO09C2580C,EMP2B94049D,VND19CF5E06,Rejected,36064.29,34123.58,Critical,2024-08-30,2024-09-01,,Raw Materials
PO448ED62D,EMP19493A7A,VND29251C8F,Approved,51079.17,43216.01,Normal,2024-08-17,2024-08-19,2024-09-14,Services
PO2A0E7DDC,EMP7160EE71,VND65B60718,Pending,6257.32,5427.73,Normal,2024-02-27,,,Raw Materials
PO6A1B1A69,EMP0305C8E0,VND17D7E4DC,Approved,18629.26,22573.77,Normal,2024-04-22,2024-04-25,2024-05-01,Equipment
PO923B35E5,EMP6F487C7F,VNDA74DADEC,Approved,32811.95,28379.29,Normal,2024-05-06,2024-05-10,2024-05-25,Services
PO985A8A69,EMP9C0ABA8B,VNDE05F71D7,Approved,18032.29,17218.67,High,2024-12-14,2024-12-17,2025-01-12,Office Supplies
POCF089A8F,EMPDCA73E9A,VNDE13413E5,Approved,25475.34,26130.89,Normal,2024-10-26,2024-10-28,2024-11-09,Equipment
PODABABFC1,EMPAD692B56,VNDAEE88F85,Pending,37148.01,31536.23,Normal,2024-12-05,,,Equipment
PO859036E2,EMP44BD1C4F,VND2986F777,Approved,38698.92,39906.02,Normal,2024-06-28,2024-07-03,2024-07-30,Equipment
POD3A71549,EMP0F45B87A,VND49098C56,Pending,32216.58,37606.53,High,2024-03-11,,,Office Supplies
PO0A05846E,EMP5AED1FAB,VND139B2EB5,Approved,7508.96,7555.93,Normal,2024-02-02,2024-02-07,2024-02-13,Raw Materials
PO650631AE,EMP63B005D2,VND7290C297,Approved,7718.95,9330.52,High,2024-12-24,2024-12-28,2025-01-03,Services
PO07447025,EMPF2225AD3,VNDF464A966,Rejected,13994.85,13704.84,High,2024-01-18,2024-01-21,,Equipment
PO62FF4E73,EMP4ACEA115,VND4EC61792,Approved,12641.09,13544.42,Normal,2024-11-06,2024-11-07,2024-11-29,Raw Materials
PO84B2E8FD,EMPFF7F2D11,VNDBA0CC89B,Approved,34787.04,39582.5,High,2024-08-17,2024-08-21,2024-09-10,Equipment
PO6582EF75,EMP06D27EE8,VND365E2FC5,Approved,31034.9,26045.64,Normal,2024-01-09,2024-01-14,2024-02-01,Components
POAF8B3371,EMP6CC5D0B8,VND2D25DD42,Approved,9606.72,8639.33,Normal,2024-09-21,2024-09-22,2024-10-14,Raw Materials
POC5F00361,EMP1418EF30,VNDCAF05089,Approved,21398.75,18955.84,Critical,2024-01-10,2024-01-12,2024-01-19,Services
PO4F8D678F,EMP0D432417,VND66F3A422,Approved,7267.07,8394.36,High,2024-01-26,2024-01-31,2024-02-09,Equipment
PO6679DB69,EMP964A7182,VND29251C8F,Approved,52507.0,43771.33,Normal,2024-08-10,2024-08-11,2024-09-09,Equipment
PO9CAE8F75,EMP31B2EA90,VND139B2EB5,Approved,30594.15,27771.89,Normal,2024-05-15,2024-05-19,2024-06-09,Raw Materials
PO3BD331D9,EMP6DDAFD40,VND8C1D087C,Approved,47047.49,42646.09,Normal,2024-01-03,2024-01-04,2024-01-15,Office Supplies
POE70E1B6C,EMPC6A028CD,VND23FDC749,Approved,20770.08,22077.35,Normal,2024-01-25,2024-01-29,2024-02-17,Raw Materials
PO63A490CF,EMP420936A5,VND57CA31A1,Approved,41037.81,47666.3,Normal,2024-03-14,2024-03-19,2024-04-04,Office Supplies
POE9DB54BE,EMP3D5438C6,VND275CA511,Approved,42949.12,39809.73,High,2024-11-28,2024-12-03,2024-12-24,Raw Materials
PO311D7E46,EMP38882ACA,VND66F3A422,Approved,9529.53,11581.5,Normal,2024-04-14,2024-04-17,2024-04-30,Equipment
POC358721E,EMPE63349B8,VNDD95DB1B7,Approved,30900.52,27709.01,Critical,2024-12-03,2024-12-06,2025-01-02,Equipment
POE2CF9CC7,EMPBAFE3C31,VND466655B2,Approved,25585.08,23906.32,Critical,2024-12-24,2024-12-29,2025-01-18,Equipment
PO9BF4D356,EMPDE9A70BE,VND67D32B2F,Approved,30908.73,38600.55,Critical,2024-04-25,2024-04-28,2024-05-06,Services
POC33B4841,EMP842313BA,VNDA9CEA40D,Rejected,46363.84,49799.87,Normal,2024-10-14,2024-10-17,,Raw Materials
PO51C74250,EMPBA79AD85,VND466655B2,Approved,2371.18,2155.19,High,2024-10-17,2024-10-18,2024-11-08,Equipment
PO49EE6A70,EMPB39D44DE,VND3AF51314,Approved,23204.27,19558.76,Critical,2024-05-04,2024-05-05,2024-05-22,Components
PO4418D741,EMP865D8FE2,VNDCAF05089,Approved,20928.14,26014.88,Normal,2024-06-11,2024-06-12,2024-06-23,Office Supplies
POFF47C686,EMP8B7D8314,VND275CA511,Approved,34086.77,30160.53,Critical,2024-12-14,2024-12-15,2024-12-23,Office Supplies
PO8E3349CA,EMP4FEB8434,VND111F855A,Approved,7544.74,8680.62,Normal,2024-11-12,2024-11-15,2024-12-07,Services
PO725620D5,EMP8374190A,VNDC178B24A,Approved,38267.27,44313.15,Normal,2024-12-24,2024-12-25,2025-01-09,Office Supplies
PO94179008,EMP9228E264,VNDF7742C98,Approved,4995.46,4762.2,Critical,2024-06-30,2024-07-04,2024-08-01,Raw Materials
POAC663483,EMP20C94B41,VNDF7742C98,Approved,20332.63,21212.52,High,2024-03-05,2024-03-07,2024-03-28,Raw Materials
POCF1CB6DB,EMPEB229867,VNDAE27E9B6,Approved,36158.11,36162.08,High,2024-12-22,2024-12-27,2025-01-10,Raw Materials
POA1C5625B,EMP721C2DE6,VND49FA8EB1,Approved,6442.13,7985.33,Normal,2024-03-14,2024-03-15,2024-03-28,Raw Materials
POB56A93D3,EMP03071342,VNDC995E3B7,Approved,13187.3,14942.18,Normal,2024-11-08,2024-11-12,2024-11-26,Raw Materials
POE0E87E9B,EMP8AEF60EE,VNDD902468E,Approved,36586.31,30978.1,Normal,2024-01-18,2024-01-22,2024-02-01,Raw Materials
PO3B7D8520,EMP389B17D9,VND2986F777,Approved,17368.91,19587.47,High,2024-05-12,2024-05-15,2024-05-21,Equipment
POFF02CF53,EMPEB5F8621,VNDBC15E50D,Approved,23918.44,20358.83,High,2024-04-13,2024-04-18,2024-04-26,Raw Materials
PO2042B42A,EMPC2D91287,VND2986F777,Approved,44892.28,44549.37,Normal,2024-06-09,2024-06-12,2024-06-23,Components
PO74F436D7,EMP8F1F0715,VND2D25DD42,Pending,33781.64,36854.11,Normal,2024-02-09,,,Equipment
PODE597C4A,EMP9FD68F62,VNDAADD0D4D,Cancelled,636.32,540.68,Normal,2024-03-06,2024-03-09,,Services
POF2D9244A,EMP30B30022,VND3AF51314,Approved,6461.46,6102.71,Normal,2024-05-17,2024-05-20,2024-06-02,Equipment
POEF1F097E,EMPBA8C9119,VND07F575C8,Approved,16097.82,13541.16,High,2024-04-03,2024-04-07,2024-04-18,Equipment
PO7BAF721F,EMP2223FCF7,VNDB8A208B5,Pending,46152.64,42593.57,High,2024-04-14,,,Components
POC2DBBAB9,EMPBBE75524,VND9724A5FF,Approved,42693.13,42956.54,Critical,2024-08-22,2024-08-25,2024-09-15,Raw Materials
PO39118582,EMP6F19105E,VND109E5C6F,Pending,57100.93,49630.66,High,2024-10-16,,,Office Supplies
POD7ABB187,EMP2D9EAD35,VND4F7B00FC,Approved,13351.01,14278.33,Critical,2024-03-25,2024-03-28,2024-04-10,Services
PO23243879,EMP522BE78F,VND389A891A,Rejected,12007.52,12102.76,Normal,2024-03-26,2024-03-29,,Office Supplies
POB9DB9B0B,EMP6DFD408A,VNDA957A7D0,Approved,30495.99,32919.3,High,2024-08-30,2024-08-31,2024-09-06,Equipment
POD1F37EF7,EMPBFFBA80D,VND6ACF147A,Pending,24375.72,29891.02,Normal,2024-01-22,,,Components
PO85A77779,EMPF3A7C9FA,VNDFDC347F6,Approved,45548.5,45367.22,Normal,2024-02-15,2024-02-19,2024-02-28,Raw Materials
PO33A75C86,EMP55A3CAD8,VND27CBAF37,Approved,15710.66,19413.75,Critical,2024-09-23,2024-09-27,2024-10-11,Components
PO61609711,EMP90310C43,VND3A80813D,Approved,22437.28,20586.41,Normal,2024-07-28,2024-08-01,2024-08-23,Services
PO4AA3ED8A,EMPFB5C42B7,VND6F35B3AD,Approved,52845.5,45261.26,Critical,2024-05-05,2024-05-10,2024-06-08,Equipment
PO31CBCED3,EMP9AD71E10,VND88584A44,Approved,14496.0,14966.15,Normal,2024-10-23,2024-10-26,2024-10-31,Raw Materials
POE76678A1,EMP69834105,VND27D705EA,Approved,27150.02,33150.06,Critical,2024-09-09,2024-09-10,2024-09-29,Equipment
PO77C2F7C0,EMPFEE82A7A,VND1306F6E1,Approved,45215.93,38931.23,Normal,2024-04-25,2024-04-26,2024-05-19,Office Supplies
POCCD3C2CF,EMPB03D2432,VND411B979D,Approved,26109.43,22386.52,Normal,2024-06-19,2024-06-23,2024-07-07,Services
PO9BA6DAA9,EMPEA391F06,VNDAEE88F85,Approved,39130.39,44127.87,Normal,2024-02-06,2024-02-09,2024-03-02,Office Supplies
PO8BCF9E50,EMP4E9EA5E4,VNDAAF2A28A,Approved,5854.65,7066.47,Normal,2024-08-07,2024-08-10,2024-08-24,Office Supplies
PO69F42461,EMP5FC9A34D,VND0300765D,Pending,14178.89,17569.21,Normal,2024-01-26,,,Components
PO3242FF19,EMPCC6644C4,VND1C52ED63,Approved,30842.67,38138.08,Normal,2024-10-24,2024-10-27,2024-11-21,Services
PO8BCFD3FF,EMP13F19B18,VNDC4092504,Approved,12809.08,10781.92,High,2024-11-09,2024-11-14,2024-12-10,Components
PO38244B96,EMP15B32DC4,VND96325CEF,Pending,34235.47,28655.23,Normal,2024-09-28,,,Raw Materials
PO54AF5741,EMP5661EF55,VND23FDC749,Rejected,37297.12,37481.68,Normal,2024-12-08,2024-12-10,,Office Supplies
POE01DAA22,EMP2715270F,VND859AA544,Approved,19658.13,17091.59,Normal,2024-02-24,2024-02-27,2024-03-17,Raw Materials
PO96455649,EMPBAEE52CE,VNDE3830203,Rejected,59563.64,49707.94,High,2024-07-30,2024-08-02,,Components
PO6BE8B642,EMP2A20BF25,VND88584A44,Approved,16812.56,20163.14,Normal,2024-10-20,2024-10-25,2024-11-02,Components
PODF413DDE,EMP9FA99A30,VND8CAEB48D,Approved,31317.22,31026.85,Normal,2024-11-05,2024-11-07,2024-12-02,Services
POFAD7E3B2,EMP6222F999,VNDD6FBFD33,Approved,7532.04,8191.15,Normal,2024-04-15,2024-04-18,2024-05-04,Services
PO2A647C20,EMPAE724D44,VND6FADEC72,Approved,39306.5,46620.68,Critical,2024-02-24,2024-02-26,2024-03-12,Services
POFF632D95,EMP6BDF065F,VND96325CEF,Approved,44427.76,38299.87,Normal,2024-04-15,2024-04-17,2024-04-28,Components
POA2277D08,EMP842A417E,VND8C1D087C,Cancelled,15205.87,13549.32,Critical,2024-02-20,2024-02-22,,Office Supplies
POC02AEE7D,EMPF6B5D914,VNDBA0CC89B,Approved,24771.56,22288.36,Critical,2024-12-02,2024-12-03,2024-12-24,Raw Materials
PO083824D2,EMPF19610B9,VND63A70F54,Approved,43999.0,49627.6,Normal,2024-11-13,2024-11-17,2024-11-25,Raw Materials
PO5638B89F,EMP69C7A85D,VNDB8A208B5,Approved,26513.02,32007.3,Normal,2024-01-13,2024-01-15,2024-01-25,Components
PO29F9B9FF,EMP66BB0E8F,VNDC4060F12,Approved,34091.49,32337.95,Normal,2024-05-31,2024-06-05,2024-06-23,Services
PODF2AB60E,EMPD337A8FC,VND0CE75C53,Pending,54113.76,48466.45,Normal,2024-06-20,,,Services
PO5A67F0FE,EMPA23B3BE2,VNDF981F27F,Approved,22509.11,24007.48,Normal,2024-02-14,2024-02-18,2024-03-03,Services
PO30F6A59C,EMP2431BDF8,VND1FA33A03,Approved,45559.01,40560.39,High,2024-09-12,2024-09-13,2024-09-30,Services
PO50AC6964,EMPC6C5B1B1,VND1A32B030,Approved,9851.26,11826.4,Normal,2024-09-12,2024-09-17,2024-10-06,Services
POC391606A,EMPC441E743,VND4EC61792,Pending,15262.43,18501.42,Normal,2024-08-17,,,Raw Materials
POE792F76B,EMPEB7F5A61,VNDF10E17A7,Approved,9648.87,10703.97,Normal,2024-09-12,2024-09-16,2024-09-24,Components
POBFC52D42,EMP76FA2C69,VNDF7742C98,Approved,39808.0,45875.83,Normal,2024-07-29,2024-07-31,2024-08-21,Components
POC58F0810,EMPC1DB541E,VNDE6156EFE,Approved,12266.44,13141.44,Normal,2024-01-20,2024-01-23,2024-01-29,Equipment
PO13F21A1E,EMPB87F9162,VND62396BAB,Approved,42527.8,42609.9,Normal,2024-06-05,2024-06-06,2024-06-19,Raw Materials
PO563C55BB,EMPC36F1ABD,VNDD95DB1B7,Cancelled,18718.3,17911.24,High,2024-12-17,2024-12-20,,Services
POBD0F21EF,EMP485189D4,VND2AF9B25B,Rejected,4076.87,3739.61,Normal,2024-09-04,2024-09-07,,Services
PO9422EE07,EMPF0A85B1C,VND96325CEF,Approved,13736.09,15234.53,Normal,2024-08-16,2024-08-21,2024-09-13,Equipment
POC8F58A48,EMP1148445B,VNDA74DADEC,Pending,40417.8,37193.78,Normal,2024-03-21,,,Equipment
PO34A19E13,EMP12A454D9,VND75832916,Approved,44500.93,48159.77,Normal,2024-05-13,2024-05-16,2024-06-13,Services
PO3B235E55,EMP2E02DBE0,VND4D8ED92A,Approved,33512.45,28658.4,Critical,2024-10-14,2024-10-16,2024-11-15,Raw Materials
PO4C4B72E8,EMP903F48D8,VNDD74D095B,Approved,21470.63,21689.04,Normal,2024-05-23,2024-05-24,2024-06-14,Equipment
PO0A458D9E,EMPE74CB660,VND2AF9B25B,Approved,29000.23,31974.3,Normal,2024-03-30,2024-04-01,2024-04-25,Services
POC7AC5E06,EMPF45F34B1,VNDF464A966,Approved,32492.57,30361.26,Normal,2024-12-09,2024-12-13,2024-12-26,Equipment
PO9EC1C1F5,EMP06020E82,VND7A22016F,Approved,51763.76,44843.37,Normal,2024-05-12,2024-05-15,2024-06-12,Services
PO0B683851,EMP044DE662,VND3B5BB0BC,Approved,32460.79,35744.9,High,2024-01-10,2024-01-11,2024-02-06,Components
PO3D20C25D,EMPDD7635A5,VND411B979D,Approved,16060.85,19102.06,Critical,2024-11-01,2024-11-06,2024-12-06,Services
POA09ADBC8,EMPD2D4D7C9,VNDB3180A0E,Cancelled,7168.67,7285.21,Normal,2024-12-22,2024-12-24,,Services
POAE56B509,EMP5E54073C,VND397FE668,Approved,26260.63,22917.52,Critical,2024-07-13,2024-07-14,2024-08-08,Raw Materials
PO6D42F0D8,EMP50A6BDA9,VND7E4DB750,Pending,40237.34,38070.83,Normal,2024-07-03,,,Raw Materials
PO1F2B6C0D,EMP908C2526,VNDBC15E50D,Approved,48545.57,44746.86,Normal,2024-07-19,2024-07-24,2024-08-23,Office Supplies
PO80FF01F7,EMPD7AC0350,VND2258ABB1,Approved,9950.05,10476.4,High,2024-04-07,2024-04-12,2024-04-30,Services
POB5FBD2C6,EMPFB3C78BD,VND7B4F5D31,Approved,37264.93,46237.6,Normal,2024-09-14,2024-09-19,2024-10-10,Services
PO151F62C1,EMP10C370CA,VND6B54C68D,Pending,47112.67,42437.24,High,2024-05-10,,,Raw Materials
POFEA9CF1F,EMPCDF7AE9C,VNDB598AD91,Approved,30990.3,33137.92,Normal,2024-12-02,2024-12-07,2025-01-01,Raw Materials
PO16609D4B,EMPDC5714BD,VNDB3180A0E,Approved,24909.66,29407.8,Normal,2024-09-01,2024-09-03,2024-09-26,Components
PO8BB70596,EMP50CD5381,VND0CE75C53,Cancelled,20898.0,23631.14,Normal,2024-03-15,2024-03-18,,Components
POD2445707,EMP383044FB,VNDBC15E50D,Approved,28271.16,33351.25,Normal,2024-10-29,2024-10-30,2024-11-28,Office Supplies
PO10D55AFB,EMP903EE71D,VNDE3830203,Pending,24488.06,29598.03,Normal,2024-04-09,,,Components
PO91D95C78,EMP995ACE89,VND3A746CBD,Approved,20130.49,20335.71,Normal,2024-05-22,2024-05-26,2024-06-11,Office Supplies
POC351E2DA,EMPA75B1AD6,VND6ACF147A,Approved,485.42,509.67,Normal,2024-12-31,2025-01-04,2025-01-11,Services
PO70F46164,EMPFBDC1A5E,VNDD902468E,Approved,11555.53,10403.85,High,2024-08-02,2024-08-07,2024-08-16,Raw Materials
PO520B5F30,EMPA8B89732,VND49FA8EB1,Approved,23002.05,24211.99,High,2024-03-16,2024-03-20,2024-04-17,Components
PO95A4B0B7,EMP98C2181B,VND2094DBBC,Approved,39967.73,49466.54,High,2024-08-12,2024-08-17,2024-09-08,Services
PO7CECECC0,EMP7C28520C,VND1199176D,Approved,23816.16,28116.41,Normal,2024-12-29,2025-01-03,2025-01-16,Office Supplies
POF937260E,EMP31BA5C08,VNDC178B24A,Approved,29002.32,33434.86,Normal,2024-02-22,2024-02-24,2024-03-05,Components
POB2E04B39,EMP59ADBA1B,VND19CF5E06,Approved,16235.72,16766.6,Normal,2024-10-25,2024-10-27,2024-11-05,Office Supplies
PO2159A989,EMP2BDC5946,VND4EA7F305,Approved,49441.82,47675.57,Normal,2024-12-08,2024-12-09,2024-12-24,Components
PO8EAFF231,EMP10619615,VND4DC2D394,Approved,19852.01,20518.9,High,2024-05-29,2024-06-01,2024-06-28,Components
POE9107920,EMP2553CF5B,VNDF9F92F21,Approved,11153.38,11555.94,Normal,2024-09-20,2024-09-25,2024-10-05,Equipment
PO26C26345,EMP5310D70E,VND2FE40F33,Approved,26909.35,32064.82,Normal,2024-04-13,2024-04-16,2024-04-26,Services
PO85FFB008,EMPF89752C7,VND0B515B0E,Rejected,44610.35,40477.8,Normal,2024-08-09,2024-08-10,,Equipment
POD2475F64,EMPB49EDF03,VND190C8D31,Approved,31185.81,30649.29,Normal,2024-02-01,2024-02-04,2024-02-21,Services
POC671D859,EMP872F913C,VNDBA0CC89B,Approved,6619.51,6758.25,Normal,2024-08-31,2024-09-02,2024-09-20,Equipment
PO5293C6BF,EMP0336BD5A,VND4AFDF46C,Approved,32195.78,28084.73,Critical,2024-11-26,2024-12-01,2024-12-18,Components
PO09D728DB,EMP89600323,VND66F3A422,Approved,42905.26,43112.1,Normal,2024-10-05,2024-10-10,2024-10-29,Raw Materials
POA14862CD,EMPA13670AA,VND2258ABB1,Approved,27975.08,27423.38,Critical,2024-06-27,2024-06-30,2024-07-21,Components
PODA82E5FD,EMP1EB957BE,VND220F792F,Approved,35874.8,32952.26,Normal,2024-05-23,2024-05-24,2024-06-06,Equipment
PODC361CBC,EMPB84ADC68,VND8539FA55,Approved,4939.17,4898.6,Critical,2024-08-15,2024-08-19,2024-08-24,Office Supplies
PO4A151934,EMPB786A4C8,VND3D2A9A3A,Rejected,1036.98,902.27,Normal,2024-05-21,2024-05-23,,Services
POE5490B4A,EMPEE243320,VNDEB6F8ED3,Pending,40963.11,43402.13,Normal,2024-01-05,,,Office Supplies
PO9986A531,EMPF6A590A5,VNDF7A9FFF9,Pending,22089.78,23713.37,Critical,2024-06-12,,,Equipment
PO03F66316,EMP9F9F74E1,VND6ACF147A,Approved,32443.4,34842.94,Normal,2024-12-22,2024-12-26,2025-01-08,Office Supplies
PO92B97DAE,EMP6F9A90CE,VND10335071,Approved,42275.74,41271.97,Normal,2024-11-14,2024-11-15,2024-12-04,Equipment
PODE6F7DEC,EMP3D1C67B7,VND3A80813D,Rejected,47121.06,46152.42,Normal,2024-05-16,2024-05-17,,Raw Materials
PO64F2D661,EMPB3572088,VND5B2EC8F1,Approved,18438.58,16577.37,Normal,2024-05-09,2024-05-10,2024-06-02,Services
PO4E9D7AD2,EMPD2BD3C15,VND3A746CBD,Approved,6633.39,7947.48,Normal,2024-12-30,2025-01-01,2025-01-26,Raw Materials
POBEC02EFB,EMPE40785FD,VNDC178B24A,Approved,36525.85,43593.37,Normal,2024-06-23,2024-06-27,2024-07-15,Components
PO67D85B9F,EMPBAFA69E7,VND220F792F,Approved,14884.47,13807.25,High,2024-02-13,2024-02-17,2024-03-16,Raw Materials
PO10404D76,EMPBE9F7A3E,VNDAE27E9B6,Approved,11597.33,13212.19,Normal,2024-11-22,2024-11-26,2024-12-13,Components
POC15DCC3F,EMP01224EF8,VND154E8965,Approved,3701.61,3401.85,High,2024-08-13,2024-08-16,2024-09-15,Services
PO9C377775,EMPEA2BB946,VNDF545674F,Approved,50082.84,48299.07,Normal,2024-05-26,2024-05-27,2024-06-14,Components
PO9B947237,EMP2E0B21F6,VND7B4F5D31,Approved,21895.26,22493.29,Critical,2024-01-21,2024-01-23,2024-01-29,Equipment
PO1FD4D757,EMPB77890AC,VND589660CD,Approved,44106.01,39552.06,Normal,2024-01-16,2024-01-17,2024-01-25,Services
PO317C2BB8,EMPC1FB212F,VND8C1D087C,Rejected,8222.38,8202.39,Normal,2024-08-18,2024-08-20,,Equipment
PO9A319F9B,EMPD6BD84D2,VNDF78A924D,Pending,1580.33,1968.81,High,2024-05-02,,,Equipment
PO820A4823,EMP8588FA54,VNDAB26D618,Approved,52688.92,46643.1,High,2024-10-10,2024-10-14,2024-10-20,Office Supplies
PO9E9CFEBC,EMP8E3980C5,VNDAD897EA3,Approved,19414.19,17560.92,Normal,2024-12-06,2024-12-11,2024-12-31,Office Supplies
PO927700D4,EMPF6473149,VND590E7C93,Approved,30345.36,31372.09,Normal,2024-07-10,2024-07-15,2024-08-05,Equipment
POACA3FF92,EMPF1A93585,VND999ED598,Approved,30603.35,33026.28,Normal,2024-09-20,2024-09-21,2024-10-21,Raw Materials
PO68584747,EMP8DD214EB,VND4EA7F305,Approved,32261.41,37652.81,Normal,2024-10-02,2024-10-04,2024-10-21,Equipment
POC869C704,EMP2BF637C0,VND7DD7F0E9,Approved,8861.83,8619.94,High,2024-11-01,2024-11-06,2024-12-02,Office Supplies
PO8FF00CD2,EMP72717E60,VNDF981F27F,Approved,21822.33,24005.57,Critical,2024-12-17,2024-12-20,2025-01-10,Equipment
PO4C78F157,EMP15E9AD4D,VND7290C297,Approved,15128.59,17159.95,Normal,2024-11-11,2024-11-14,2024-12-03,Services
PO6143E382,EMP6E70E825,VND0300765D,Approved,43560.72,41192.96,Normal,2024-04-10,2024-04-12,2024-04-17,Components
PO3A43B113,EMP7C2C4CEB,VND466655B2,Approved,45707.63,38754.69,Normal,2024-10-29,2024-11-01,2024-11-08,Equipment
PO94987D3C,EMPFA096E58,VND03F2A471,Approved,35163.44,33558.25,High,2024-08-21,2024-08-23,2024-09-20,Services
POFF150084,EMPF8888EC0,VNDB598AD91,Pending,34273.52,41802.73,Normal,2024-02-06,,,Services
POBA160098,EMP5870D3F8,VND66028154,Rejected,3175.08,3192.37,Critical,2024-05-19,2024-05-20,,Office Supplies
PO01EE26F9,EMP1ADAADE3,VND411B979D,Approved,30580.56,26702.23,Normal,2024-04-21,2024-04-22,2024-05-20,Office Supplies
PO2AAD0ACE,EMP72240868,VND020FD5AF,Approved,29270.36,30552.14,Normal,2024-10-22,2024-10-25,2024-11-01,Services
PO8EF0FD73,EMP36FFF468,VNDCFB6DC09,Approved,15614.6,13775.3,High,2024-06-18,2024-06-19,2024-07-06,Equipment
PO88A947BE,EMP18F07908,VNDB1228DD8,Approved,38961.68,44025.04,Normal,2024-10-04,2024-10-09,2024-11-01,Office Supplies
PO11C16151,EMP16184FE4,VNDD902468E,Approved,638.41,576.07,Normal,2024-02-28,2024-02-29,2024-03-05,Office Supplies
POC59CF28E,EMP721C2DE6,VNDC939E188,Approved,30219.48,29380.69,High,2024-04-16,2024-04-19,2024-04-26,Office Supplies
PO9A924D64,EMP1293E87F,VND18221D96,Approved,15121.19,16241.95,Normal,2024-10-22,2024-10-26,2024-11-24,Components
PO1CF6653B,EMPC17F1595,VNDF7A9FFF9,Approved,42189.81,42997.62,Critical,2024-07-27,2024-07-29,2024-08-17,Equipment
PO6781A422,EMP71B45712,VND0B515B0E,Pending,26299.35,29476.59,High,2024-12-21,,,Equipment
PO12EE7709,EMPA0EC4399,VNDD74D095B,Pending,5758.66,6778.61,Critical,2024-03-12,,,Office Supplies
POB322CD83,EMP247F9657,VNDAB26D618,Approved,42983.16,46547.63,Normal,2024-04-15,2024-04-16,2024-05-16,Office Supplies
PO77D9B22E,EMPBDBC23AB,VNDF5F231C0,Approved,29552.79,32986.14,High,2024-06-08,2024-06-12,2024-07-06,Components
PO86FACA36,EMP85044D0B,VND67D32B2F,Approved,24812.13,30548.81,Normal,2024-07-12,2024-07-15,2024-08-13,Components
POD990AA5D,EMPEE9028B2,VNDE6156EFE,Approved,40784.68,39710.31,Critical,2024-09-27,2024-10-02,2024-10-30,Components
POB4B91366,EMP527A6C25,VNDEB6F8ED3,Approved,11575.71,12537.83,Normal,2024-06-24,2024-06-27,2024-07-06,Raw Materials
PO90C5469C,EMP493E3113,VNDAD897EA3,Approved,24174.67,24202.86,Normal,2024-03-16,2024-03-21,2024-04-10,Equipment
POE3C9A406,EMP4EAB45CA,VNDCAF05089,Rejected,46468.39,41166.56,Normal,2024-06-10,2024-06-12,,Services
PO9E52CD46,EMP5C9CA9D3,VND76F0F0E0,Pending,13819.08,15052.99,Normal,2024-05-01,,,Services
POF186F5B7,EMP24098741,VNDF909C443,Approved,31402.4,30658.39,High,2024-07-03,2024-07-04,2024-07-16,Components
PO8AE5773C,EMPAEE6258B,VNDA957A7D0,Approved,13265.47,14786.93,High,2024-02-22,2024-02-27,2024-03-14,Equipment
POFE87C45E,EMP073EF7E9,VNDA957A7D0,Approved,39784.24,39276.71,High,2024-11-23,2024-11-28,2024-12-12,Services
PO4C2CF05D,EMP5C59F99F,VNDB8A208B5,Approved,24471.66,22892.64,Normal,2024-04-05,2024-04-10,2024-04-26,Equipment
POC76EC81E,EMP6A7FAB40,VND4AFDF46C,Approved,41264.23,45179.65,Normal,2024-09-09,2024-09-11,2024-10-10,Services
PO33561C38,EMP906322AB,VND44174C92,Approved,33339.62,36699.4,Critical,2024-04-09,2024-04-10,2024-04-25,Equipment
PO4B0C7C94,EMPDA9EA4E7,VND0A251297,Rejected,25197.84,24658.11,Normal,2024-03-25,2024-03-26,,Raw Materials
PO651D6278,EMP46289B1C,VND34BC34BC,Pending,2385.1,2482.86,Critical,2024-06-28,,,Equipment
POD5DA3BA8,EMP69834105,VND7E4DB750,Cancelled,11793.72,12643.75,Normal,2024-01-27,2024-01-29,,Equipment
POFF904EF1,EMP0E4D12CB,VND2258ABB1,Approved,30937.5,34519.24,Normal,2024-07-06,2024-07-08,2024-07-18,Components
POC350C0AB,EMPD96E95FB,VND3FC620C0,Approved,26322.11,26668.79,Normal,2024-11-22,2024-11-23,2024-12-20,Components
PO063C4903,EMPBC6F2E0C,VND417BDCE6,Approved,42095.79,48440.98,Normal,2024-07-10,2024-07-12,2024-08-04,Components
POBA25A46B,EMP2AA0E2F9,VNDF909C443,Approved,6180.69,5321.94,Normal,2024-08-16,2024-08-17,2024-09-12,Raw Materials
PO825C9101,EMP02C5DBFD,VND7254F792,Approved,14023.21,13148.57,Normal,2024-02-25,2024-02-27,2024-03-17,Components
PO97A9B221,EMPF4FA0007,VND768A7583,Approved,4387.67,4834.88,Normal,2024-11-18,2024-11-19,2024-11-29,Office Supplies
PO2BA37239,EMP81ECE092,VND2986F777,Approved,22621.95,22270.72,Normal,2024-11-07,2024-11-10,2024-12-06,Components
POD2E0D09F,EMP7175DA80,VND894C6368,Approved,16202.64,19047.19,High,2024-11-24,2024-11-29,2024-12-04,Components
PO4EDF3724,EMPED2DE51A,VND76F0F0E0,Approved,34059.26,31199.58,High,2024-08-13,2024-08-16,2024-09-07,Components
PO68BE0932,EMP66F348A1,VNDAAF2A28A,Approved,11642.2,12656.12,Normal,2024-01-28,2024-01-29,2024-02-25,Raw Materials
PO858DA34C,EMPA6D471F0,VND389A891A,Approved,22498.2,20089.6,Normal,2024-01-20,2024-01-25,2024-02-18,Services
PO23532673,EMP25DA399C,VND97FA9A66,Pending,30153.05,26879.06,Normal,2024-07-17,,,Components
PO0B314E32,EMP161C9621,VND22E4CBF8,Approved,11495.06,13396.37,Normal,2024-10-24,2024-10-28,2024-11-27,Raw Materials
PO295D07C1,EMPAAF1F37C,VND40A7069F,Approved,43132.13,40613.27,Normal,2024-02-15,2024-02-17,2024-02-28,Raw Materials
PO87DB0E96,EMPC1E0CF95,VND9E3DBA67,Approved,25010.22,24789.65,Normal,2024-10-17,2024-10-19,2024-10-27,Components
PO4963E851,EMP58B7F0CE,VND4EA7F305,Pending,35864.6,40302.38,Normal,2024-07-31,,,Raw Materials
PO5ED10297,EMPF4D87962,VND23FDC749,Approved,25809.61,25883.47,Normal,2024-10-19,2024-10-21,2024-11-18,Raw Materials
POD422E9F6,EMPF468EE1E,VND466655B2,Approved,46290.36,46831.29,High,2024-09-19,2024-09-20,2024-10-07,Office Supplies
PO8D7F934D,EMP504EB0CC,VND63A70F54,Approved,1418.96,1687.66,Normal,2024-09-25,2024-09-27,2024-10-07,Services
PO097F87FA,EMP7600658C,VNDA74DADEC,Approved,25229.05,21877.53,High,2024-07-01,2024-07-02,2024-07-07,Office Supplies
PO2B5AD699,EMPD0123E1C,VND557FD788,Approved,1960.76,1906.79,High,2024-12-06,2024-12-11,2024-12-25,Services
POC7F85B86,EMP6BD3D186,VND86F10A10,Approved,27423.18,31065.66,Normal,2024-01-12,2024-01-17,2024-01-27,Office Supplies
PO9C842FD6,EMP5D0F2C88,VND6C887C82,Approved,18667.83,19559.78,Normal,2024-02-01,2024-02-02,2024-02-19,Office Supplies
POB8E1DB74,EMP5921598A,VND616471F8,Approved,15364.44,16442.55,High,2024-07-06,2024-07-08,2024-07-21,Raw Materials
PO4213B51D,EMP1E64F2F7,VND220F792F,Approved,9218.44,7753.4,Normal,2024-12-15,2024-12-16,2024-12-29,Services
PO3814DBEB,EMP32BFDA21,VNDBA0CC89B,Pending,52669.69,44231.54,High,2024-02-18,,,Equipment
POB78463BF,EMPC187AE11,VNDEB6F8ED3,Pending,40541.92,40148.45,Normal,2024-06-14,,,Components
POEBD1D9CB,EMP5152B4B2,VND7B8206C3,Pending,54049.53,47131.32,High,2024-04-08,,,Office Supplies
PO509F1AD8,EMP9920C771,VND139B2EB5,Approved,41370.52,42691.98,High,2024-03-20,2024-03-24,2024-04-19,Equipment
PO2B5EBB6A,EMP3373FE39,VNDF5F231C0,Approved,43142.48,37939.43,Normal,2024-09-30,2024-10-03,2024-10-18,Office Supplies
PO778DF8EB,EMP150EE628,VNDE6A4DD03,Approved,34819.58,43343.4,Normal,2024-11-10,2024-11-14,2024-11-25,Office Supplies
POB5D516FF,EMP6355C552,VNDC73A3BD4,Approved,20702.62,18539.58,Normal,2024-03-05,2024-03-08,2024-03-31,Services
PO72ACA6F3,EMP6178FFC1,VND9E3DBA67,Pending,42599.58,41202.59,Critical,2024-11-01,,,Office Supplies
POB150DD7C,EMP354545C3,VNDA6643FA7,Approved,30186.17,29838.75,High,2024-09-07,2024-09-12,2024-10-02,Raw Materials
PO6E63B0A1,EMP8CD2ED53,VNDB8A208B5,Approved,28574.56,28506.11,High,2024-10-28,2024-10-29,2024-11-28,Raw Materials
POF7C6B65C,EMPEDDAF92D,VND2D25DD42,Cancelled,5147.92,4834.0,Normal,2024-06-19,2024-06-22,,Components
PO9003F051,EMP1B00E261,VNDD39C47AD,Approved,17178.65,17098.48,Critical,2024-04-04,2024-04-07,2024-04-27,Services
PO98A1936F,EMP89179068,VND154E8965,Approved,2720.62,3189.63,High,2024-10-03,2024-10-06,2024-10-29,Services
PO80EA6E98,EMPFA0EE408,VND448E4836,Approved,44364.95,42674.05,High,2024-02-21,2024-02-22,2024-03-22,Components
POC549A74F,EMP4EF83BC0,VNDAADD0D4D,Approved,14765.1,16053.65,Normal,2024-10-27,2024-10-31,2024-11-10,Office Supplies
PO7143B795,EMPCA1DF83D,VND417BDCE6,Pending,37636.78,42667.55,Normal,2024-04-13,,,Raw Materials
PO83FF2865,EMP84EBFE2D,VNDC73A3BD4,Approved,39067.45,38512.37,High,2024-09-17,2024-09-21,2024-10-01,Services
PO3D27FA55,EMP6B39775A,VND768A7583,Approved,29220.38,26567.1,Normal,2024-07-25,2024-07-28,2024-08-23,Equipment
POC65B5A07,EMP4DAE412F,VND616471F8,Pending,42077.98,38217.41,Normal,2024-04-21,,,Raw Materials
POD395FD21,EMPCD882FB3,VND139B2EB5,Pending,28659.56,27571.16,Normal,2024-11-24,,,Services
PO39C03227,EMPFF5B2DC4,VND1DF449E3,Approved,44123.17,46997.33,Normal,2024-10-09,2024-10-12,2024-10-19,Components
POD5B62F0F,EMP7152ABDE,VNDF549E284,Approved,25349.61,28224.37,High,2024-11-14,2024-11-16,2024-11-24,Office Supplies
PO800782BA,EMPE2754CE4,VND7DD7F0E9,Approved,23634.08,24194.87,High,2024-07-24,2024-07-26,2024-08-19,Services
PO798782C3,EMPCD3D8D37,VNDE13413E5,Pending,33620.32,32728.28,Normal,2024-12-31,,,Components
PO8933C7E9,EMPE781CF3E,VND894C6368,Approved,19396.17,21111.76,Normal,2024-01-14,2024-01-19,2024-02-04,Raw Materials
PO0F71E4F9,EMP0948BA28,VND6917D5FA,Approved,23591.86,24623.78,High,2024-06-08,2024-06-09,2024-06-30,Office Supplies
PO4D5B06FB,EMPFCF02674,VND8E10A670,Pending,41715.26,45505.37,Normal,2024-06-26,,,Raw Materials
PO8E502FF0,EMP54513B57,VND11B92497,Approved,2597.53,2847.8,Normal,2024-05-05,2024-05-10,2024-05-19,Components
PO99909889,EMPFEABB0F4,VND18221D96,Approved,33801.92,31508.72,Normal,2024-04-02,2024-04-04,2024-04-26,Services
PO7639E853,EMP8139C064,VND590E7C93,Approved,18307.53,22071.14,Normal,2024-03-03,2024-03-05,2024-04-03,Equipment
PO5331B235,EMP1FE25662,VND411B979D,Approved,19525.41,16451.69,Normal,2024-06-24,2024-06-26,2024-07-18,Raw Materials
PO28F8B79C,EMP3C3E4CC4,VNDA6643FA7,Approved,16565.99,20030.65,High,2024-07-31,2024-08-05,2024-08-28,Raw Materials
PO52166717,EMPE5332137,VND466655B2,Approved,29894.61,28921.46,High,2024-09-07,2024-09-09,2024-09-21,Office Supplies
PO5D13A21D,EMPE09FC790,VND3FC620C0,Approved,42318.65,38784.42,High,2024-01-03,2024-01-04,2024-01-18,Office Supplies
PO1D522702,EMP3360B597,VND466655B2,Approved,21583.99,23812.55,Normal,2024-11-15,2024-11-20,2024-12-20,Office Supplies
PO6963CCCC,EMP6A1EF653,VND75832916,Rejected,27761.01,25274.68,Normal,2024-05-07,2024-05-09,,Raw Materials
POC8F9E151,EMP7F7382A1,VNDC4060F12,Approved,4897.07,4262.49,Normal,2024-07-29,2024-08-02,2024-08-15,Components
PO3BFE969B,EMPB8D88141,VNDD39C47AD,Approved,19223.41,21466.29,Normal,2024-06-24,2024-06-28,2024-07-24,Equipment
POAED0DF7D,EMP9FF8540C,VNDF9F92F21,Approved,14113.08,12438.53,Normal,2024-10-28,2024-10-29,2024-11-19,Equipment
PO4B9A5889,EMP3DD1EE1F,VND86F10A10,Approved,5071.42,4250.21,Critical,2024-06-02,2024-06-04,2024-06-20,Components
PO43E48D92,EMPCB76661D,VND36436386,Approved,37493.59,38076.37,High,2024-09-22,2024-09-27,2024-10-11,Equipment
PO576419DD,EMPE137F654,VND0A251297,Approved,15099.32,16097.4,Normal,2024-08-19,2024-08-20,2024-08-31,Raw Materials
PO685FA6E2,EMP84E613C6,VND09F13EB7,Approved,15979.31,16007.25,Normal,2024-11-25,2024-11-27,2024-12-07,Office Supplies
PO85942A3C,EMPED02C77F,VND75832916,Pending,23280.39,24325.82,Normal,2024-12-07,,,Components
PO880C20A9,EMP3C95887C,VND2258ABB1,Approved,16941.75,16790.74,High,2024-01-21,2024-01-24,2024-02-23,Equipment
POB455EA95,EMPF668C591,VND0300765D,Approved,1909.9,1613.2,Normal,2024-01-18,2024-01-20,2024-02-02,Office Supplies
PO4FB24B29,EMP3AF2466E,VND34BC34BC,Approved,45632.77,45193.62,High,2024-09-04,2024-09-09,2024-09-18,Equipment
PO2E33DC83,EMPDABB7618,VNDD2BB8334,Approved,45734.28,44219.59,High,2024-12-16,2024-12-21,2024-12-28,Raw Materials
PO506D5BBE,EMPEFE5EC66,VNDF7742C98,Approved,23501.96,27972.31,Normal,2024-07-05,2024-07-10,2024-08-01,Services
PO5E631EA3,EMP93466D19,VNDBA0CC89B,Approved,12946.85,13982.65,Normal,2024-12-10,2024-12-12,2024-12-30,Office Supplies
PO5028A2B4,EMP43355C55,VNDAE27E9B6,Approved,29904.9,31592.57,Critical,2024-10-15,2024-10-20,2024-10-28,Services
PO3E850063,EMP97640462,VNDD6FBFD33,Approved,23375.48,24940.49,Normal,2024-07-19,2024-07-20,2024-08-13,Equipment
PO2476C1AF,EMP72FD0D42,VND768A7583,Approved,37189.37,45626.49,Normal,2024-08-31,2024-09-04,2024-09-18,Components
POF2725AAA,EMPCCDE0DCA,VND109E5C6F,Pending,19095.43,17186.05,Normal,2024-12-26,,,Equipment
PO67F0EE16,EMPC11AE387,VND507751E2,Approved,16813.85,16067.8,Normal,2024-03-19,2024-03-21,2024-04-11,Equipment
PO5E77A7DC,EMPA1DAF85A,VNDE1A395FA,Approved,14675.82,15324.65,High,2024-09-28,2024-09-29,2024-10-24,Office Supplies
POC089C22A,EMPC911B917,VND768A7583,Pending,28535.95,35245.87,Normal,2024-08-20,,,Equipment
POCE5A4271,EMP1825821E,VND76746C6A,Approved,26807.06,22852.57,Normal,2024-12-20,2024-12-22,2024-12-29,Raw Materials
PO565A909B,EMP3A95914B,VNDF7742C98,Approved,34184.69,42144.55,Normal,2024-09-04,2024-09-06,2024-09-12,Office Supplies
POA9A9851E,EMP600CF22E,VND3A746CBD,Approved,14766.6,12835.27,High,2024-11-26,2024-11-29,2024-12-13,Equipment
POD4632E61,EMP90E11600,VND79774EB1,Approved,36545.48,36396.71,High,2024-01-19,2024-01-21,2024-02-07,Raw Materials
POBCEB1AC5,EMPBACFD35C,VND97FA9A66,Approved,35243.23,43114.44,Normal,2024-02-24,2024-02-27,2024-03-09,Office Supplies
POF9993C9C,EMP82E641E2,VND22E4CBF8,Pending,7759.91,9105.24,High,2024-09-01,,,Office Supplies
PO7997F36C,EMPA4B7EC21,VND22E4CBF8,Approved,5298.73,5946.42,Normal,2024-04-20,2024-04-23,2024-05-20,Raw Materials
POEF8A35E9,EMP06020E82,VND8C1D087C,Rejected,25575.28,26074.31,Normal,2024-06-05,2024-06-08,,Raw Materials
PO87F6E2EF,EMP99CFB3AA,VNDA9CEA40D,Approved,13894.55,11694.07,Normal,2024-11-09,2024-11-13,2024-12-01,Office Supplies
POBFBC0EF6,EMP81A02242,VND7DD7F0E9,Cancelled,1622.45,1553.56,Normal,2024-12-30,2025-01-01,,Raw Materials
POF0961414,EMP7C3BC454,VND1DF449E3,Approved,33274.42,29443.5,Normal,2024-06-05,2024-06-10,2024-07-03,Raw Materials
PO6DB9DE75,EMP3EEA517D,VND38095B8C,Approved,9553.92,9470.28,Critical,2024-01-31,2024-02-01,2024-02-19,Office Supplies
PO53F562A3,EMP600CF22E,VNDA74DADEC,Approved,22788.75,22122.46,Normal,2024-12-18,2024-12-23,2025-01-06,Equipment
PO91A27CA2,EMP5C070AB0,VNDC73A3BD4,Approved,17361.74,16380.96,High,2024-02-26,2024-02-28,2024-03-28,Raw Materials
PO5553CE9F,EMP0316C178,VND6E96F23C,Cancelled,19772.98,17887.6,High,2024-06-21,2024-06-22,,Office Supplies
POBC88C5F3,EMP81268E37,VND37AB5C39,Cancelled,2920.62,3522.41,Critical,2024-07-23,2024-07-25,,Office Supplies
PO797ABE9A,EMP8B4E0F51,VND411B979D,Approved,28715.25,29441.67,Normal,2024-04-17,2024-04-21,2024-05-03,Raw Materials
POC1B0915B,EMP077343A8,VNDE1A395FA,Pending,22466.47,22286.37,Normal,2024-04-05,,,Components
PO0C3295EB,EMP815FC288,VND80A0A536,Approved,44483.0,47774.83,Normal,2024-01-04,2024-01-05,2024-01-11,Services
PODC83DC67,EMPD5D4B6D0,VND7DD7F0E9,Approved,14019.4,11744.95,Normal,2024-08-18,2024-08-23,2024-09-11,Equipment
POBCF10B84,EMPE4AF66C6,VND3FC620C0,Approved,2278.39,2091.89,Normal,2024-12-16,2024-12-17,2025-01-02,Services
POEE0BFD24,EMP2300AC01,VND7B4F5D31,Approved,32793.73,38984.5,High,2024-07-16,2024-07-20,2024-07-29,Raw Materials
POAF5D3979,EMP8DAE0F39,VND5B2EC8F1,Approved,16904.77,17281.0,High,2024-02-25,2024-02-27,2024-03-15,Office Supplies
POA1F6274A,EMP0E32A8E1,VND3A80813D,Approved,8179.03,9111.92,High,2024-07-07,2024-07-11,2024-07-27,Services
PO408A82F5,EMP78B106E1,VND0D050C25,Approved,25335.74,25708.93,Normal,2024-11-15,2024-11-17,2024-11-23,Components
PO6773D39F,EMPDED8493E,VND23FDC749,Approved,10544.95,10847.68,High,2024-04-10,2024-04-13,2024-04-27,Components
POC5304C15,EMPB01B046D,VND190C8D31,Approved,30045.23,30815.99,Critical,2024-03-21,2024-03-23,2024-04-17,Services
POE3D331BE,EMP06D40A53,VND2500CE76,Approved,35524.58,39025.38,Normal,2024-11-29,2024-12-01,2024-12-21,Components
POD16D7B05,EMPC1B38571,VNDDA6D8C81,Pending,55709.54,48381.97,Critical,2024-02-22,,,Equipment
PO275DDB4E,EMPD82F8E2B,VND27D705EA,Approved,18122.88,18055.87,Normal,2024-07-13,2024-07-14,2024-07-25,Services
PO585FAAAB,EMPEDB2CF2E,VND88584A44,Rejected,27251.66,33645.61,Normal,2024-09-09,2024-09-12,,Services
PO210E03AE,EMPEB0427AB,VND44174C92,Pending,31378.62,30823.54,High,2024-12-08,,,Raw Materials
POABE907B6,EMP12C00B8C,VND2258ABB1,Approved,32573.28,28622.28,Normal,2024-02-09,2024-02-14,2024-02-22,Office Supplies
PO6AA98E9A,EMP75298460,VND66028154,Approved,6352.64,7894.78,Normal,2024-10-27,2024-10-28,2024-11-19,Office Supplies
POE4F692B0,EMPE540F591,VND0A251297,Cancelled,30049.74,29425.26,Critical,2024-09-01,2024-09-03,,Services
POE42DAB3C,EMPE23BED9B,VND34264845,Approved,35999.81,31622.29,High,2024-06-21,2024-06-24,2024-07-14,Office Supplies
PO292D992A,EMP26519C67,VND34BC34BC,Approved,36510.44,37732.25,Normal,2024-05-02,2024-05-07,2024-05-18,Raw Materials
PO6B19C151,EMP21538385,VNDB1228DD8,Approved,20529.75,22588.73,High,2024-08-07,2024-08-09,2024-08-18,Equipment
PO56F498E4,EMP8B89FE3F,VNDD95DB1B7,Pending,35931.65,33319.44,High,2024-10-10,,,Services
POF2B18AE0,EMPA4D63EAB,VND67D32B2F,Approved,36917.09,33251.98,High,2024-12-21,2024-12-22,2025-01-18,Raw Materials
PO3883279A,EMPB1258C15,VND37AB5C39,Approved,48655.6,48505.71,High,2024-03-18,2024-03-23,2024-04-03,Components
PO2E74ABEF,EMPF75547B5,VND0D050C25,Approved,37266.25,43498.82,High,2024-05-26,2024-05-28,2024-06-15,Raw Materials
POF6C5B1D2,EMP93C010F9,VND09F13EB7,Approved,28193.91,30893.36,Normal,2024-09-04,2024-09-06,2024-09-22,Components
PO9C86562F,EMP97CCB2F4,VND4EA7F305,Pending,10597.26,10701.33,Normal,2024-04-23,,,Office Supplies
PO92D3B5B6,EMP69922570,VNDA0E8AF6C,Approved,32465.45,29043.64,Normal,2024-01-10,2024-01-15,2024-02-10,Services
POB98813E0,EMP21FF00F9,VNDF08F6829,Approved,16774.87,14825.35,Normal,2024-11-20,2024-11-25,2024-12-20,Raw Materials
PO335296BE,EMP425F23E3,VNDE05F71D7,Approved,25859.85,24813.4,Normal,2024-01-19,2024-01-22,2024-02-19,Equipment
POA1F51A33,EMP2019912B,VNDE05F71D7,Approved,11581.54,14126.76,Normal,2024-10-06,2024-10-07,2024-10-25,Office Supplies
PO1EE2A9A7,EMP9FC51148,VND03F2A471,Approved,9287.57,9696.33,Normal,2024-10-18,2024-10-22,2024-11-06,Equipment
PO5242F574,EMP48609F7A,VNDF7742C98,Approved,25943.95,23329.58,Normal,2024-03-25,2024-03-29,2024-04-07,Office Supplies
PO8CC06EA7,EMPC83E8643,VNDF909C443,Approved,37843.17,43035.48,Normal,2024-04-01,2024-04-06,2024-04-14,Raw Materials
PO97046C82,EMPDC42375B,VND489E103A,Approved,57493.14,48087.65,Critical,2024-08-17,2024-08-21,2024-09-04,Components
PO51E5CF5F,EMPB23FEF25,VND07A84740,Approved,47829.46,45118.72,Normal,2024-03-10,2024-03-13,2024-03-30,Components
PO7129CDBD,EMP223754A5,VND894C6368,Rejected,6638.46,6882.97,Normal,2024-12-09,2024-12-12,,Office Supplies
PO3287B279,EMPBD39CCB7,VND4520F17A,Approved,8402.43,9180.79,High,2024-07-20,2024-07-22,2024-07-27,Office Supplies
POC492921A,EMP32662E30,VND466655B2,Approved,23329.43,21684.01,Normal,2024-10-14,2024-10-17,2024-11-09,Services
POEC4B80DD,EMPAC11F100,VND36436386,Approved,17821.75,18663.54,Normal,2024-08-19,2024-08-23,2024-09-12,Equipment
PO44820F83,EMP6FC3C701,VNDB598AD91,Approved,43190.15,39574.62,Normal,2024-06-05,2024-06-10,2024-06-22,Raw Materials
PO27C68870,EMPCD5F3FE7,VNDC995E3B7,Approved,36511.85,33259.02,Normal,2024-10-08,2024-10-11,2024-10-17,Services
POB4DB14E9,EMPEA4087C3,VND466655B2,Approved,52995.65,47814.97,Normal,2024-11-29,2024-12-01,2024-12-19,Office Supplies
PO14015A71,EMPAA9612DC,VND3FC620C0,Rejected,5085.51,4617.4,Normal,2024-06-23,2024-06-25,,Components
PO1E8ABDCD,EMPBB78AEAA,VND75832916,Approved,51857.73,49467.98,Normal,2024-10-14,2024-10-15,2024-11-12,Equipment
PO3E9E9DD1,EMP6D882F68,VND1DF7F1DC,Approved,23568.16,23089.49,Normal,2024-08-17,2024-08-21,2024-09-13,Equipment
POA75C339E,EMP71E918C9,VND57CA31A1,Pending,6294.01,6173.68,High,2024-12-14,,,Office Supplies
POA1FEBF10,EMP8C783A0A,VNDCAF05089,Pending,19857.12,21358.12,Normal,2024-07-09,,,Raw Materials
PO4CE88B69,EMP02B50B0C,VND6FADEC72,Rejected,18341.35,15828.51,Normal,2024-07-21,2024-07-22,,Raw Materials
POD413992D,EMP1C872DD0,VNDC995E3B7,Pending,16735.17,17596.19,Normal,2024-11-14,,,Equipment
PO05890801,EMP62448F85,VND020FD5AF,Approved,2402.84,2271.41,Normal,2024-05-07,2024-05-11,2024-06-04,Equipment
PO80A48C1E,EMPEEDBEE3E,VND2D25DD42,Approved,48450.17,41937.67,Normal,2024-07-08,2024-07-09,2024-08-01,Raw Materials
PO7EC2F2FA,EMP8B55104C,VNDD24A1BC5,Approved,4494.83,5333.35,Normal,2024-08-30,2024-09-01,2024-09-27,Office Supplies
POBBDE2E3A,EMP70D292CE,VND859AA544,Approved,16227.56,17918.41,Normal,2024-10-30,2024-11-03,2024-11-22,Raw Materials
POD5E79C9E,EMP64338D5F,VND79774EB1,Approved,27738.98,27237.81,Normal,2024-03-30,2024-04-01,2024-04-17,Components
PO773CD6AB,EMPE979A9C6,VND859AA544,Approved,37539.25,32625.77,Normal,2024-09-20,2024-09-23,2024-10-02,Equipment
POEDE98828,EMP947907EC,VNDC939E188,Approved,29788.89,32390.19,Normal,2024-06-04,2024-06-09,2024-06-18,Services
PO4E1CBE7B,EMP60390AAA,VND859AA544,Approved,20684.77,23612.24,Normal,2024-05-18,2024-05-23,2024-05-30,Services
PO6562690F,EMPD31B72F2,VND19CF5E06,Pending,28200.21,27354.4,Normal,2024-12-12,,,Services
PO89D1E3CB,EMPFBD080AD,VND4AFDF46C,Approved,34300.32,28841.16,Normal,2024-08-30,2024-09-01,2024-09-25,Office Supplies
PO6C730B32,EMPF89D7930,VNDFDC347F6,Approved,31239.1,28398.58,Normal,2024-08-03,2024-08-08,2024-08-17,Equipment
POFBDD59D0,EMPF18271A5,VND411B979D,Approved,52276.63,44486.77,Normal,2024-05-07,2024-05-12,2024-05-24,Services
PO4937F1B5,EMP58E9A1B9,VNDCDB882C0,Approved,52135.05,49179.61,Normal,2024-08-02,2024-08-07,2024-08-21,Office Supplies
PO3A6FE41E,EMP4D4CD89B,VND020FD5AF,Approved,21649.06,22115.4,Normal,2024-09-01,2024-09-06,2024-09-18,Raw Materials
PO280E6E41,EMP82460A1E,VND97E5802F,Approved,35109.62,36871.81,Normal,2024-12-30,2025-01-02,2025-01-13,Components
POA9180487,EMPDCB7AE3D,VNDF7742C98,Pending,25942.62,27015.72,Normal,2024-06-01,,,Equipment
POCBE73DD1,EMPC8930AB4,VND020FD5AF,Approved,3205.6,2880.92,Critical,2024-08-24,2024-08-26,2024-09-07,Office Supplies
POEAE2CB6E,EMP0FA8DDB2,VND75832916,Pending,35370.12,42250.47,Normal,2024-09-14,,,Equipment
PO60AF97BF,EMPAE2DB492,VND139B2EB5,Rejected,16756.51,17930.26,Critical,2024-03-16,2024-03-19,,Services
PO1674A0A4,EMPF03500F0,VNDAADD0D4D,Approved,17702.99,15897.1,Normal,2024-06-11,2024-06-13,2024-06-21,Components
POB9479890,EMP9AA23030,VNDA957A7D0,Pending,5573.54,5599.1,High,2024-01-20,,,Raw Materials
PO834D873E,EMP92078BE3,VNDCAE263CC,Approved,40846.96,43318.17,Normal,2024-06-02,2024-06-03,2024-07-01,Services
PO1AA4DFDE,EMP52348239,VND4706504E,Approved,29043.68,34425.09,Normal,2024-10-07,2024-10-12,2024-10-18,Components
PO9D3849C1,EMP8895C2DB,VND6C887C82,Approved,13003.42,10884.23,Normal,2024-08-24,2024-08-25,2024-09-08,Services
POA6E82170,EMPE5F2D0FA,VNDFDC347F6,Approved,13991.17,16729.24,Normal,2024-05-31,2024-06-03,2024-06-25,Office Supplies
POA704A2BD,EMP71B23ADA,VND09F13EB7,Approved,18762.43,23009.98,Critical,2024-12-28,2024-12-30,2025-01-05,Components
PO3279161B,EMP3F838765,VND3FC620C0,Approved,11438.41,10827.99,Normal,2024-11-14,2024-11-16,2024-11-28,Components
PODB05D29F,EMP56299863,VND466655B2,Approved,53829.56,49254.88,Normal,2024-10-28,2024-10-29,2024-11-06,Services
POEDCD002D,EMPA0DBAA3E,VND18221D96,Approved,40160.18,35079.85,Normal,2024-06-24,2024-06-29,2024-07-16,Office Supplies
POC666EA10,EMP1B99714D,VND8539FA55,Approved,32226.53,29343.87,Critical,2024-05-14,2024-05-16,2024-06-03,Components
POD43D8F1F,EMPA14CAD8A,VND466655B2,Approved,12898.06,12141.57,Normal,2024-08-22,2024-08-27,2024-09-16,Equipment
PO62035122,EMP906322AB,VND27CBAF37,Approved,20017.7,22452.56,Normal,2024-11-06,2024-11-09,2024-11-15,Services
POE9834701,EMPD6216EF2,VND7DD7F0E9,Approved,5137.37,5824.44,Normal,2024-06-27,2024-07-02,2024-07-31,Equipment
POA7AD5FB7,EMP9F01F92E,VND3AF51314,Approved,25611.74,26028.79,High,2024-11-25,2024-11-27,2024-12-06,Office Supplies
PO2BA1426E,EMPCBF653AB,VNDF549E284,Pending,27251.49,28103.07,Critical,2024-12-06,,,Services
PO8936C108,EMPC20E5ADA,VND3B5BB0BC,Approved,8721.32,8424.23,Normal,2024-07-22,2024-07-27,2024-08-17,Office Supplies
PO42ED9525,EMP7298C529,VND1A32B030,Pending,35387.89,38747.2,Normal,2024-11-07,,,Equipment
PO1E0C204B,EMP13654F68,VNDF5F231C0,Approved,27473.29,23182.33,Normal,2024-11-20,2024-11-22,2024-12-11,Raw Materials
POE02152C3,EMP49D9D338,VND86F10A10,Approved,12229.04,13846.99,Normal,2024-10-05,2024-10-08,2024-10-30,Services
POE1F64D36,EMP9FBCCBD5,VND0CE75C53,Approved,24081.12,28327.14,Normal,2024-06-14,2024-06-17,2024-07-07,Components
PO4060B569,EMP6A1C5243,VNDF7A9FFF9,Approved,6051.42,7237.4,Normal,2024-07-25,2024-07-30,2024-08-07,Office Supplies
PO9488C7FF,EMPC497FE42,VND1DF7F1DC,Approved,34192.29,31759.72,Normal,2024-06-19,2024-06-21,2024-07-15,Office Supplies
PO55BD2672,EMP8D37F2EB,VND10335071,Pending,14048.4,17405.13,Normal,2024-07-16,,,Components
PO6D4B6F0C,EMP8B697E21,VND44174C92,Pending,36908.85,44789.36,Normal,2024-06-12,,,Raw Materials
PO62159A81,EMP479A9FA7,VND23FDC749,Approved,1579.26,1365.62,Normal,2024-01-19,2024-01-24,2024-02-01,Raw Materials
POF8D71CFC,EMPB677E287,VND27CBAF37,Pending,4061.66,4566.85,Normal,2024-01-05,,,Components
PO7E2D98C3,EMP713A8F59,VND65B60718,Approved,42838.26,38143.44,Normal,2024-10-31,2024-11-05,2024-12-01,Equipment
POB8EF802C,EMP0F6BEC9B,VNDF9F92F21,Cancelled,52333.95,49918.86,Normal,2024-03-23,2024-03-25,,Components
POF3996007,EMPEF5AF759,VNDAADD0D4D,Approved,17886.27,20074.27,Normal,2024-10-06,2024-10-07,2024-10-28,Services
POFC44BE87,EMPA44A433C,VND44174C92,Approved,20343.72,24762.16,Normal,2024-08-29,2024-08-30,2024-09-24,Components
PO3D0EBEEE,EMP2D635EAD,VND8CAEB48D,Rejected,34847.09,29740.09,Normal,2024-10-29,2024-11-01,,Equipment
PODB241D9A,EMPB65485B6,VND1DF449E3,Approved,48112.34,47846.06,Normal,2024-12-30,2024-12-31,2025-01-15,Raw Materials
PO5734936B,EMP336B7690,VND411B979D,Pending,31305.45,37104.71,Critical,2024-12-03,,,Components
POB4DC331B,EMPEABF9341,VND80A0A536,Approved,7455.65,9161.45,Normal,2024-12-14,2024-12-16,2025-01-14,Equipment
PO34D81742,EMPB03BC413,VNDB643A5C9,Approved,4178.52,4016.8,Critical,2024-06-08,2024-06-10,2024-07-04,Raw Materials
PODEF05093,EMP32AEFF19,VNDA68A83A5,Approved,2349.38,2799.01,High,2024-02-17,2024-02-20,2024-03-20,Services
POF7B28C6D,EMP40CBAC68,VNDCAE263CC,Approved,34106.58,31587.86,Normal,2024-12-26,2024-12-30,2025-01-19,Equipment
PO7028A47F,EMP70447AD2,VND466655B2,Pending,55374.38,47074.48,Critical,2024-10-08,,,Components
PO40B7B670,EMP1CDEB4F0,VND57CA31A1,Pending,28795.01,25623.7,Normal,2024-07-25,,,Office Supplies
PO15EB9035,EMP4A01108D,VNDD2BB8334,Approved,30574.13,30470.96,Normal,2024-04-02,2024-04-07,2024-04-25,Raw Materials
PO5D3AA9C3,EMPDAF0886E,VNDD39C47AD,Approved,39850.86,49723.15,Critical,2024-11-01,2024-11-02,2024-11-22,Services
POF2B4EB41,EMP63B5ABA3,VND7DD7F0E9,Approved,18739.55,23323.81,High,2024-11-05,2024-11-10,2024-12-08,Components
PO0088828F,EMP1A2C812A,VND2AF9B25B,Approved,31513.65,31427.16,High,2024-11-18,2024-11-21,2024-12-11,Equipment
PO38910AC5,EMPFBDD7747,VND8CAEB48D,Approved,25885.63,28337.95,Normal,2024-12-11,2024-12-16,2025-01-15,Services
PO7763328C,EMP3687B56B,VNDD6D686D6,Rejected,25244.41,31299.29,Normal,2024-11-24,2024-11-27,,Components
PO9099B5BB,EMP78A462BC,VND34264845,Approved,35382.67,41253.45,Critical,2024-09-24,2024-09-27,2024-10-20,Office Supplies
PO97A0C2AC,EMP991BE4AC,VND5B2EC8F1,Rejected,52541.0,48747.89,Normal,2024-04-05,2024-04-07,,Components
POBE68214F,EMPA5BD9A69,VND894C6368,Approved,37101.39,41538.23,Normal,2024-12-05,2024-12-10,2025-01-06,Components
POBB1B17B5,EMP723085B6,VND589660CD,Pending,1970.33,1974.95,Normal,2024-09-01,,,Services
POE2B19023,EMP59525083,VND86F10A10,Pending,11341.47,9486.83,High,2024-07-23,,,Services
POBDE87F71,EMP68616062,VND96325CEF,Pending,10270.48,11033.58,Normal,2024-06-13,,,Office Supplies
POCE647953,EMP12A454D9,VND22E4CBF8,Approved,47167.67,47388.78,High,2024-09-06,2024-09-09,2024-09-18,Components
PO6BB88947,EMP7BC1038A,VND3A80813D,Approved,24963.04,20941.19,High,2024-07-09,2024-07-14,2024-08-03,Office Supplies
PO9EAD16E4,EMPFE72EFC7,VND589660CD,Approved,6444.8,5774.13,Normal,2024-08-05,2024-08-10,2024-08-15,Components
PO58DDF2E5,EMP305E0E6E,VNDB643A5C9,Approved,19688.39,16951.62,Normal,2024-08-19,2024-08-22,2024-08-29,Services
PO0A80D208,EMPEA6A68CE,VND1199176D,Cancelled,46649.46,47218.81,Normal,2024-02-26,2024-02-28,,Components
PO44FC1F34,EMP7E958AAA,VND4F7B00FC,Pending,43971.06,41569.97,Normal,2024-05-01,,,Components
PO2A1BC5EB,EMPB6FD480B,VND557FD788,Approved,4481.66,4287.23,High,2024-07-20,2024-07-25,2024-08-01,Components
POD0FFAE67,EMPDE80F390,VNDAAF2A28A,Pending,7012.85,8011.49,Normal,2024-07-17,,,Equipment
POF904DC0A,EMP76F8DB51,VNDCE923A65,Approved,36458.66,33500.89,Normal,2024-02-01,2024-02-03,2024-03-03,Office Supplies
PO2747FC75,EMP0672A473,VND1C52ED63,Approved,36545.34,33141.17,Normal,2024-08-16,2024-08-18,2024-08-30,Office Supplies
PO58E24DEB,EMP80F5F390,VNDF9F92F21,Approved,32426.71,28749.69,Normal,2024-06-21,2024-06-24,2024-07-23,Raw Materials
PO88BD5314,EMP9AF9441D,VNDD24A1BC5,Pending,3196.67,2861.73,Normal,2024-04-20,,,Raw Materials
PO65AB1882,EMPF7B74C26,VNDB520DAB7,Approved,7787.21,8476.4,Normal,2024-11-13,2024-11-18,2024-12-08,Components
POBE145D62,EMPC06A617C,VND4AFDF46C,Approved,52678.02,45614.94,High,2024-10-20,2024-10-22,2024-10-27,Services
POA6639011,EMP7EEDB4BC,VNDB643A5C9,Pending,19598.06,19334.05,High,2024-02-19,,,Office Supplies
PO976CCA16,EMPEE88E9FD,VND57CA31A1,Pending,666.29,570.56,Normal,2024-12-20,,,Components
POD69614DB,EMPEB317F27,VNDA957A7D0,Pending,4683.45,5356.71,Normal,2024-07-24,,,Components
PODC42D2A5,EMPF28CC8D2,VND557FD788,Approved,39162.37,46507.45,Normal,2024-05-11,2024-05-13,2024-06-05,Raw Materials
PO795D2ADD,EMPAE0450DC,VND4520F17A,Pending,7234.03,8908.94,Normal,2024-01-22,,,Equipment
PO1E3F4FA0,EMPF4F1D532,VND275CA511,Approved,37895.88,34594.01,High,2024-01-14,2024-01-18,2024-02-03,Components
PO8AF854B5,EMP48E7E7AE,VND999ED598,Approved,18413.95,20561.07,Normal,2024-11-23,2024-11-24,2024-12-18,Raw Materials
PO45C6EB01,EMP456D5269,VND768A7583,Pending,7527.27,8709.38,Normal,2024-11-07,,,Services
POBD5DA858,EMP6178FFC1,VND3D2A9A3A,Approved,447.12,387.18,Critical,2024-04-12,2024-04-13,2024-05-08,Raw Materials
PO008A0AB3,EMPF8CFE152,VND590E7C93,Rejected,6973.62,7059.3,High,2024-05-17,2024-05-20,,Equipment
PO1DA4DED5,EMPB000054D,VNDAE27E9B6,Rejected,33532.86,36714.23,High,2024-12-25,2024-12-26,,Equipment
POA0EE1067,EMPE665F393,VND6C887C82,Approved,24813.34,27663.2,High,2024-11-30,2024-12-05,2024-12-29,Office Supplies
PO4216762C,EMP097CEBDE,VND17D7E4DC,Approved,22743.3,23389.69,Normal,2024-11-03,2024-11-07,2024-11-19,Office Supplies
POE63B08B0,EMP247F9657,VNDEB6F8ED3,Pending,22520.58,24627.35,Normal,2024-04-14,,,Raw Materials
PO8D1BC90C,EMP6FC07919,VND75832916,Approved,45632.99,45146.69,High,2024-06-28,2024-07-02,2024-07-19,Office Supplies
PO0168AEDB,EMPFFD69B13,VNDE6156EFE,Approved,3698.62,3907.08,Normal,2024-11-01,2024-11-02,2024-11-27,Office Supplies
PO185FC9F4,EMP3D290290,VND999ED598,Approved,45461.82,41529.81,Normal,2024-08-23,2024-08-27,2024-09-18,Raw Materials
PO7BE3C3FB,EMP9AAE9928,VND9DFC7925,Approved,38304.56,41897.15,Normal,2024-09-21,2024-09-22,2024-10-20,Equipment
PO273CCFD9,EMP0BF05170,VNDCDB882C0,Approved,11617.91,10492.29,Normal,2024-08-29,2024-08-30,2024-09-24,Office Supplies
PO815E2E57,EMP9100CF33,VND49098C56,Approved,18636.79,18976.91,High,2024-10-05,2024-10-10,2024-10-26,Equipment
PO05011E74,EMPA96F92FA,VND9724A5FF,Approved,45037.9,38394.56,Critical,2024-09-05,2024-09-10,2024-10-02,Components
PO2BD91A20,EMP27CD19E4,VNDF5F231C0,Approved,5388.64,5060.43,Normal,2024-04-14,2024-04-16,2024-04-24,Services
POB38E7887,EMPE909A331,VND768A7583,Approved,25320.69,31643.9,High,2024-01-06,2024-01-09,2024-01-22,Raw Materials
POE5EF203F,EMP61015047,VND4F7B00FC,Rejected,33979.24,29370.03,High,2024-03-04,2024-03-06,,Services
PO55E96BDE,EMP41441877,VNDD95DB1B7,Approved,9064.49,9637.92,Normal,2024-07-29,2024-07-31,2024-08-24,Equipment
POD435BE2A,EMP68A85651,VND8539FA55,Approved,26863.35,24409.04,Normal,2024-04-20,2024-04-23,2024-05-16,Equipment
PO3E7D205F,EMPC6945BFC,VNDC178B24A,Approved,9621.27,8494.17,Normal,2024-12-15,2024-12-19,2024-12-27,Services
POBAAFF791,EMPDF83CA5B,VND3D2A9A3A,Approved,47563.78,40647.51,High,2024-12-20,2024-12-23,2025-01-20,Equipment
PO886978D4,EMPFB196304,VND557FD788,Approved,21210.82,25644.78,Normal,2024-11-05,2024-11-08,2024-11-15,Components
PO41230C98,EMP2193DF3B,VNDC4060F12,Approved,390.87,450.48,Normal,2024-01-19,2024-01-23,2024-01-30,Equipment
PO3F370B97,EMPF7B2FAE5,VND79774EB1,Approved,29938.67,26607.09,Normal,2024-05-19,2024-05-24,2024-06-18,Equipment
POF517CA93,EMP0D5558BB,VND18221D96,Approved,35096.07,36467.39,Normal,2024-04-23,2024-04-24,2024-05-01,Office Supplies
PO15D14887,EMP28E0C772,VND4EC61792,Approved,1936.05,2288.46,Normal,2024-06-19,2024-06-21,2024-07-11,Raw Materials
PO4D8894AE,EMP94B6AB47,VND07F575C8,Approved,57258.99,49013.55,Normal,2024-10-23,2024-10-24,2024-11-05,Equipment
PO613E6F72,EMP43F94B53,VND275CA511,Cancelled,2584.57,2233.8,Normal,2024-08-09,2024-08-11,,Raw Materials
POC8723D33,EMP16FF2B31,VND19CF5E06,Approved,42379.63,46161.86,Normal,2024-11-16,2024-11-20,2024-12-13,Office Supplies
PO82DAC4C5,EMP61C72649,VND1A73FC33,Approved,29706.55,31554.78,Normal,2024-10-09,2024-10-10,2024-10-23,Services
PO3CEC10A5,EMPB4F1DB10,VNDAEE88F85,Pending,13806.71,15860.06,Normal,2024-12-30,,,Equipment
POD6BEBE3D,EMPF5ED01D4,VND07A84740,Approved,18919.95,18560.39,Normal,2024-06-17,2024-06-22,2024-07-20,Services
PO0A202D92,EMP1D089DBD,VND154E8965,Pending,1534.6,1565.15,Normal,2024-05-15,,,Services
POD540CB22,EMP42361493,VND34264845,Pending,5530.87,5490.76,Normal,2024-06-19,,,Services
POAA263206,EMP18E9E347,VNDC4092504,Approved,16557.9,15679.21,Critical,2024-01-20,2024-01-22,2024-02-20,Office Supplies
PO17782773,EMPA4D63EAB,VNDD95DB1B7,Pending,14263.77,17248.49,Normal,2024-03-08,,,Equipment
POCF4F85FC,EMP28ABE988,VNDD902468E,Rejected,33220.58,28161.85,Normal,2024-01-19,2024-01-21,,Office Supplies
PO44A22ADD,EMP9A2C21B7,VND2FE40F33,Approved,22518.46,22097.58,Normal,2024-12-19,2024-12-22,2025-01-16,Services
POCAC63CFD,EMPC6B97225,VNDA402B738,Approved,27831.13,24838.0,Normal,2024-01-02,2024-01-06,2024-01-23,Office Supplies
PO0F767B25,EMPD0D376E5,VNDCE923A65,Approved,25030.15,21412.44,Normal,2024-08-01,2024-08-03,2024-08-14,Services
PO0A0397CD,EMPEDD5B94C,VND8539FA55,Approved,13764.44,14876.06,High,2024-03-16,2024-03-20,2024-04-15,Raw Materials
POD7F7AFC6,EMPCD900218,VND11B92497,Approved,6492.94,7401.9,Normal,2024-08-12,2024-08-14,2024-08-24,Services
PO3DB21BE5,EMPAC570E1E,VNDB3180A0E,Approved,29078.56,27360.53,Normal,2024-04-03,2024-04-04,2024-04-13,Raw Materials
PO79B30544,EMP5A98ED8C,VND76F0F0E0,Approved,14506.29,16828.56,Normal,2024-04-13,2024-04-17,2024-05-12,Services
PO8D9695C5,EMP40431578,VNDCAF05089,Approved,24886.84,23007.41,Normal,2024-03-05,2024-03-07,2024-03-25,Components
PO3C83790C,EMPD453B0A3,VNDCE923A65,Approved,19877.73,17464.97,Normal,2024-08-04,2024-08-05,2024-08-25,Components
POAF1947CC,EMP81C18E04,VND4DC2D394,Pending,25288.79,21905.06,Critical,2024-02-08,,,Raw Materials
POD7863359,EMP306533DF,VND23FDC749,Approved,426.65,498.19,Normal,2024-04-07,2024-04-09,2024-04-27,Equipment
POEE026D30,EMP7070BEAD,VND88584A44,Approved,28946.12,29233.0,Normal,2024-12-31,2025-01-05,2025-01-18,Raw Materials
PO3F7A5C11,EMPC09A2367,VNDA74DADEC,Approved,5737.71,5509.36,Normal,2024-01-23,2024-01-28,2024-02-08,Components
POA482DF60,EMP88B4D4E4,VND616471F8,Approved,13148.22,11465.6,High,2024-07-05,2024-07-07,2024-07-14,Components
PO8CFB4F55,EMP5441322A,VNDEA23339B,Approved,11951.08,11772.11,Normal,2024-07-24,2024-07-27,2024-08-01,Services
PO65CB89C4,EMP89774A49,VND4D8ED92A,Pending,40750.63,42785.51,Normal,2024-05-17,,,Equipment
PO27136A09,EMPF9FF80BD,VND6B54C68D,Approved,145.67,157.55,Normal,2024-12-04,2024-12-09,2024-12-15,Office Supplies
PO12763F64,EMPDCAA7E6E,VNDCFB6DC09,Cancelled,11391.75,10978.99,Normal,2024-11-17,2024-11-20,,Raw Materials
POBF1F936A,EMP70447AD2,VND417BDCE6,Approved,55205.54,47843.12,Normal,2024-04-03,2024-04-07,2024-04-14,Services
PO5A0DC742,EMP43C78FAD,VNDF909C443,Approved,37477.54,33218.04,High,2024-01-19,2024-01-24,2024-02-16,Services
PO56651EA8,EMPC3C7E82C,VND11B92497,Approved,30538.55,32900.46,Normal,2024-12-17,2024-12-21,2024-12-29,Office Supplies
POC1D623A1,EMPD0752F8D,VNDF7742C98,Pending,16509.97,14743.93,Critical,2024-11-29,,,Components
PO103B6882,EMP8088A174,VND6FADEC72,Approved,34172.46,36212.43,Critical,2024-08-23,2024-08-27,2024-09-12,Services
POBFDFDC2B,EMPBCB391FB,VNDF7A9FFF9,Pending,48484.62,41013.73,High,2024-05-07,,,Services
PO197175D2,EMP48E076D1,VNDE13413E5,Pending,16662.24,17928.71,Normal,2024-12-21,,,Office Supplies
POADCF99DE,EMP8BE895D2,VND4EC61792,Approved,17794.28,21126.49,Normal,2024-03-31,2024-04-05,2024-04-29,Office Supplies
PO88735B8E,EMP2AEFEA84,VND07F575C8,Pending,7709.17,9076.71,Critical,2024-12-10,,,Components
PO892BA867,EMP7152ABDE,VNDC4060F12,Approved,6939.1,7559.46,Normal,2024-05-17,2024-05-20,2024-05-29,Equipment
PO3D3C6221,EMP00394380,VNDCAF05089,Approved,32212.78,27776.42,Normal,2024-03-08,2024-03-10,2024-04-07,Equipment
POFF33F9CA,EMPEB229867,VND7B8206C3,Approved,7536.55,8629.25,Normal,2024-02-15,2024-02-20,2024-03-09,Services
PO2B9FA13D,EMPCEA459AD,VND7B4F5D31,Pending,20312.63,20841.44,Normal,2024-01-07,,,Raw Materials
PO74BDC4C4,EMPF9BA7BF4,VND49098C56,Approved,21010.78,22474.85,Critical,2024-07-07,2024-07-09,2024-08-01,Office Supplies
POC6CB3A6A,EMPA91C05C8,VNDB643A5C9,Approved,6021.93,5772.63,Normal,2024-05-10,2024-05-14,2024-05-24,Raw Materials
PO4F6E36BD,EMPE0B72172,VND1A32B030,Approved,43653.51,47695.91,Normal,2024-06-22,2024-06-24,2024-07-16,Services
PO6324804F,EMPAF11D9D3,VND7E4DB750,Approved,47218.89,49483.88,High,2024-12-07,2024-12-10,2024-12-29,Equipment
PO2F81AC20,EMP5D012CA1,VND417BDCE6,Approved,40379.2,45851.87,High,2024-08-08,2024-08-09,2024-08-17,Raw Materials
PO6932B5AB,EMP10BA59EB,VND22E4CBF8,Approved,22917.36,20941.28,High,2024-06-17,2024-06-22,2024-07-20,Office Supplies
PO98161EAD,EMP24170F54,VND4DC2D394,Approved,57300.96,49282.12,Normal,2024-08-28,2024-09-02,2024-09-21,Raw Materials
POFB8575ED,EMP7EEB1F50,VND2094DBBC,Cancelled,34935.39,36512.77,Normal,2024-01-07,2024-01-09,,Services
POD1951213,EMP59D1A35B,VND27CBAF37,Approved,50439.37,42967.17,Normal,2024-01-18,2024-01-19,2024-01-29,Components
PO84A3D365,EMPA55DDA61,VNDB520DAB7,Pending,34744.34,37327.84,Normal,2024-10-02,,,Office Supplies
PO4E54D433,EMPCEFCD87C,VNDD24A1BC5,Approved,916.61,857.51,Normal,2024-01-29,2024-01-31,2024-02-21,Components
PO9FFE648A,EMP27DEF90C,VND75832916,Approved,1661.62,1388.18,Normal,2024-03-18,2024-03-19,2024-03-30,Services
POA04C6738,EMPD70AAF19,VNDD6FBFD33,Approved,55836.3,47777.4,Normal,2024-11-25,2024-11-27,2024-12-09,Office Supplies
PO3F91DA71,EMP7631FC0F,VNDA9CEA40D,Pending,51981.06,46847.92,Normal,2024-04-20,,,Equipment
PO01D3B9D8,EMPE2C0781F,VNDA0E8AF6C,Approved,38893.0,35816.33,Normal,2024-01-26,2024-01-30,2024-02-24,Equipment
POAD620C13,EMP69C3AA78,VNDD6D686D6,Approved,35168.04,33286.21,High,2024-08-13,2024-08-14,2024-08-21,Office Supplies
PO75291C8E,EMP4413DFEE,VND6121FB48,Rejected,40973.08,42282.27,Normal,2024-12-28,2024-12-29,,Office Supplies
PO8E298812,EMPDBD2C48D,VND4520F17A,Approved,906.03,1102.45,Normal,2024-09-11,2024-09-14,2024-10-01,Raw Materials
PO21DF3617,EMP09A2D931,VNDB732CC31,Pending,19635.25,18129.77,Normal,2024-11-14,,,Components
POA35DA5A6,EMPD215372D,VND3FC620C0,Approved,23917.9,28911.8,High,2024-11-27,2024-11-30,2024-12-24,Services
PO3816D292,EMP29AB4521,VND0B515B0E,Approved,15391.79,14724.04,Critical,2024-01-02,2024-01-06,2024-01-25,Services
PODD8A476C,EMPB9C7DD73,VNDF7A9FFF9,Approved,40368.78,45388.16,High,2024-05-10,2024-05-12,2024-05-27,Raw Materials
PO54BB1207,EMP15247710,VND44174C92,Approved,42053.38,43548.97,Normal,2024-04-07,2024-04-08,2024-04-18,Office Supplies
PO1873142F,EMP72E0D6D7,VNDB520DAB7,Approved,19315.82,16157.55,High,2024-04-13,2024-04-17,2024-05-03,Office Supplies
POF3830FEB,EMPD9433A40,VND4F7B00FC,Approved,33851.92,38527.43,Normal,2024-02-01,2024-02-05,2024-02-23,Equipment
PO815A96EE,EMP5ABA28A3,VND07F575C8,Approved,24958.49,22028.37,High,2024-06-09,2024-06-13,2024-07-05,Raw Materials
PO4D430A5A,EMP98883729,VNDF7A9FFF9,Approved,26242.92,22963.99,High,2024-10-08,2024-10-09,2024-10-28,Services
PO33357F12,EMPD976EA79,VND557FD788,Approved,3996.1,4199.55,Normal,2024-10-13,2024-10-18,2024-10-26,Equipment
POFA09D0FC,EMP5863D3D6,VND048CF2D5,Approved,27595.57,30145.21,High,2024-05-29,2024-05-30,2024-06-22,Raw Materials
POD58BA45D,EMP4B29AB33,VND6121FB48,Approved,6017.46,5481.46,Normal,2024-12-11,2024-12-12,2025-01-01,Components
POC66CDB61,EMP5A911737,VND96325CEF,Pending,12459.51,14298.45,Critical,2024-11-25,,,Equipment
PO05E0D505,EMP63A80A0C,VNDE13413E5,Approved,11662.3,11616.45,Normal,2024-02-12,2024-02-14,2024-02-19,Office Supplies
POB91CAC23,EMPC5817044,VND65B60718,Pending,30617.96,28108.77,Normal,2024-03-01,,,Office Supplies
PO1826D1A3,EMP97A4DC7B,VNDA68A83A5,Pending,46276.5,41050.57,Normal,2024-05-11,,,Office Supplies
PO75456387,EMP398A91BD,VND6B54C68D,Rejected,12204.87,10914.2,Critical,2024-04-16,2024-04-19,,Raw Materials
PO02F5134E,EMPFAB97095,VND38095B8C,Approved,44219.74,42722.15,Normal,2024-01-31,2024-02-02,2024-02-11,Services
PO105AA663,EMP5AED1FAB,VNDE05F71D7,Approved,25894.85,32064.06,Normal,2024-06-21,2024-06-24,2024-07-04,Office Supplies
PO3A048037,EMP83FD98ED,VNDFDC347F6,Approved,7199.14,6205.18,High,2024-02-25,2024-03-01,2024-03-13,Services
POEA4CE8CA,EMP20C94B41,VND466655B2,Pending,1010.53,1121.6,Normal,2024-03-17,,,Services
POEC1614A6,EMPAB3DCD43,VND048CF2D5,Approved,35170.81,35217.45,Critical,2024-01-30,2024-02-01,2024-02-22,Raw Materials
PO3FA6C686,EMP8DD214EB,VND448E4836,Pending,46032.31,38981.45,Normal,2024-06-19,,,Office Supplies
PO0FACFED6,EMPF86E0622,VND650A3AAA,Pending,11438.47,13338.95,Normal,2024-07-11,,,Equipment
PO79827786,EMP8D5278F3,VND22E4CBF8,Pending,11722.66,10421.63,Normal,2024-03-25,,,Raw Materials
POFF639048,EMP010B4052,VNDCFB6DC09,Approved,15194.7,14966.95,High,2024-12-01,2024-12-06,2024-12-27,Components
PO98D5BDEB,EMPB634C91A,VND27CBAF37,Approved,46062.44,38404.79,Normal,2024-12-22,2024-12-25,2025-01-16,Components
POBFD2A75F,EMP7459B62E,VND221D1C44,Approved,8157.76,7173.98,High,2024-07-24,2024-07-26,2024-08-06,Raw Materials
POCF96EE53,EMP21272B8D,VND411B979D,Approved,611.63,536.92,High,2024-01-05,2024-01-09,2024-02-02,Services
PO65528254,EMP4A9731B0,VND5FBBF7E5,Approved,31406.0,27255.03,Critical,2024-12-31,2025-01-01,2025-01-29,Equipment
PO3B151A62,EMP89FE3C28,VNDDFDF8860,Approved,2145.38,2174.36,Critical,2024-05-15,2024-05-16,2024-06-04,Office Supplies
POE586C360,EMP10524188,VND1DF7F1DC,Approved,7944.55,7902.27,Normal,2024-11-01,2024-11-05,2024-11-23,Office Supplies
PO05D6888D,EMPAE1ADA1A,VNDAD897EA3,Approved,11592.71,13847.53,High,2024-04-06,2024-04-09,2024-04-20,Raw Materials
POEC0B250B,EMPA4558077,VND80A0A536,Approved,3636.68,4103.79,Normal,2024-05-05,2024-05-07,2024-05-31,Equipment
PO8DF887FE,EMP3AE01945,VNDD6FBFD33,Approved,51561.27,46499.69,Critical,2024-02-03,2024-02-04,2024-02-10,Services
PO4BFAD670,EMPBD11747F,VNDF7742C98,Pending,22839.79,20418.59,High,2024-05-15,,,Office Supplies
PO0D011F04,EMPE540F591,VND417BDCE6,Approved,11582.56,14070.12,High,2024-03-08,2024-03-10,2024-03-21,Components
PO097E91F2,EMP5EEA1328,VND1A73FC33,Approved,19281.74,18593.52,Normal,2024-06-27,2024-06-29,2024-07-22,Components
PO802CC6F4,EMPFB262F3E,VNDB8A208B5,Approved,13975.85,14240.13,High,2024-05-26,2024-05-27,2024-06-12,Raw Materials
PO5D4BB7F5,EMP3DD919FD,VNDA74DADEC,Approved,6676.67,8264.62,Normal,2024-12-23,2024-12-24,2025-01-01,Components
POF843ACA9,EMP0D522B58,VND7A22016F,Rejected,40999.95,45203.74,High,2024-02-20,2024-02-22,,Services
PO9504D060,EMPB9E97EB2,VND96325CEF,Approved,31986.94,31798.47,Normal,2024-05-08,2024-05-10,2024-06-05,Components
POB66A1EE4,EMP35F943ED,VND7E4DB750,Approved,22882.01,23768.74,Normal,2024-11-17,2024-11-19,2024-11-27,Raw Materials
POA949E791,EMP678D840D,VND999ED598,Approved,3980.04,4864.79,Normal,2024-02-27,2024-02-28,2024-03-07,Office Supplies
PO70E3CA16,EMP0E03D4FD,VNDB8A208B5,Approved,16394.86,16574.62,Normal,2024-09-14,2024-09-15,2024-10-11,Equipment
PO054E4826,EMPA6783F8A,VND7A22016F,Pending,30292.25,30314.86,Normal,2024-05-12,,,Raw Materials
PO382BFAE9,EMP2198E037,VND3A746CBD,Approved,18508.69,20938.61,Normal,2024-05-18,2024-05-19,2024-05-26,Equipment
PO044B8E3D,EMPF54B2981,VND0B515B0E,Approved,26622.2,29976.31,Normal,2024-07-23,2024-07-24,2024-08-05,Equipment
POEF472570,EMP06D40A53,VNDC995E3B7,Approved,27796.26,26689.38,Normal,2024-10-21,2024-10-24,2024-11-18,Equipment
PO423B5C55,EMP1B1BDD16,VND36436386,Approved,11589.46,10136.46,Normal,2024-06-06,2024-06-11,2024-06-26,Services
PO8BBCBA4B,EMP42C62C57,VNDE1A395FA,Pending,6264.81,5445.14,Critical,2024-11-13,,,Office Supplies
PO48BE0DE7,EMP4E176D73,VNDE3830203,Approved,1262.07,1297.15,Normal,2024-11-23,2024-11-27,2024-12-22,Raw Materials
PO898B7D5D,EMPC0B0A501,VNDC995E3B7,Pending,16439.61,13854.57,Normal,2024-02-28,,,Raw Materials
POC61A8561,EMP974F46DE,VND4706504E,Approved,42065.08,49155.54,Normal,2024-10-17,2024-10-21,2024-10-31,Equipment
POCAD852C9,EMP8CE178A4,VND190C8D31,Pending,4387.97,4455.54,Normal,2024-08-24,,,Raw Materials
PO771D19AD,EMP0526CFDC,VND37AB5C39,Approved,37066.39,31411.65,Normal,2024-04-24,2024-04-29,2024-05-11,Services
PO4008799F,EMPDD3007B8,VNDE1A395FA,Approved,29938.43,32417.64,Normal,2024-03-12,2024-03-16,2024-04-04,Raw Materials
POACAC4688,EMPECA612DF,VND1306F6E1,Approved,33943.74,28698.31,Normal,2024-02-11,2024-02-13,2024-03-03,Equipment
POB69A41D2,EMP56F6A6AD,VNDE6A4DD03,Pending,42578.58,42456.06,Normal,2024-06-08,,,Office Supplies
POAA6B3441,EMP329F1BD8,VND22E4CBF8,Approved,19200.84,21744.78,High,2024-01-17,2024-01-19,2024-02-13,Equipment
PODBA5D534,EMPAAA61B5E,VND4520F17A,Approved,45641.89,46445.77,Normal,2024-11-07,2024-11-12,2024-12-02,Raw Materials
