workflow_id,event_id,agent_name,action,timestamp,status,human_approved,approval_time
WFBD4336B2,EVT8D72F1B7,DeliveryTracker,Initiated,2024-11-09 00:00:00,Completed,No,
WF21C70158,EVTDEC84CF3,ProcurementBot,Rejected,2024-05-30 00:00:00,In Progress,No,
WFDB04EE3A,EVT94E7B64A,DeliveryTracker,Reviewed,2024-03-02 00:00:00,In Progress,No,
WFCA71E407,EVT606D1405,ApprovalEngine,Escalated,2024-02-13 00:00:00,Completed,Yes,2024-02-13 15:00:00
WFA013061D,EVT196C1CCE,RiskAssessment,Initiated,2024-11-05 00:00:00,Completed,No,
WF7D3F8063,EVTA4BB0C0C,InventoryOptimizer,Escalated,2024-08-30 00:00:00,Completed,No,
WF1DDDFBFF,EVT33C55BBE,ApprovalEngine,Completed,2024-06-20 00:00:00,Failed,No,
WFBE23C1EE,EVT9E659660,IncidentResponder,Reviewed,2024-09-26 00:00:00,Completed,No,
WF4A382D3A,EVT7BBC101E,ProcurementBot,Reviewed,2024-04-09 00:00:00,Completed,No,
WFCC417C2E,EVT8CAF808A,DeliveryTracker,Rejected,2024-05-26 00:00:00,Completed,No,
WF48F6821A,EVT256B5F5B,VendorAnalyzer,Reviewed,2024-02-15 00:00:00,Completed,No,
WF40135C61,EVT08C4753C,CostOptimizer,Rejected,2024-10-12 00:00:00,Failed,No,
WF9D69A16A,EVTCB63AAAA,ProcurementBot,Reviewed,2024-07-01 00:00:00,Completed,Yes,2024-07-01 01:00:00
WFEEF0BC5B,EVTDF8C62F4,RiskAssessment,Assigned,2024-01-05 00:00:00,In Progress,No,
WF35A8A56B,EVTB67C15DA,RiskAssessment,Escalated,2024-10-08 00:00:00,Completed,Yes,2024-10-08 04:00:00
WF7CD6592A,EVT3B4B581A,IncidentResponder,Assigned,2024-12-20 00:00:00,Completed,No,
WF4D6A6073,EVTCEA0FECC,IncidentResponder,Completed,2024-05-10 00:00:00,Completed,No,
WF4DB49891,EVT01F206E4,ProcurementBot,Escalated,2024-09-29 00:00:00,Completed,No,
WFF331A3B3,EVTCEF5E4E5,VendorAnalyzer,Assigned,2024-04-06 00:00:00,Failed,No,
WF4968A1AF,EVT042EA28A,CostOptimizer,Approved,2024-12-12 00:00:00,Completed,No,
WF56B4EE8C,EVT7B3E72B0,RiskAssessment,Completed,2024-07-25 00:00:00,In Progress,No,
WFEA595034,EVTC55A4E9B,ApprovalEngine,Updated,2024-03-27 00:00:00,Completed,No,
WF965548A2,EVT4C8EA076,ApprovalEngine,Updated,2024-04-23 00:00:00,Completed,No,
WFC92E5223,EVTB59DBEA8,ApprovalEngine,Escalated,2024-09-27 00:00:00,Completed,No,
WF17F90687,EVTAF2513A7,VendorAnalyzer,Completed,2024-03-18 00:00:00,Failed,No,
WFCB3B4E64,EVT8DB033E3,RiskAssessment,Initiated,2024-01-22 00:00:00,Completed,No,
WF7A272685,EVT2B96A691,VendorAnalyzer,Completed,2024-04-10 00:00:00,In Progress,Yes,2024-04-10 07:00:00
WF88F1B13A,EVT8C7B7AF7,IncidentResponder,Completed,2024-11-21 00:00:00,Completed,No,
WF24C4CBB9,EVT100A539C,IncidentResponder,Escalated,2024-12-16 00:00:00,Completed,No,
WF83F65270,EVTE31D1C96,VendorAnalyzer,Completed,2024-10-04 00:00:00,Completed,No,
WFCE8D7CE3,EVT552089E2,VendorAnalyzer,Assigned,2024-06-11 00:00:00,Completed,No,
WFA89A328C,EVT6399EF66,CostOptimizer,Initiated,2024-10-04 00:00:00,Completed,Yes,2024-10-04 04:00:00
WF38C449E9,EVT45CC9460,ProcurementBot,Assigned,2024-03-17 00:00:00,Completed,No,
WFA63CF2AE,EVT52426073,RiskAssessment,Reviewed,2024-04-13 00:00:00,Completed,Yes,2024-04-13 02:00:00
WFB8663706,EVTC9B821C2,VendorAnalyzer,Updated,2024-07-03 00:00:00,Completed,No,
WF07663584,EVT93332B82,InventoryOptimizer,Rejected,2024-07-05 00:00:00,Completed,No,
WF897659F4,EVT5F664DBF,RiskAssessment,Initiated,2024-08-26 00:00:00,Completed,No,
WFB5AE3AF6,EVT317B3D4D,ApprovalEngine,Updated,2024-01-16 00:00:00,Completed,No,
WFBC61C7D2,EVT1D8935B8,InventoryOptimizer,Updated,2024-10-20 00:00:00,Completed,Yes,2024-10-20 20:00:00
WFF124EBDE,EVT1B80E8A9,VendorAnalyzer,Initiated,2024-10-06 00:00:00,Completed,Yes,2024-10-06 02:00:00
WFC36D3F77,EVT43DC3E3E,ProcurementBot,Reviewed,2024-07-08 00:00:00,In Progress,Yes,2024-07-08 06:00:00
WF96E93FD2,EVT265F9E67,RiskAssessment,Completed,2024-12-31 00:00:00,Completed,Yes,2024-12-31 03:00:00
WFD1D38106,EVT6DEDF9CF,DeliveryTracker,Approved,2024-03-21 00:00:00,Failed,No,
WFF69CEB0E,EVT99EDF256,DeliveryTracker,Rejected,2024-06-28 00:00:00,Completed,No,
WF8A540459,EVTDEE2BCB0,DeliveryTracker,Updated,2024-05-18 00:00:00,Completed,No,
WFC311515C,EVT81169BA1,IncidentResponder,Approved,2024-01-08 00:00:00,Completed,Yes,2024-01-08 16:00:00
WFD7F9CEB6,EVTF49F9FD9,VendorAnalyzer,Rejected,2024-12-25 00:00:00,Completed,No,
WF01FC4F28,EVT745641E9,IncidentResponder,Assigned,2024-11-25 00:00:00,Completed,No,
WF6AB95902,EVT0FE6587E,RiskAssessment,Assigned,2024-02-06 00:00:00,Completed,Yes,2024-02-06 01:00:00
WFDFFE5C84,EVTF42D7D85,InventoryOptimizer,Assigned,2024-06-08 00:00:00,Completed,No,
WFB86FDB05,EVTE9B86411,IncidentResponder,Completed,2024-07-01 00:00:00,Completed,Yes,2024-07-01 01:00:00
WF73BD9F42,EVT12542E18,IncidentResponder,Rejected,2024-03-26 00:00:00,Completed,No,
WF815B622B,EVTDD11F1DE,ApprovalEngine,Reviewed,2024-08-25 00:00:00,Completed,No,
WFCC315A0E,EVT782E4975,ApprovalEngine,Completed,2024-05-04 00:00:00,Completed,Yes,2024-05-04 08:00:00
WFD2B5DF42,EVTD7872E5C,ProcurementBot,Updated,2024-11-18 00:00:00,Completed,No,
WFE9B2420C,EVTC29348AB,IncidentResponder,Reviewed,2024-04-05 00:00:00,In Progress,Yes,2024-04-05 02:00:00
WF45006294,EVT8A748A2D,VendorAnalyzer,Escalated,2024-11-07 00:00:00,In Progress,Yes,2024-11-07 23:00:00
WFD451F6AA,EVT691D1D1B,ProcurementBot,Updated,2024-08-31 00:00:00,Completed,No,
WFE9F64124,EVTC5ECA764,DeliveryTracker,Reviewed,2024-07-09 00:00:00,In Progress,No,
WF7435DA9C,EVTB519CF2D,IncidentResponder,Rejected,2024-10-01 00:00:00,Completed,Yes,2024-10-01 21:00:00
WF9991B800,EVT0F6642BA,ProcurementBot,Initiated,2024-10-10 00:00:00,Completed,Yes,2024-10-10 23:00:00
WF61AA05E1,EVT26F2CBC5,InventoryOptimizer,Assigned,2024-05-28 00:00:00,Completed,Yes,2024-05-28 07:00:00
WF8969F442,EVT09F1A16A,ProcurementBot,Updated,2024-11-12 00:00:00,In Progress,No,
WF7CAA26C9,EVT6FF426C4,ApprovalEngine,Initiated,2024-03-21 00:00:00,Completed,Yes,2024-03-21 02:00:00
WFCFD6C447,EVT10AFC134,RiskAssessment,Approved,2024-03-08 00:00:00,Failed,Yes,2024-03-08 07:00:00
WF875120D7,EVT8166C2C4,ProcurementBot,Initiated,2024-12-24 00:00:00,Completed,Yes,2024-12-24 19:00:00
WF20983B56,EVTD8C43D27,RiskAssessment,Assigned,2024-04-14 00:00:00,In Progress,No,
WF54F77376,EVT757BD0A2,VendorAnalyzer,Completed,2024-03-05 00:00:00,In Progress,No,
WF0BDAB27A,EVTB7D3F3BB,IncidentResponder,Approved,2024-04-09 00:00:00,Completed,Yes,2024-04-09 22:00:00
WF8418FB4E,EVTB71E17EE,DeliveryTracker,Updated,2024-07-27 00:00:00,Failed,No,
WF91603FD4,EVTA8FDB60C,DeliveryTracker,Assigned,2024-08-28 00:00:00,Completed,Yes,2024-08-28 14:00:00
WF9BDFBB30,EVT3B16F163,IncidentResponder,Updated,2024-03-01 00:00:00,Completed,No,
WF74CD8556,EVTEF3BBD8F,RiskAssessment,Escalated,2024-09-15 00:00:00,Failed,No,
WFEC75B9B7,EVT362BB2EF,VendorAnalyzer,Approved,2024-05-21 00:00:00,Failed,Yes,2024-05-21 22:00:00
WFC15E4672,EVT94E7B64A,InventoryOptimizer,Rejected,2024-06-03 00:00:00,Completed,No,
WFF9820CC1,EVT50F44C6A,ProcurementBot,Escalated,2024-11-21 00:00:00,Completed,No,
WFD932F164,EVTF5289888,RiskAssessment,Rejected,2024-08-20 00:00:00,Completed,No,
WF694E2D9D,EVTDE303F40,DeliveryTracker,Assigned,2024-08-22 00:00:00,In Progress,No,
WF43BB8473,EVTAC3B1D3C,InventoryOptimizer,Initiated,2024-08-17 00:00:00,In Progress,Yes,2024-08-17 18:00:00
WF2AD21F73,EVTCEBEF67C,ProcurementBot,Completed,2024-03-25 00:00:00,Completed,No,
WF963219A8,EVTFF80CCC6,VendorAnalyzer,Escalated,2024-05-22 00:00:00,Completed,No,
WF43F0BA49,EVT500ABF7F,InventoryOptimizer,Escalated,2024-08-08 00:00:00,Completed,No,
WFADC68E7C,EVT0254AE57,VendorAnalyzer,Reviewed,2024-09-14 00:00:00,Completed,No,
WFD3C9ACC6,EVT09D2B3CD,ApprovalEngine,Updated,2024-04-20 00:00:00,Completed,No,
WF72B1A231,EVTA1F7E20A,DeliveryTracker,Assigned,2024-10-24 00:00:00,Completed,No,
WFBADBCE50,EVTE1FD0800,RiskAssessment,Rejected,2024-07-16 00:00:00,In Progress,Yes,2024-07-16 21:00:00
WF8183A803,EVT6B913C32,CostOptimizer,Rejected,2024-05-04 00:00:00,Completed,No,
WF14B86868,EVTA4081F4A,RiskAssessment,Reviewed,2024-07-30 00:00:00,Completed,No,
WF5D9BE8BB,EVTF3626324,RiskAssessment,Initiated,2024-10-01 00:00:00,Completed,No,
WF373D5D87,EVT539408FB,VendorAnalyzer,Assigned,2024-06-06 00:00:00,Completed,No,
WFD4924157,EVTF71E626D,ProcurementBot,Reviewed,2024-06-24 00:00:00,Completed,Yes,2024-06-24 14:00:00
WF332A7323,EVT0C0EFEEB,InventoryOptimizer,Escalated,2024-11-14 00:00:00,Completed,No,
WF7CEA5EB8,EVT2964710D,ProcurementBot,Approved,2024-04-16 00:00:00,Completed,No,
WF8ABBE8A5,EVT60178738,ApprovalEngine,Reviewed,2024-06-12 00:00:00,Completed,Yes,2024-06-12 18:00:00
WFB46CF9E8,EVT57E26223,CostOptimizer,Initiated,2024-03-17 00:00:00,Completed,No,
WF641AB9EB,EVT91E5C8EA,ProcurementBot,Approved,2024-02-02 00:00:00,Completed,No,
WF025C36B2,EVT1487223F,IncidentResponder,Completed,2024-09-02 00:00:00,Completed,Yes,2024-09-02 02:00:00
WF9A389F2E,EVTF68CFA34,IncidentResponder,Initiated,2024-10-05 00:00:00,Completed,Yes,2024-10-05 21:00:00
WF7A5FA02D,EVT42870017,ApprovalEngine,Updated,2024-01-01 00:00:00,Completed,Yes,2024-01-01 14:00:00
WF7590F650,EVT5E8AE4CD,VendorAnalyzer,Assigned,2024-10-10 00:00:00,Completed,Yes,2024-10-10 10:00:00
WFC62CE37F,EVT36CE9589,CostOptimizer,Escalated,2024-06-27 00:00:00,Completed,No,
WFA92F64F2,EVTBEA8D5FC,InventoryOptimizer,Reviewed,2024-03-19 00:00:00,Completed,No,
WF34FCD490,EVT1299EB93,DeliveryTracker,Completed,2024-05-02 00:00:00,Failed,No,
WFBB3887D1,EVTAAC28C4B,DeliveryTracker,Updated,2024-07-20 00:00:00,Failed,No,
WFF74254FB,EVTC85E2560,InventoryOptimizer,Approved,2024-08-02 00:00:00,In Progress,Yes,2024-08-02 06:00:00
WF4CD1F107,EVT9BB22497,CostOptimizer,Reviewed,2024-04-16 00:00:00,Completed,No,
WFCE535382,EVTFB086735,InventoryOptimizer,Reviewed,2024-07-15 00:00:00,Completed,Yes,2024-07-15 21:00:00
WF13ADAA40,EVTE7E3B7FC,InventoryOptimizer,Reviewed,2024-05-14 00:00:00,Completed,Yes,2024-05-14 17:00:00
WF639D99DA,EVT592DBA77,RiskAssessment,Rejected,2024-11-21 00:00:00,Completed,No,
WF9FD06BAB,EVT297910AC,RiskAssessment,Reviewed,2024-07-06 00:00:00,Completed,No,
WF9B42E4ED,EVT39CE1AFC,CostOptimizer,Escalated,2024-10-19 00:00:00,Completed,No,
WF93176549,EVTF5C5A884,CostOptimizer,Reviewed,2024-05-26 00:00:00,Completed,Yes,2024-05-26 01:00:00
WFC94F0856,EVTF092F577,DeliveryTracker,Escalated,2024-08-14 00:00:00,Failed,No,
WFF834A2B4,EVT38EC6B8A,VendorAnalyzer,Initiated,2024-02-27 00:00:00,Completed,No,
WF838485BB,EVT7BBC101E,VendorAnalyzer,Escalated,2024-06-04 00:00:00,Completed,No,
WF1C2D6A93,EVT85F85EAB,CostOptimizer,Assigned,2024-11-13 00:00:00,In Progress,Yes,2024-11-13 23:00:00
WF9CE9FB2D,EVT0DCBC14E,InventoryOptimizer,Completed,2024-07-17 00:00:00,Completed,No,
WFDC4ACD54,EVT23800214,ProcurementBot,Rejected,2024-08-12 00:00:00,In Progress,Yes,2024-08-12 07:00:00
WF346458DC,EVT810E1E30,VendorAnalyzer,Completed,2024-11-07 00:00:00,Completed,Yes,2024-11-08 00:00:00
WF192FE3BE,EVTA8FDB60C,DeliveryTracker,Approved,2024-04-04 00:00:00,Completed,Yes,2024-04-04 05:00:00
WF4AE6FE0F,EVTD94DE12A,InventoryOptimizer,Completed,2024-10-22 00:00:00,In Progress,No,
WF8FBB3A45,EVT5990C30F,RiskAssessment,Escalated,2024-05-16 00:00:00,Completed,No,
WFCB84A97E,EVT78AF341C,VendorAnalyzer,Initiated,2024-08-11 00:00:00,Completed,No,
WF4545BE56,EVTB4A79F7E,DeliveryTracker,Escalated,2024-09-17 00:00:00,Completed,No,
WF01619FD8,EVT5C2013B9,ProcurementBot,Approved,2024-11-30 00:00:00,Failed,No,
WF6C66D508,EVT37EEB243,InventoryOptimizer,Completed,2024-07-12 00:00:00,Failed,No,
WF11BF1EC7,EVTB9F29A0F,DeliveryTracker,Reviewed,2024-01-26 00:00:00,Completed,Yes,2024-01-26 12:00:00
WFB5E81E62,EVTA5713290,ProcurementBot,Escalated,2024-01-24 00:00:00,Completed,No,
WF65E44F2E,EVT79B1B020,CostOptimizer,Updated,2024-12-05 00:00:00,Completed,Yes,2024-12-05 16:00:00
WF064BD8C0,EVT3B0FC2CD,RiskAssessment,Assigned,2024-05-29 00:00:00,Completed,No,
WF7185C3B7,EVT95074904,ApprovalEngine,Reviewed,2024-05-08 00:00:00,Completed,Yes,2024-05-08 17:00:00
WFDAD14EA2,EVTA4FE8B22,RiskAssessment,Approved,2024-05-08 00:00:00,Completed,No,
WF373768DE,EVTCB5FC51F,RiskAssessment,Updated,2024-07-28 00:00:00,Failed,No,
WF41C58632,EVT99EDF256,VendorAnalyzer,Updated,2024-07-14 00:00:00,Completed,No,
WFA69A8687,EVT0E61D095,DeliveryTracker,Updated,2024-12-07 00:00:00,In Progress,No,
WF5EDDABEC,EVT332D3067,ProcurementBot,Approved,2024-09-29 00:00:00,Completed,No,
WF2F2895E2,EVTDC19617F,InventoryOptimizer,Rejected,2024-11-25 00:00:00,Completed,Yes,2024-11-25 01:00:00
WFB7E3DBE8,EVT9254CEC1,ProcurementBot,Updated,2024-01-10 00:00:00,Completed,No,
WF446FE512,EVT5D62EF90,InventoryOptimizer,Updated,2024-08-29 00:00:00,Completed,No,
WF594C419C,EVT68AB3791,VendorAnalyzer,Updated,2024-10-02 00:00:00,Failed,Yes,2024-10-02 02:00:00
WFA2D9A17E,EVT9B9EEAA7,DeliveryTracker,Updated,2024-10-01 00:00:00,Completed,Yes,2024-10-01 20:00:00
WFD651149C,EVT1F984466,InventoryOptimizer,Approved,2024-01-08 00:00:00,Completed,Yes,2024-01-09 00:00:00
WF0561E2C6,EVT6B0DD9E1,RiskAssessment,Rejected,2024-05-18 00:00:00,Completed,Yes,2024-05-18 15:00:00
WF1FEED117,EVTB4756B86,DeliveryTracker,Completed,2024-09-16 00:00:00,Completed,Yes,2024-09-16 03:00:00
WFCB8B1647,EVT3FBC3F8E,RiskAssessment,Initiated,2024-05-21 00:00:00,Completed,No,
WF7594259B,EVT911953C9,CostOptimizer,Assigned,2024-08-23 00:00:00,Completed,No,
WF8B6804B9,EVT1F2CFCE9,RiskAssessment,Approved,2024-10-22 00:00:00,In Progress,No,
WF93EBB342,EVTE5481CA1,CostOptimizer,Approved,2024-09-19 00:00:00,Completed,No,
WF92BEE91B,EVTA1CE0AB8,ApprovalEngine,Reviewed,2024-09-04 00:00:00,Failed,Yes,2024-09-04 11:00:00
WF763864DC,EVTF91FCD30,RiskAssessment,Initiated,2024-03-21 00:00:00,Failed,No,
WF35712F56,EVTFE23B9F2,VendorAnalyzer,Reviewed,2024-05-11 00:00:00,In Progress,Yes,2024-05-11 13:00:00
WF94BB28F7,EVT46742BBB,IncidentResponder,Rejected,2024-10-18 00:00:00,In Progress,Yes,2024-10-18 03:00:00
WF378A1726,EVTA3E4625D,ApprovalEngine,Reviewed,2024-09-19 00:00:00,Failed,No,
WF1BE371CF,EVT32E73A1C,VendorAnalyzer,Completed,2024-08-07 00:00:00,Failed,No,
WF8081EFE0,EVT95DD875D,RiskAssessment,Updated,2024-05-14 00:00:00,Completed,No,
WF84DFB931,EVT652120E0,InventoryOptimizer,Updated,2024-12-22 00:00:00,Completed,No,
WF1DB84190,EVT0D336045,CostOptimizer,Assigned,2024-09-19 00:00:00,In Progress,No,
WFB154A03C,EVTA20B7FF4,VendorAnalyzer,Escalated,2024-03-26 00:00:00,Completed,Yes,2024-03-26 23:00:00
WF75427C70,EVT7A33E6FB,InventoryOptimizer,Assigned,2024-08-23 00:00:00,Completed,No,
WF1C67E9DC,EVTEA07ADB2,InventoryOptimizer,Assigned,2024-11-11 00:00:00,Completed,No,
WFD25572D5,EVT200C1467,IncidentResponder,Assigned,2024-08-22 00:00:00,Completed,No,
WF098846BD,EVTC04CC4A4,VendorAnalyzer,Updated,2024-11-21 00:00:00,Completed,Yes,2024-11-21 16:00:00
WF7145E4D5,EVT96EBB379,CostOptimizer,Approved,2024-05-02 00:00:00,In Progress,No,
WF97A026A6,EVTDC8DD9C0,RiskAssessment,Reviewed,2024-01-21 00:00:00,Completed,No,
WF6A9929F8,EVTD0237C09,RiskAssessment,Completed,2024-03-17 00:00:00,Completed,Yes,2024-03-17 23:00:00
WF2A20F1CF,EVTFFA2D125,CostOptimizer,Approved,2024-03-13 00:00:00,In Progress,Yes,2024-03-13 16:00:00
WFFF1EBC20,EVT4382EB5D,CostOptimizer,Updated,2024-06-10 00:00:00,Completed,Yes,2024-06-10 13:00:00
WF273AB441,EVT319E8A3C,DeliveryTracker,Completed,2024-11-21 00:00:00,Completed,No,
WF20AFD194,EVT2C391455,DeliveryTracker,Rejected,2024-10-03 00:00:00,Completed,Yes,2024-10-03 17:00:00
WFFFC58733,EVT1AC36BD7,RiskAssessment,Assigned,2024-04-09 00:00:00,Completed,Yes,2024-04-09 20:00:00
WFDA0C6458,EVT9B165459,RiskAssessment,Escalated,2024-05-29 00:00:00,Failed,Yes,2024-05-29 04:00:00
WF06E9620B,EVT9AFE5AC8,VendorAnalyzer,Updated,2024-10-24 00:00:00,Completed,No,
WF0F927411,EVTDDED9C0F,ApprovalEngine,Initiated,2024-03-29 00:00:00,Completed,Yes,2024-03-29 09:00:00
WF834B4ADF,EVTC41F071A,DeliveryTracker,Rejected,2024-06-16 00:00:00,Completed,No,
WFFD8DF922,EVTFB986F08,RiskAssessment,Completed,2024-06-10 00:00:00,Completed,No,
WF780F7984,EVTDD731011,VendorAnalyzer,Initiated,2024-07-29 00:00:00,Completed,No,
WFC1543B8D,EVT7AA1A327,VendorAnalyzer,Initiated,2024-12-10 00:00:00,Completed,No,
WF85C4DDDD,EVTD00EB3FA,VendorAnalyzer,Rejected,2024-02-29 00:00:00,Completed,No,
WF010EC566,EVTEFE3D3D7,RiskAssessment,Completed,2024-05-27 00:00:00,Completed,Yes,2024-05-27 07:00:00
WFFDF8960F,EVT06CC1F2D,ProcurementBot,Initiated,2024-07-26 00:00:00,Completed,No,
WFF6C777A5,EVTB73FB1D4,InventoryOptimizer,Reviewed,2024-01-11 00:00:00,Completed,No,
WF0D3BC92E,EVTA8C11011,VendorAnalyzer,Approved,2024-03-31 00:00:00,In Progress,No,
WFB10B151A,EVTD09B542A,RiskAssessment,Rejected,2024-06-01 00:00:00,Completed,Yes,2024-06-01 06:00:00
WFB5A9E1EE,EVTD1689CE5,CostOptimizer,Approved,2024-10-30 00:00:00,Failed,Yes,2024-10-30 06:00:00
WFB8E29730,EVT616DB5C8,ApprovalEngine,Initiated,2024-11-23 00:00:00,Completed,Yes,2024-11-23 15:00:00
WF3F67F65B,EVTEDEBE248,InventoryOptimizer,Escalated,2024-12-09 00:00:00,Completed,No,
WF8FF32B9D,EVT452B2449,DeliveryTracker,Completed,2024-02-14 00:00:00,Completed,No,
WF3D12DBA6,EVT6DEDF9CF,ApprovalEngine,Updated,2024-04-18 00:00:00,Completed,Yes,2024-04-18 18:00:00
WFB6F54B2F,EVT0CFA475A,ApprovalEngine,Escalated,2024-06-24 00:00:00,Completed,No,
WFBCE23C2E,EVTF1D1C893,InventoryOptimizer,Approved,2024-12-21 00:00:00,Completed,Yes,2024-12-21 21:00:00
WFF6D986D4,EVT3B16F163,ProcurementBot,Initiated,2024-07-19 00:00:00,Completed,Yes,2024-07-19 05:00:00
WF16E5601A,EVT657CE428,ProcurementBot,Assigned,2024-01-07 00:00:00,Completed,Yes,2024-01-07 19:00:00
WF52512EAF,EVT75034521,InventoryOptimizer,Initiated,2024-01-05 00:00:00,Completed,No,
WF2CDF351D,EVT346257CF,IncidentResponder,Completed,2024-09-25 00:00:00,Completed,Yes,2024-09-25 10:00:00
WFCEC02858,EVTD659745D,VendorAnalyzer,Completed,2024-10-02 00:00:00,Completed,No,
WF1C5BD4C7,EVT45488D83,ApprovalEngine,Completed,2024-07-13 00:00:00,Completed,No,
WF4F6721EE,EVT53D1481E,IncidentResponder,Escalated,2024-01-13 00:00:00,Completed,No,
WF022C16E9,EVTA2D87BB1,IncidentResponder,Escalated,2024-09-12 00:00:00,Completed,Yes,2024-09-12 22:00:00
WF5A149E6A,EVT7980648F,DeliveryTracker,Initiated,2024-04-27 00:00:00,Completed,Yes,2024-04-27 23:00:00
WF99F5F83E,EVTE3B30270,VendorAnalyzer,Reviewed,2024-03-04 00:00:00,Completed,No,
WFCF95AAD1,EVTE41078EF,ProcurementBot,Escalated,2024-08-28 00:00:00,Completed,No,
WF77A9B184,EVT80161D7E,CostOptimizer,Rejected,2024-08-02 00:00:00,Completed,Yes,2024-08-02 03:00:00
WF9E8CDABD,EVT265F9E67,InventoryOptimizer,Completed,2024-01-05 00:00:00,Failed,Yes,2024-01-05 13:00:00
WF41E15A41,EVT7A5E7A7A,RiskAssessment,Updated,2024-07-17 00:00:00,Completed,No,
WF513C1018,EVT86EF5C83,IncidentResponder,Escalated,2024-08-14 00:00:00,Completed,Yes,2024-08-14 13:00:00
WF73291311,EVT68E30230,InventoryOptimizer,Initiated,2024-06-15 00:00:00,Completed,Yes,2024-06-15 20:00:00
WF0DE29F5C,EVT8E3391CB,DeliveryTracker,Rejected,2024-09-27 00:00:00,Completed,No,
WF427D487A,EVTA90096FD,InventoryOptimizer,Assigned,2024-07-06 00:00:00,Completed,Yes,2024-07-06 21:00:00
WF35134816,EVT665385CD,InventoryOptimizer,Reviewed,2024-06-04 00:00:00,Completed,No,
WF9F52FC8B,EVT0DF4375B,DeliveryTracker,Updated,2024-10-18 00:00:00,Completed,No,
WFF3D6794E,EVT37E85F74,ApprovalEngine,Assigned,2024-02-19 00:00:00,Completed,No,
WF970D278D,EVT6FCB42D4,InventoryOptimizer,Reviewed,2024-04-16 00:00:00,Completed,No,
WFD2B34C5F,EVT1A3D363A,InventoryOptimizer,Reviewed,2024-07-13 00:00:00,Completed,Yes,2024-07-13 22:00:00
WFE9A4E3E5,EVTD7B4E083,RiskAssessment,Initiated,2024-10-27 00:00:00,Completed,No,
WF9E3C3445,EVTE58E4B1E,DeliveryTracker,Escalated,2024-09-27 00:00:00,Completed,No,
WF76DCDD68,EVTFA081967,CostOptimizer,Assigned,2024-02-23 00:00:00,Completed,Yes,2024-02-23 12:00:00
WF09BCEDB3,EVTB37F6523,CostOptimizer,Completed,2024-12-29 00:00:00,Completed,Yes,2024-12-29 02:00:00
WF23879CC7,EVTEF801D85,InventoryOptimizer,Assigned,2024-10-26 00:00:00,Completed,Yes,2024-10-26 11:00:00
WF69B1C975,EVT74607627,CostOptimizer,Escalated,2024-09-21 00:00:00,Completed,No,
WF9534360B,EVT440F52E8,RiskAssessment,Assigned,2024-12-06 00:00:00,Completed,Yes,2024-12-06 12:00:00
WF5B01A9E4,EVT7041BC63,ApprovalEngine,Approved,2024-03-25 00:00:00,Failed,No,
WF80B3C356,EVT08A0903F,DeliveryTracker,Initiated,2024-02-07 00:00:00,In Progress,No,
WF38E03ACD,EVT23800214,ApprovalEngine,Completed,2024-12-31 00:00:00,Completed,No,
WF8D66FDCA,EVTF433D0CF,CostOptimizer,Reviewed,2024-12-05 00:00:00,Completed,No,
WFB47E926F,EVTD37D5AC3,VendorAnalyzer,Rejected,2024-04-28 00:00:00,Completed,No,
WF3E1483AA,EVT13F3CFDF,ProcurementBot,Approved,2024-04-24 00:00:00,Completed,No,
WF652C0A59,EVTC0B0601D,ProcurementBot,Escalated,2024-12-14 00:00:00,Completed,No,
WFDA03D629,EVT69503E32,DeliveryTracker,Escalated,2024-07-17 00:00:00,Completed,No,
WF001A9400,EVT1A97745C,ApprovalEngine,Rejected,2024-05-28 00:00:00,In Progress,Yes,2024-05-28 07:00:00
WF91BCE2CA,EVT22FF92C2,CostOptimizer,Initiated,2024-08-28 00:00:00,Completed,Yes,2024-08-28 08:00:00
WF1A4C5303,EVT1B592711,DeliveryTracker,Rejected,2024-07-20 00:00:00,In Progress,Yes,2024-07-20 18:00:00
WFEEE0A3EB,EVT6891A29B,RiskAssessment,Updated,2024-11-20 00:00:00,Completed,No,
WF08C55AB2,EVT9782BD39,DeliveryTracker,Rejected,2024-01-26 00:00:00,Completed,Yes,2024-01-27 00:00:00
WF93EBE75F,EVTEFF5E153,IncidentResponder,Approved,2024-03-27 00:00:00,Completed,No,
WF46A3756E,EVT9B9EEAA7,ApprovalEngine,Reviewed,2024-03-10 00:00:00,Completed,Yes,2024-03-10 23:00:00
WFAB75F094,EVT7BC60969,IncidentResponder,Approved,2024-07-09 00:00:00,Completed,No,
WFE2CABEC1,EVTEC2F28BB,InventoryOptimizer,Reviewed,2024-05-09 00:00:00,Completed,Yes,2024-05-09 01:00:00
WF3942061D,EVT6F58D097,ApprovalEngine,Reviewed,2024-09-05 00:00:00,In Progress,Yes,2024-09-05 11:00:00
WF70F05B74,EVTACF76537,ProcurementBot,Reviewed,2024-03-10 00:00:00,In Progress,Yes,2024-03-10 23:00:00
WF6A17FBD1,EVT06FFD9A1,DeliveryTracker,Completed,2024-05-31 00:00:00,Completed,No,
WFFF58C2E1,EVTD63F7055,ApprovalEngine,Approved,2024-10-04 00:00:00,Completed,No,
WF4131EA84,EVT3E3DCB70,VendorAnalyzer,Initiated,2024-12-20 00:00:00,In Progress,No,
WFBFADD30E,EVT7E6B3733,ProcurementBot,Escalated,2024-01-09 00:00:00,Failed,Yes,2024-01-09 05:00:00
WFA0826C07,EVTCAA57933,VendorAnalyzer,Assigned,2024-11-30 00:00:00,Completed,No,
WFAED9B08F,EVTB8237647,DeliveryTracker,Approved,2024-01-16 00:00:00,Completed,No,
WFDE057173,EVTBB49BF24,CostOptimizer,Completed,2024-03-01 00:00:00,Completed,Yes,2024-03-01 08:00:00
WF6C66A6B3,EVT9BB950AC,DeliveryTracker,Rejected,2024-08-18 00:00:00,In Progress,No,
WF320D0D09,EVT6A7490C3,DeliveryTracker,Completed,2024-02-25 00:00:00,In Progress,No,
WF34AB4CFC,EVT643C7BBA,ProcurementBot,Assigned,2024-03-16 00:00:00,In Progress,No,
WFB71DDD6A,EVT7AFB89DB,CostOptimizer,Reviewed,2024-11-14 00:00:00,Failed,Yes,2024-11-14 13:00:00
WFDAD61038,EVTFC6259D1,RiskAssessment,Approved,2024-06-29 00:00:00,Completed,No,
WFB0F72DD7,EVT46FF0690,DeliveryTracker,Initiated,2024-05-11 00:00:00,Failed,Yes,2024-05-11 16:00:00
WF677B2785,EVTF18076A4,CostOptimizer,Reviewed,2024-12-23 00:00:00,In Progress,Yes,2024-12-24 00:00:00
WF1C0F730C,EVT6455BA6D,VendorAnalyzer,Approved,2024-11-25 00:00:00,Completed,No,
WF2C984B2C,EVTB8816DBE,ProcurementBot,Updated,2024-02-06 00:00:00,Completed,No,
WF036DA86F,EVT0512C819,CostOptimizer,Reviewed,2024-06-23 00:00:00,Completed,No,
WF55DC7793,EVTB2B8CD4E,DeliveryTracker,Initiated,2024-08-05 00:00:00,Completed,Yes,2024-08-05 06:00:00
WF1B1FEBB2,EVT6D79DD77,DeliveryTracker,Reviewed,2024-01-03 00:00:00,In Progress,Yes,2024-01-03 02:00:00
WF51635E21,EVT488C6C0B,InventoryOptimizer,Initiated,2024-06-02 00:00:00,Completed,Yes,2024-06-02 18:00:00
WF03D6C9EC,EVT71FE2C88,RiskAssessment,Escalated,2024-03-03 00:00:00,Completed,No,
WF3DF2A8CB,EVT382CE4DB,DeliveryTracker,Updated,2024-01-28 00:00:00,Completed,No,
WF088360C6,EVT43B51472,CostOptimizer,Assigned,2024-12-03 00:00:00,Completed,No,
WF5F5C2CD3,EVT5B9F9EA1,InventoryOptimizer,Escalated,2024-09-25 00:00:00,Completed,Yes,2024-09-26 00:00:00
WF9158DA72,EVT74A75A38,InventoryOptimizer,Escalated,2024-11-28 00:00:00,In Progress,Yes,2024-11-28 23:00:00
WFDBAAD804,EVTAEB4A4E4,RiskAssessment,Assigned,2024-12-01 00:00:00,Completed,Yes,2024-12-01 19:00:00
WFC499E67F,EVTCD62B593,RiskAssessment,Initiated,2024-08-18 00:00:00,Completed,No,
WF1EE4F7C3,EVTE223A519,VendorAnalyzer,Reviewed,2024-06-14 00:00:00,In Progress,Yes,2024-06-14 13:00:00
WFCE134878,EVTFD0706C5,IncidentResponder,Reviewed,2024-09-23 00:00:00,Failed,No,
WF5F49C9D5,EVT9DBAC55F,ProcurementBot,Assigned,2024-10-18 00:00:00,Completed,No,
WF9C72867F,EVT497F04F1,DeliveryTracker,Initiated,2024-07-24 00:00:00,Completed,No,
WFE470CE23,EVT65E67AE0,RiskAssessment,Reviewed,2024-07-09 00:00:00,Completed,No,
WF774B2240,EVT2A4BF204,DeliveryTracker,Rejected,2024-09-11 00:00:00,Completed,No,
WF4CCF57C8,EVTBB0D4CBC,ApprovalEngine,Completed,2024-01-20 00:00:00,Completed,No,
WF75064453,EVT142215C7,CostOptimizer,Assigned,2024-11-04 00:00:00,Completed,No,
WF90A0FE3C,EVT01C8A605,DeliveryTracker,Initiated,2024-08-05 00:00:00,Completed,No,
WFE94FDCBA,EVT3CA130D2,ProcurementBot,Assigned,2024-12-28 00:00:00,Completed,No,
WF3EF7B47E,EVT5F83D861,IncidentResponder,Updated,2024-04-08 00:00:00,Completed,Yes,2024-04-08 09:00:00
WF02BBB8F0,EVT098B096B,ApprovalEngine,Initiated,2024-08-07 00:00:00,Completed,No,
WF23B91EA5,EVT0512C819,ProcurementBot,Initiated,2024-04-30 00:00:00,In Progress,Yes,2024-04-30 22:00:00
WF7663BA14,EVT014776AA,RiskAssessment,Rejected,2024-11-22 00:00:00,Completed,Yes,2024-11-22 11:00:00
WF277374C7,EVT1A2D4B4C,DeliveryTracker,Rejected,2024-04-04 00:00:00,Completed,No,
WF28A9E5AF,EVT280D5D70,CostOptimizer,Escalated,2024-12-27 00:00:00,Completed,No,
WFACEC7A40,EVT3DE9F95F,IncidentResponder,Escalated,2024-06-11 00:00:00,Completed,No,
WF4C815C7D,EVT5F664DBF,IncidentResponder,Completed,2024-01-23 00:00:00,Completed,No,
WFF27CD0EB,EVTD6C6A851,VendorAnalyzer,Updated,2024-12-24 00:00:00,Completed,No,
WF61872C0D,EVTE1E84363,RiskAssessment,Updated,2024-08-31 00:00:00,Completed,No,
WF288A24F9,EVTAED93E47,ProcurementBot,Escalated,2024-12-02 00:00:00,Completed,Yes,2024-12-02 08:00:00
WFB1A33E10,EVTFA89FA1A,DeliveryTracker,Assigned,2024-12-17 00:00:00,In Progress,Yes,2024-12-17 18:00:00
WFA62ACFB1,EVT677BB40B,ApprovalEngine,Updated,2024-12-14 00:00:00,Failed,Yes,2024-12-14 19:00:00
WFEDA784FB,EVT199D87F7,ApprovalEngine,Approved,2024-08-11 00:00:00,Completed,Yes,2024-08-12 00:00:00
WF787D42F1,EVT293CA5A3,ProcurementBot,Initiated,2024-01-03 00:00:00,In Progress,No,
WF1F391808,EVT4C201B72,IncidentResponder,Escalated,2024-06-23 00:00:00,Completed,Yes,2024-06-23 09:00:00
WF392A7C9F,EVT850B2360,IncidentResponder,Rejected,2024-10-29 00:00:00,Completed,No,
WF22F444EB,EVT32097A38,ApprovalEngine,Completed,2024-08-03 00:00:00,Completed,No,
WF20A49594,EVTF5289888,IncidentResponder,Completed,2024-11-07 00:00:00,Completed,No,
WF7523E28E,EVT69503E32,RiskAssessment,Escalated,2024-03-04 00:00:00,Completed,No,
WFC6895CC0,EVTCF696C5E,IncidentResponder,Rejected,2024-12-14 00:00:00,Completed,Yes,2024-12-14 04:00:00
WF35C1B26C,EVTBB0C1A1B,CostOptimizer,Rejected,2024-09-21 00:00:00,Completed,No,
WF618841DC,EVTED272F8C,IncidentResponder,Approved,2024-04-06 00:00:00,Completed,Yes,2024-04-06 05:00:00
WF28882623,EVTB63204EF,RiskAssessment,Rejected,2024-01-17 00:00:00,Completed,No,
WFFE7E5653,EVT0391EA63,IncidentResponder,Updated,2024-03-24 00:00:00,In Progress,Yes,2024-03-24 12:00:00
WF8E033796,EVTA46F600F,ProcurementBot,Assigned,2024-02-20 00:00:00,Completed,Yes,2024-02-20 19:00:00
WF901C3D4A,EVTC073E93C,ApprovalEngine,Rejected,2024-04-11 00:00:00,Completed,No,
WF29B553F9,EVTF1A7D146,VendorAnalyzer,Rejected,2024-02-05 00:00:00,Completed,No,
WF74A752C4,EVT50F8E447,InventoryOptimizer,Rejected,2024-11-26 00:00:00,Completed,No,
WF7988658B,EVT72217786,VendorAnalyzer,Updated,2024-09-20 00:00:00,Completed,No,
WFF8909341,EVT564D55F7,ApprovalEngine,Rejected,2024-12-26 00:00:00,Completed,No,
WFDB02FE2C,EVTB279696A,RiskAssessment,Reviewed,2024-11-02 00:00:00,Completed,Yes,2024-11-02 06:00:00
WF542E27D6,EVT77081E52,ApprovalEngine,Initiated,2024-10-25 00:00:00,In Progress,No,
WFEE6A7124,EVT3DDCD04F,CostOptimizer,Initiated,2024-02-07 00:00:00,Completed,No,
WFBCDA1900,EVT029472B4,DeliveryTracker,Updated,2024-07-14 00:00:00,Completed,No,
WFC3BA6B73,EVT868A26D9,VendorAnalyzer,Escalated,2024-04-26 00:00:00,Completed,Yes,2024-04-26 20:00:00
WF66CE7D6A,EVT68FF2967,RiskAssessment,Approved,2024-02-25 00:00:00,Completed,Yes,2024-02-25 17:00:00
WFA5C60207,EVTCA62CA06,ApprovalEngine,Completed,2024-01-07 00:00:00,Completed,No,
WF2AB3C343,EVT96B4C682,ApprovalEngine,Updated,2024-03-05 00:00:00,Completed,No,
WF0F940D46,EVT2D2C7C5A,IncidentResponder,Updated,2024-02-19 00:00:00,In Progress,No,
WF88B12732,EVTDF8C62F4,ProcurementBot,Rejected,2024-01-30 00:00:00,Completed,No,
WF9CA0161D,EVT42C46105,DeliveryTracker,Rejected,2024-07-05 00:00:00,Completed,No,
WF8657317E,EVT6BAB87AE,IncidentResponder,Reviewed,2024-08-10 00:00:00,Completed,No,
WFBDAF20B4,EVT5064FF1F,ApprovalEngine,Escalated,2024-03-26 00:00:00,Completed,Yes,2024-03-26 19:00:00
WFA2F9BD4F,EVT60F52B54,DeliveryTracker,Escalated,2024-11-21 00:00:00,Completed,No,
WF9FB6421F,EVTE9B86411,CostOptimizer,Rejected,2024-10-22 00:00:00,Completed,No,
WFFCE75EED,EVTD8800585,ApprovalEngine,Initiated,2024-08-09 00:00:00,In Progress,No,
WF57C4F91B,EVTEFCA4543,ProcurementBot,Reviewed,2024-07-10 00:00:00,Completed,Yes,2024-07-10 07:00:00
WFAA701349,EVT9B01DA07,VendorAnalyzer,Completed,2024-07-01 00:00:00,Completed,No,
WF7099E867,EVT46123962,InventoryOptimizer,Initiated,2024-10-28 00:00:00,Failed,No,
WFB2B77DA4,EVT4763A9C1,CostOptimizer,Updated,2024-07-24 00:00:00,Completed,No,
WFB9A98A3A,EVT2FDAC450,InventoryOptimizer,Completed,2024-02-12 00:00:00,Completed,No,
WF8CCC9D73,EVT9ED5AD7A,CostOptimizer,Reviewed,2024-12-12 00:00:00,In Progress,Yes,2024-12-13 00:00:00
WF787D1B35,EVT72068A22,IncidentResponder,Initiated,2024-06-11 00:00:00,Completed,No,
WFD74EE590,EVT2F3722AD,CostOptimizer,Updated,2024-08-15 00:00:00,Completed,No,
WF946DDF0C,EVT01FBF598,CostOptimizer,Initiated,2024-02-27 00:00:00,Completed,Yes,2024-02-27 02:00:00
WF36D0454F,EVTB066CC3F,CostOptimizer,Reviewed,2024-07-28 00:00:00,Failed,Yes,2024-07-28 01:00:00
WFEA315DD5,EVT976FFC78,InventoryOptimizer,Updated,2024-06-07 00:00:00,In Progress,No,
WF4144A25B,EVT50F8E447,InventoryOptimizer,Initiated,2024-10-28 00:00:00,Completed,Yes,2024-10-28 09:00:00
WF34C43FAB,EVTD2A0F6A3,InventoryOptimizer,Updated,2024-06-22 00:00:00,In Progress,No,
WF99DE91BA,EVT0EA06E59,InventoryOptimizer,Reviewed,2024-07-09 00:00:00,Completed,No,
WF4095EF45,EVT62297276,IncidentResponder,Assigned,2024-09-21 00:00:00,Completed,Yes,2024-09-21 04:00:00
WF8A11FCA6,EVT463077B0,ProcurementBot,Initiated,2024-07-08 00:00:00,Completed,Yes,2024-07-08 04:00:00
WFDD813C6F,EVTACD0848B,ProcurementBot,Assigned,2024-06-28 00:00:00,In Progress,No,
WF7BF7E4DF,EVT5099FFD6,DeliveryTracker,Completed,2024-11-08 00:00:00,Completed,No,
WF71BDFDE9,EVTEF1CAB46,ApprovalEngine,Completed,2024-05-03 00:00:00,Failed,No,
WFFC3E17EA,EVT6D794861,CostOptimizer,Approved,2024-01-26 00:00:00,In Progress,No,
WFC7DEA1CB,EVT382CE4DB,VendorAnalyzer,Updated,2024-01-27 00:00:00,Completed,Yes,2024-01-27 02:00:00
WF7BB77EF3,EVT5D194851,VendorAnalyzer,Assigned,2024-01-02 00:00:00,Completed,No,
WF5921CCF9,EVT17FFCB47,ProcurementBot,Assigned,2024-12-16 00:00:00,Completed,Yes,2024-12-16 09:00:00
WF33D85343,EVT3176AE10,RiskAssessment,Assigned,2024-04-12 00:00:00,Completed,Yes,2024-04-12 18:00:00
WFCC4D05EF,EVT82B19668,CostOptimizer,Rejected,2024-04-24 00:00:00,Completed,No,
WFBF0C56F9,EVT74AF09EF,RiskAssessment,Completed,2024-12-27 00:00:00,Completed,Yes,2024-12-27 20:00:00
WF19D79C07,EVTD659745D,DeliveryTracker,Approved,2024-12-12 00:00:00,Completed,Yes,2024-12-12 23:00:00
WF4D290846,EVT3D6DBB9C,IncidentResponder,Approved,2024-09-11 00:00:00,Completed,No,
WF962C5CEF,EVT0512C819,CostOptimizer,Approved,2024-03-21 00:00:00,Completed,No,
WFDE95295B,EVT9CCCABD7,InventoryOptimizer,Approved,2024-09-11 00:00:00,Completed,Yes,2024-09-11 12:00:00
WFAAB4D0EE,EVT69E3B84A,CostOptimizer,Approved,2024-11-02 00:00:00,Failed,Yes,2024-11-02 20:00:00
WF9AD4E394,EVT745641E9,InventoryOptimizer,Initiated,2024-07-30 00:00:00,Completed,Yes,2024-07-31 00:00:00
WF7FC8A48F,EVT42C22E20,RiskAssessment,Assigned,2024-04-07 00:00:00,Completed,Yes,2024-04-07 11:00:00
WF99AD65C3,EVTE2D011D2,CostOptimizer,Reviewed,2024-11-22 00:00:00,Completed,Yes,2024-11-22 05:00:00
WF226383BB,EVTB003B6EE,CostOptimizer,Rejected,2024-08-16 00:00:00,Completed,Yes,2024-08-16 10:00:00
WF3B41F0E3,EVTF0EBA0C7,DeliveryTracker,Assigned,2024-12-30 00:00:00,Completed,No,
WF9D09D42D,EVT06CF02FA,IncidentResponder,Assigned,2024-11-03 00:00:00,Completed,Yes,2024-11-03 16:00:00
WFEA6CB1D2,EVT97AF167D,ProcurementBot,Escalated,2024-01-31 00:00:00,Completed,Yes,2024-01-31 16:00:00
WF7754FF86,EVT155C8DD8,ProcurementBot,Updated,2024-03-19 00:00:00,In Progress,Yes,2024-03-19 05:00:00
WF4710A64A,EVT5BC1EB97,DeliveryTracker,Rejected,2024-04-29 00:00:00,Completed,No,
WF5205C937,EVT0675F732,ProcurementBot,Reviewed,2024-11-06 00:00:00,Completed,No,
WFB1FD61A7,EVT80990071,ProcurementBot,Rejected,2024-03-14 00:00:00,Completed,No,
WF2B717964,EVT9FD2B2B0,CostOptimizer,Reviewed,2024-02-26 00:00:00,In Progress,No,
WF70789434,EVTE157BA8A,CostOptimizer,Reviewed,2024-06-10 00:00:00,Completed,No,
WFE00DDE4F,EVTBEE7B292,ApprovalEngine,Updated,2024-12-21 00:00:00,In Progress,Yes,2024-12-21 09:00:00
WF6AAC673B,EVT5141CA5E,CostOptimizer,Updated,2024-08-25 00:00:00,Completed,No,
WF53E374F4,EVT448558F7,InventoryOptimizer,Escalated,2024-04-10 00:00:00,Completed,Yes,2024-04-10 03:00:00
WFC13A4F5D,EVTEE39C34F,RiskAssessment,Rejected,2024-09-08 00:00:00,Failed,Yes,2024-09-08 02:00:00
WF54116CEF,EVT1B994A1B,VendorAnalyzer,Rejected,2024-12-28 00:00:00,Completed,No,
WF660FA5EB,EVTE1F8D476,ApprovalEngine,Escalated,2024-11-04 00:00:00,Completed,Yes,2024-11-04 08:00:00
WF9EB6018C,EVT5AA1211A,InventoryOptimizer,Approved,2024-12-31 00:00:00,Completed,No,
WFD20CA103,EVT2AFBEC02,VendorAnalyzer,Completed,2024-03-27 00:00:00,Completed,No,
WFCD18DA87,EVTE798784A,VendorAnalyzer,Escalated,2024-12-03 00:00:00,Completed,Yes,2024-12-03 19:00:00
WFB14A17C3,EVT4E724A4B,ApprovalEngine,Completed,2024-08-20 00:00:00,Failed,No,
WFD98A2F25,EVT11F88A3C,RiskAssessment,Escalated,2024-09-21 00:00:00,In Progress,No,
WF0ADFA082,EVT88AE8008,DeliveryTracker,Initiated,2024-04-06 00:00:00,Completed,No,
WFF6609D81,EVTA2AE1B75,RiskAssessment,Escalated,2024-08-24 00:00:00,Failed,No,
WF606C9479,EVT657A2284,ProcurementBot,Assigned,2024-02-29 00:00:00,Completed,No,
WF8B583665,EVT7967785E,IncidentResponder,Updated,2024-12-03 00:00:00,Completed,Yes,2024-12-03 06:00:00
WFB250DA83,EVT5A75338E,ProcurementBot,Completed,2024-05-07 00:00:00,Failed,Yes,2024-05-07 10:00:00
WFFB86AE3C,EVT201DA001,CostOptimizer,Completed,2024-11-16 00:00:00,Failed,No,
WF62E8CD96,EVT7634ABEF,IncidentResponder,Reviewed,2024-04-05 00:00:00,Completed,No,
WFEA5DF0B1,EVTAC3B1D3C,VendorAnalyzer,Rejected,2024-07-14 00:00:00,Completed,No,
WF9E52C96A,EVTF3D4418D,ApprovalEngine,Escalated,2024-04-05 00:00:00,Failed,Yes,2024-04-05 14:00:00
WF72B05412,EVT733CE68D,ProcurementBot,Updated,2024-04-27 00:00:00,Completed,No,
WFDD7A3BBC,EVT41E5F23B,ApprovalEngine,Approved,2024-06-20 00:00:00,Completed,No,
WF09583A67,EVT22104C04,IncidentResponder,Reviewed,2024-07-13 00:00:00,Completed,No,
WF51FAEDAF,EVTB05BA236,ProcurementBot,Reviewed,2024-10-07 00:00:00,Completed,No,
WF81334F57,EVT36874401,ProcurementBot,Completed,2024-12-20 00:00:00,Completed,No,
WFBFAAA6CF,EVTCF76CB23,ApprovalEngine,Updated,2024-04-27 00:00:00,Completed,No,
WFB3FFFA71,EVTA1952B1B,CostOptimizer,Updated,2024-12-27 00:00:00,Completed,Yes,2024-12-27 12:00:00
WFAA76FFFC,EVTBA17F51E,IncidentResponder,Updated,2024-12-22 00:00:00,Completed,No,
WF6D5364B3,EVT24FDB3BB,VendorAnalyzer,Updated,2024-11-13 00:00:00,In Progress,Yes,2024-11-13 12:00:00
WF0EE09533,EVT45CC9460,IncidentResponder,Escalated,2024-01-06 00:00:00,Completed,Yes,2024-01-06 02:00:00
WFCCFABACF,EVT1182C2D7,RiskAssessment,Escalated,2024-05-19 00:00:00,Completed,No,
WF093292F4,EVT7AA1A327,InventoryOptimizer,Updated,2024-08-05 00:00:00,Completed,No,
WF3EC75480,EVT35CCE004,RiskAssessment,Completed,2024-02-23 00:00:00,Completed,Yes,2024-02-23 07:00:00
WF2F05B1BD,EVTCA02101B,DeliveryTracker,Reviewed,2024-02-07 00:00:00,Completed,Yes,2024-02-07 22:00:00
WF535B9637,EVT2F7ADD05,ApprovalEngine,Reviewed,2024-05-30 00:00:00,Completed,Yes,2024-05-30 19:00:00
WF79AADD2F,EVTA0FF3537,IncidentResponder,Assigned,2024-04-19 00:00:00,Completed,Yes,2024-04-19 08:00:00
WFB14493F8,EVT163D77FD,ApprovalEngine,Completed,2024-12-03 00:00:00,Completed,Yes,2024-12-03 13:00:00
WF5401D663,EVT40A76F99,DeliveryTracker,Completed,2024-11-06 00:00:00,Completed,No,
WF80CA6DEB,EVT46D701D0,RiskAssessment,Reviewed,2024-06-18 00:00:00,Completed,Yes,2024-06-18 19:00:00
WFA88D1927,EVT5C2013B9,ApprovalEngine,Updated,2024-05-30 00:00:00,Completed,Yes,2024-05-30 13:00:00
WF2037130B,EVT7CCEFF5C,RiskAssessment,Updated,2024-06-14 00:00:00,In Progress,Yes,2024-06-14 06:00:00
WFEC299581,EVT4A9E2E6C,ApprovalEngine,Assigned,2024-09-09 00:00:00,Completed,No,
WF86B666D1,EVTFDC720F7,ApprovalEngine,Approved,2024-07-18 00:00:00,Completed,Yes,2024-07-18 03:00:00
WF1443EA17,EVT5CBD5E05,IncidentResponder,Assigned,2024-10-25 00:00:00,Completed,No,
WFD87C63F6,EVTE21998D3,CostOptimizer,Completed,2024-10-12 00:00:00,Completed,No,
WF89012335,EVT7F6880F5,RiskAssessment,Completed,2024-10-14 00:00:00,Completed,No,
WFD24B9E93,EVT09F1A16A,ProcurementBot,Updated,2024-03-02 00:00:00,Completed,No,
WFC7941F13,EVTC2F7650C,ApprovalEngine,Reviewed,2024-05-05 00:00:00,Completed,Yes,2024-05-05 08:00:00
WFA9099A4A,EVT93332B82,IncidentResponder,Rejected,2024-03-31 00:00:00,Completed,No,
WF93C3524B,EVT716B4924,ProcurementBot,Initiated,2024-11-06 00:00:00,Completed,No,
WFD459D831,EVT446AB7E8,ApprovalEngine,Escalated,2024-07-31 00:00:00,Completed,Yes,2024-07-31 17:00:00
WF706DE50F,EVT77CB9956,VendorAnalyzer,Reviewed,2024-11-25 00:00:00,In Progress,No,
WFA17C4DAA,EVTDC8EFF53,InventoryOptimizer,Reviewed,2024-10-17 00:00:00,In Progress,No,
WF3CA58E3C,EVT82B19668,ProcurementBot,Initiated,2024-11-17 00:00:00,Failed,No,
WF99DAB64C,EVT178F49EA,IncidentResponder,Initiated,2024-09-03 00:00:00,In Progress,No,
WF9F30744B,EVT9EB3CDE0,CostOptimizer,Initiated,2024-04-07 00:00:00,Failed,No,
WFD83E3A42,EVTCB19B908,RiskAssessment,Rejected,2024-08-30 00:00:00,Failed,Yes,2024-08-30 14:00:00
WF8D15BD77,EVT08AE232D,InventoryOptimizer,Completed,2024-01-11 00:00:00,Completed,No,
WF25F4EB62,EVT5A82D6B6,InventoryOptimizer,Escalated,2024-04-15 00:00:00,Completed,No,
WF1789043D,EVT3870789E,ApprovalEngine,Rejected,2024-10-15 00:00:00,Completed,No,
WF8E73BB37,EVTA08CF92E,DeliveryTracker,Escalated,2024-10-13 00:00:00,Completed,Yes,2024-10-13 17:00:00
WF8ADC8A04,EVTC4E63A48,VendorAnalyzer,Completed,2024-11-07 00:00:00,In Progress,No,
WFB077634C,EVT5925AB28,DeliveryTracker,Updated,2024-03-06 00:00:00,Completed,No,
WFC3C95E5A,EVT684564DF,ProcurementBot,Rejected,2024-10-07 00:00:00,Failed,No,
WF20333E14,EVTE58E4B1E,CostOptimizer,Reviewed,2024-03-24 00:00:00,Completed,Yes,2024-03-24 14:00:00
WFEA40063B,EVT0F2D0452,ApprovalEngine,Completed,2024-02-04 00:00:00,Completed,No,
WFB2C44C73,EVT0C12544F,VendorAnalyzer,Initiated,2024-01-24 00:00:00,Completed,Yes,2024-01-24 13:00:00
WF1857448D,EVT53B155F7,IncidentResponder,Initiated,2024-12-03 00:00:00,Completed,Yes,2024-12-03 10:00:00
WF7F9A6C99,EVTCD5FA81C,RiskAssessment,Reviewed,2024-05-05 00:00:00,Failed,No,
WFD606CB61,EVT6399EF66,ApprovalEngine,Completed,2024-02-22 00:00:00,Failed,No,
WF1E95E959,EVTB8BCE82F,InventoryOptimizer,Initiated,2024-01-31 00:00:00,Completed,No,
WFFC99D692,EVT2D8A278D,DeliveryTracker,Escalated,2024-11-21 00:00:00,In Progress,No,
WF95BCD08C,EVT32097A38,DeliveryTracker,Updated,2024-07-19 00:00:00,Failed,Yes,2024-07-19 15:00:00
WFF5326062,EVTD6514A51,ApprovalEngine,Reviewed,2024-09-08 00:00:00,Completed,No,
WF526EEEC5,EVTFC23736C,IncidentResponder,Updated,2024-07-08 00:00:00,Completed,No,
WFBC035B8C,EVTC41F071A,RiskAssessment,Completed,2024-03-24 00:00:00,Completed,Yes,2024-03-24 05:00:00
WFE6EAD97D,EVT8168A16D,InventoryOptimizer,Rejected,2024-06-23 00:00:00,Completed,No,
WF0843D6A0,EVTEB49A796,ProcurementBot,Initiated,2024-07-02 00:00:00,Failed,No,
WF06C0B122,EVT62B23C92,CostOptimizer,Escalated,2024-03-03 00:00:00,Failed,No,
WF3B1BB33F,EVTF7304F21,RiskAssessment,Escalated,2024-07-13 00:00:00,Completed,No,
WF37D2DF0D,EVTD56166C1,CostOptimizer,Approved,2024-10-19 00:00:00,In Progress,No,
WFA544F35D,EVTDF0AD043,ApprovalEngine,Completed,2024-08-19 00:00:00,Failed,No,
WF5A595495,EVTC749925F,ProcurementBot,Updated,2024-08-09 00:00:00,In Progress,No,
WF4AEA7297,EVT4F8C4FF8,ApprovalEngine,Escalated,2024-10-18 00:00:00,Completed,No,
WF8923E376,EVT20955D6E,DeliveryTracker,Escalated,2024-11-30 00:00:00,Completed,No,
WFAD307FB0,EVTD8B394C0,IncidentResponder,Initiated,2024-11-16 00:00:00,Completed,No,
WF35E0AA00,EVTE14E002B,ProcurementBot,Initiated,2024-06-13 00:00:00,In Progress,Yes,2024-06-13 06:00:00
WF2690E4D9,EVT142215C7,ApprovalEngine,Initiated,2024-12-15 00:00:00,Completed,Yes,2024-12-15 19:00:00
WF9BF0F67A,EVT109C80C0,ApprovalEngine,Reviewed,2024-12-22 00:00:00,Completed,Yes,2024-12-22 15:00:00
WF24CA82C1,EVT95DD875D,RiskAssessment,Assigned,2024-12-17 00:00:00,Completed,No,
WF209C2B27,EVT24D8D612,CostOptimizer,Completed,2024-03-29 00:00:00,Failed,No,
WF84610837,EVT28381107,ProcurementBot,Rejected,2024-05-20 00:00:00,In Progress,No,
WF4D9463A8,EVTA7626C6B,ApprovalEngine,Rejected,2024-07-23 00:00:00,Completed,No,
WF811762B0,EVTE67425E5,ProcurementBot,Completed,2024-03-05 00:00:00,Completed,Yes,2024-03-05 05:00:00
WF8018B38C,EVTD5D5B418,ProcurementBot,Reviewed,2024-01-06 00:00:00,Completed,Yes,2024-01-06 10:00:00
WFF7B39C24,EVT2213A836,DeliveryTracker,Updated,2024-12-12 00:00:00,Completed,No,
WF5FC940D7,EVTD70503D8,InventoryOptimizer,Reviewed,2024-11-05 00:00:00,Completed,Yes,2024-11-05 10:00:00
WFEF8073B8,EVTB403C1E0,RiskAssessment,Completed,2024-02-26 00:00:00,Failed,No,
WF8D3835A5,EVTED122E85,IncidentResponder,Updated,2024-03-05 00:00:00,Completed,No,
WFC4AF97C1,EVT7CCEFF5C,VendorAnalyzer,Approved,2024-03-21 00:00:00,Completed,Yes,2024-03-21 14:00:00
WFF4DD48FE,EVTDB02EAC5,DeliveryTracker,Assigned,2024-05-25 00:00:00,Completed,No,
WF9ADD37D7,EVTF60B6ACF,DeliveryTracker,Approved,2024-03-28 00:00:00,Completed,Yes,2024-03-28 19:00:00
WFA5EF589F,EVTFAB82867,ApprovalEngine,Updated,2024-02-27 00:00:00,Completed,No,
WF18B2E3CE,EVTB34FEA40,DeliveryTracker,Updated,2024-09-07 00:00:00,Completed,Yes,2024-09-07 20:00:00
WF6AC8E951,EVTAE04D9C4,InventoryOptimizer,Reviewed,2024-06-15 00:00:00,In Progress,No,
WF473D8647,EVTD541FB6D,IncidentResponder,Approved,2024-12-27 00:00:00,Completed,Yes,2024-12-27 16:00:00
WF83B5E333,EVTA9059BBF,ProcurementBot,Completed,2024-11-07 00:00:00,Completed,Yes,2024-11-07 03:00:00
WF638A8672,EVT50240713,RiskAssessment,Updated,2024-11-10 00:00:00,Completed,No,
WF9CB94AF6,EVTF9DF8B69,IncidentResponder,Rejected,2024-04-14 00:00:00,Failed,No,
WF2D2D466E,EVTB4C95EE8,IncidentResponder,Updated,2024-03-17 00:00:00,Completed,No,
WF4616455F,EVT2D530BA8,InventoryOptimizer,Assigned,2024-04-24 00:00:00,Failed,No,
WF397D666E,EVT81169BA1,RiskAssessment,Escalated,2024-06-27 00:00:00,In Progress,Yes,2024-06-27 17:00:00
WF27AA7A2E,EVTB574CB97,DeliveryTracker,Rejected,2024-01-18 00:00:00,Completed,Yes,2024-01-18 17:00:00
WFE5F1116C,EVT848FCC1F,CostOptimizer,Completed,2024-09-04 00:00:00,Completed,No,
WFCA9E3D21,EVT4DB7FCCD,ApprovalEngine,Assigned,2024-05-03 00:00:00,Completed,No,
WF0E77D632,EVT78110FDB,ApprovalEngine,Reviewed,2024-02-09 00:00:00,Completed,Yes,2024-02-09 13:00:00
WF5FD2E774,EVT3B1C26B7,ProcurementBot,Reviewed,2024-10-12 00:00:00,Completed,No,
WF29C3274B,EVTADD86A0A,IncidentResponder,Initiated,2024-01-03 00:00:00,Completed,Yes,2024-01-03 04:00:00
WF05D8B0DF,EVT0F2D0452,RiskAssessment,Initiated,2024-04-11 00:00:00,Failed,No,
WF0097C551,EVT1467DB27,InventoryOptimizer,Completed,2024-11-14 00:00:00,Completed,No,
WFFAE5C171,EVTD669DCB9,VendorAnalyzer,Updated,2024-09-18 00:00:00,Completed,No,
WF9D6B0D0B,EVT6DEDF9CF,ApprovalEngine,Updated,2024-01-10 00:00:00,Completed,Yes,2024-01-10 02:00:00
WF580FDB8F,EVT5AA7C044,ApprovalEngine,Initiated,2024-06-09 00:00:00,Completed,Yes,2024-06-10 00:00:00
WFB7DD13FF,EVTA0851479,VendorAnalyzer,Rejected,2024-05-04 00:00:00,Completed,No,
WFEAF97C12,EVT755150E7,CostOptimizer,Initiated,2024-11-08 00:00:00,Completed,Yes,2024-11-08 05:00:00
WFE8F54798,EVT0B824AE1,ApprovalEngine,Initiated,2024-11-24 00:00:00,Completed,Yes,2024-11-24 15:00:00
WF6C2E07C7,EVT8658D331,CostOptimizer,Completed,2024-06-03 00:00:00,Completed,No,
WFBDFDCA57,EVTE93EE6BD,DeliveryTracker,Completed,2024-01-07 00:00:00,Completed,No,
WF57886869,EVTECE81C26,ApprovalEngine,Updated,2024-07-01 00:00:00,Completed,Yes,2024-07-01 03:00:00
WF1C24B52C,EVT06C76322,CostOptimizer,Completed,2024-07-18 00:00:00,Completed,Yes,2024-07-18 13:00:00
WF83CAD49F,EVT415DDDF7,ApprovalEngine,Assigned,2024-11-15 00:00:00,Completed,Yes,2024-11-15 13:00:00
WF7426C5B8,EVT539408FB,ProcurementBot,Reviewed,2024-08-08 00:00:00,Completed,Yes,2024-08-08 07:00:00
WF8DAB7044,EVT57C0CF35,VendorAnalyzer,Rejected,2024-08-13 00:00:00,In Progress,Yes,2024-08-13 20:00:00
WF275673F2,EVTD9A8839F,ProcurementBot,Approved,2024-07-14 00:00:00,Completed,No,
WFEE7747CF,EVTEB299F9B,CostOptimizer,Assigned,2024-03-07 00:00:00,Completed,No,
WF39D45048,EVTC0E0B5CF,CostOptimizer,Updated,2024-01-20 00:00:00,Completed,No,
WFDD6585F6,EVT2427E1D6,VendorAnalyzer,Assigned,2024-09-11 00:00:00,Completed,Yes,2024-09-11 05:00:00
WFE33D74AE,EVTBECAEA3C,CostOptimizer,Approved,2024-06-24 00:00:00,Completed,No,
WF5A44D0DA,EVTF3B0205F,CostOptimizer,Completed,2024-11-26 00:00:00,Completed,No,
WF1EFD374A,EVT26AA478F,ApprovalEngine,Updated,2024-06-22 00:00:00,Completed,Yes,2024-06-22 10:00:00
WFF476EEB4,EVT2476F729,ApprovalEngine,Reviewed,2024-11-13 00:00:00,Failed,Yes,2024-11-13 12:00:00
WFF49E8299,EVT22104C04,InventoryOptimizer,Updated,2024-06-11 00:00:00,Completed,Yes,2024-06-11 06:00:00
WF4C49EF7C,EVT1C1BAB0C,ApprovalEngine,Escalated,2024-08-08 00:00:00,Completed,Yes,2024-08-08 13:00:00
WF41906810,EVT819F1DA2,VendorAnalyzer,Rejected,2024-04-26 00:00:00,Completed,No,
WF2C5BC696,EVT4EAB7A3E,ApprovalEngine,Initiated,2024-09-11 00:00:00,Completed,No,
WFBE3AFCFF,EVTBBD34076,CostOptimizer,Reviewed,2024-07-05 00:00:00,Completed,No,
WFDBEE4C3D,EVTE90C1023,ApprovalEngine,Assigned,2024-06-24 00:00:00,Completed,Yes,2024-06-24 20:00:00
WF8E98B3D8,EVTF539D93A,ProcurementBot,Escalated,2024-06-16 00:00:00,Completed,No,
WF0FD5E3C1,EVTE36333BF,VendorAnalyzer,Reviewed,2024-09-10 00:00:00,Completed,No,
WF1F013062,EVTAAFD86A3,ProcurementBot,Reviewed,2024-11-07 00:00:00,Completed,No,
WFD5E1BE06,EVT0E7251F9,VendorAnalyzer,Escalated,2024-05-28 00:00:00,Completed,Yes,2024-05-28 23:00:00
WF57EBF3AB,EVT7C7CF54A,CostOptimizer,Updated,2024-03-07 00:00:00,In Progress,Yes,2024-03-07 21:00:00
WF0FBD4A0F,EVTDAB39ACB,InventoryOptimizer,Initiated,2024-07-17 00:00:00,Completed,No,
WF12B8077F,EVT2AD05CAF,ProcurementBot,Escalated,2024-08-03 00:00:00,Completed,No,
WF6FD18469,EVT38721934,ApprovalEngine,Escalated,2024-08-04 00:00:00,Completed,No,
WF0E06B54E,EVTF9BB9AC4,RiskAssessment,Reviewed,2024-01-31 00:00:00,Completed,Yes,2024-01-31 02:00:00
WFD73F8F6F,EVT1576C9D6,ApprovalEngine,Initiated,2024-01-27 00:00:00,In Progress,No,
WF083A8AE9,EVTA16D2819,DeliveryTracker,Initiated,2024-04-01 00:00:00,Completed,No,
WF3F3BFA87,EVT0DA9ECF9,IncidentResponder,Updated,2024-06-26 00:00:00,Completed,No,
WFDA80EC13,EVTC88EE43B,RiskAssessment,Reviewed,2024-07-23 00:00:00,Completed,No,
WF4EEB0F0D,EVT5279D5CA,ApprovalEngine,Updated,2024-01-22 00:00:00,Completed,Yes,2024-01-22 14:00:00
WF36CDB554,EVT89A55455,CostOptimizer,Escalated,2024-06-15 00:00:00,Completed,No,
WFE33E3039,EVTD634FFDC,VendorAnalyzer,Reviewed,2024-08-06 00:00:00,Completed,No,
WFB0F5CB43,EVTB2112E4E,CostOptimizer,Approved,2024-12-15 00:00:00,Completed,Yes,2024-12-15 09:00:00
WFAF3E4F6C,EVT50B12B40,VendorAnalyzer,Rejected,2024-03-23 00:00:00,Completed,No,
WFBBDBD949,EVT01330DB7,ProcurementBot,Escalated,2024-07-06 00:00:00,Completed,No,
WFA0B81A29,EVTD91EF9C2,IncidentResponder,Rejected,2024-03-16 00:00:00,Completed,No,
WF87337D6E,EVTC16F9F33,IncidentResponder,Assigned,2024-09-03 00:00:00,Completed,No,
WF2C7190CC,EVT66B265F8,ProcurementBot,Assigned,2024-10-03 00:00:00,Completed,No,
WFB8468113,EVT19884314,ApprovalEngine,Updated,2024-07-17 00:00:00,Failed,No,
WFE33EF850,EVT5F2C9AC8,IncidentResponder,Initiated,2024-04-09 00:00:00,Completed,Yes,2024-04-09 07:00:00
WF4EC63757,EVT52A7F1A3,CostOptimizer,Assigned,2024-01-29 00:00:00,In Progress,No,
WF16427C7B,EVTCB97B828,CostOptimizer,Rejected,2024-03-01 00:00:00,Completed,No,
WFFD7FD481,EVTA2A859D4,IncidentResponder,Approved,2024-06-14 00:00:00,Completed,No,
WF1E3F3A09,EVT5204EA6A,InventoryOptimizer,Approved,2024-11-05 00:00:00,Completed,Yes,2024-11-05 13:00:00
WF6506E176,EVT66A23D7E,CostOptimizer,Updated,2024-04-06 00:00:00,Completed,No,
WFCA2DFCBD,EVTEAF41356,ApprovalEngine,Initiated,2024-03-02 00:00:00,In Progress,No,
WFD254C5F5,EVT4DDDF459,VendorAnalyzer,Escalated,2024-09-07 00:00:00,Failed,No,
WF79F587A1,EVT793ACFEC,DeliveryTracker,Initiated,2024-01-18 00:00:00,Completed,No,
WF2339FA4D,EVT2F7ADD05,VendorAnalyzer,Updated,2024-11-02 00:00:00,Completed,Yes,2024-11-02 15:00:00
WFE73977DE,EVT4DC61C17,ProcurementBot,Initiated,2024-10-12 00:00:00,Completed,Yes,2024-10-12 06:00:00
WF033A8EDE,EVT10BF8C8C,InventoryOptimizer,Escalated,2024-01-07 00:00:00,Completed,No,
WF3F66FEAD,EVT09AF7FC0,ApprovalEngine,Approved,2024-07-05 00:00:00,In Progress,No,
WF886DF506,EVT5D510D5E,ApprovalEngine,Escalated,2024-04-25 00:00:00,Completed,No,
WFEF30611B,EVTBBD34076,CostOptimizer,Rejected,2024-02-21 00:00:00,Completed,No,
WFCA892490,EVT13B79E80,IncidentResponder,Updated,2024-08-11 00:00:00,In Progress,No,
WFD230A55E,EVTE9320D0D,DeliveryTracker,Rejected,2024-04-30 00:00:00,In Progress,No,
WF0D5824EB,EVT36E832B7,DeliveryTracker,Escalated,2024-05-23 00:00:00,In Progress,No,
WFEF56FABB,EVT688733B8,InventoryOptimizer,Reviewed,2024-05-03 00:00:00,Completed,No,
WFFCE1778A,EVT1AFF8AB3,VendorAnalyzer,Reviewed,2024-09-30 00:00:00,In Progress,No,
WFDF28B6E2,EVTFFCF6378,IncidentResponder,Updated,2024-01-09 00:00:00,Completed,No,
WF45329055,EVT60DC094A,CostOptimizer,Initiated,2024-02-23 00:00:00,In Progress,Yes,2024-02-23 10:00:00
WF8A672313,EVTD659745D,ApprovalEngine,Approved,2024-11-05 00:00:00,Completed,No,
WF656A76AA,EVT63912DAC,RiskAssessment,Initiated,2024-01-15 00:00:00,Completed,No,
WF364240EF,EVT950F8E4C,ProcurementBot,Approved,2024-10-22 00:00:00,Completed,No,
WFF6F602CD,EVT711FD550,CostOptimizer,Reviewed,2024-01-06 00:00:00,Completed,No,
WF4871C7F2,EVTB9F29A0F,IncidentResponder,Updated,2024-07-14 00:00:00,In Progress,No,
WFEEEE604C,EVTBB37AC86,IncidentResponder,Assigned,2024-07-04 00:00:00,Completed,No,
WF112FAB62,EVT96C0BF56,DeliveryTracker,Reviewed,2024-01-12 00:00:00,Completed,Yes,2024-01-12 22:00:00
WF36B0285E,EVTED7AC308,VendorAnalyzer,Escalated,2024-05-25 00:00:00,Completed,Yes,2024-05-25 23:00:00
WF316D2FE2,EVT295BA373,ApprovalEngine,Updated,2024-02-05 00:00:00,Completed,Yes,2024-02-05 05:00:00
WF9A34A7C1,EVTB1D5CA8B,VendorAnalyzer,Reviewed,2024-01-27 00:00:00,Completed,No,
WF99A2CB3D,EVT71D9AC26,RiskAssessment,Reviewed,2024-07-31 00:00:00,Completed,Yes,2024-07-31 03:00:00
WF56ECCBE2,EVT51EEAF5D,InventoryOptimizer,Initiated,2024-04-14 00:00:00,Failed,Yes,2024-04-14 12:00:00
WFFA006B5B,EVTDA79E807,CostOptimizer,Completed,2024-01-19 00:00:00,Completed,No,
WFE6CDE664,EVTFD99F8F7,ProcurementBot,Reviewed,2024-04-30 00:00:00,Completed,Yes,2024-04-30 23:00:00
WF446616E6,EVT88807FEA,InventoryOptimizer,Reviewed,2024-01-28 00:00:00,Failed,No,
WF8A3C0D48,EVTA93E6366,DeliveryTracker,Completed,2024-09-24 00:00:00,Completed,Yes,2024-09-24 07:00:00
WF564917B2,EVT263AEA50,DeliveryTracker,Initiated,2024-04-02 00:00:00,Completed,No,
WF3778F284,EVTBC7EB354,ApprovalEngine,Completed,2024-08-28 00:00:00,Completed,No,
WF7D821F47,EVT182300EE,VendorAnalyzer,Updated,2024-02-29 00:00:00,Completed,Yes,2024-02-29 10:00:00
WFEB5DDEF5,EVT76AA54D9,ProcurementBot,Reviewed,2024-10-17 00:00:00,Completed,No,
WFC929CFFB,EVTA3F1DE42,InventoryOptimizer,Assigned,2024-06-07 00:00:00,In Progress,No,
WF2FD49794,EVTB5A311F4,IncidentResponder,Reviewed,2024-08-19 00:00:00,Completed,No,
WF1585CA7A,EVT4DC61C17,DeliveryTracker,Rejected,2024-10-11 00:00:00,Completed,No,
WF0CC04638,EVTDF64936F,ProcurementBot,Completed,2024-07-27 00:00:00,Failed,Yes,2024-07-27 19:00:00
WF57B91DD1,EVT06FFD9A1,IncidentResponder,Approved,2024-11-04 00:00:00,Completed,No,
WF75797E3B,EVT30F627FA,RiskAssessment,Assigned,2024-05-20 00:00:00,Completed,Yes,2024-05-20 03:00:00
WFC362D352,EVT938F70FC,ApprovalEngine,Reviewed,2024-01-24 00:00:00,In Progress,No,
WFAA6FAE56,EVT26A1BFE1,InventoryOptimizer,Updated,2024-01-31 00:00:00,Completed,Yes,2024-01-31 18:00:00
WF247B7603,EVT6B913C32,InventoryOptimizer,Updated,2024-08-22 00:00:00,In Progress,No,
WF38D472AE,EVT1AC502B4,ApprovalEngine,Initiated,2024-09-22 00:00:00,Completed,No,
WF136F0997,EVT99241CEE,CostOptimizer,Rejected,2024-06-14 00:00:00,In Progress,Yes,2024-06-14 05:00:00
WF68264DE8,EVTB69B2C9C,RiskAssessment,Reviewed,2024-04-21 00:00:00,In Progress,Yes,2024-04-21 18:00:00
WFAC22177D,EVT9482CB9F,DeliveryTracker,Rejected,2024-06-08 00:00:00,Completed,No,
WF3717B4F5,EVTBBDE7D0F,ApprovalEngine,Reviewed,2024-01-02 00:00:00,Completed,Yes,2024-01-03 00:00:00
WF013C2EA2,EVTE3932734,DeliveryTracker,Assigned,2024-03-30 00:00:00,In Progress,No,
WF055C9028,EVTD0E0DC9B,RiskAssessment,Initiated,2024-11-18 00:00:00,Failed,Yes,2024-11-18 17:00:00
WFD4407CA0,EVT8752472F,VendorAnalyzer,Assigned,2024-06-03 00:00:00,Completed,Yes,2024-06-03 18:00:00
WF3CF4CE45,EVT2F00F0B0,CostOptimizer,Rejected,2024-10-26 00:00:00,Completed,No,
WF411A4DEA,EVT848FCC1F,ApprovalEngine,Assigned,2024-04-07 00:00:00,In Progress,No,
WF79C5958E,EVTAD8B276B,ProcurementBot,Approved,2024-03-11 00:00:00,Completed,Yes,2024-03-11 09:00:00
WF259FA4D7,EVT1551BD64,InventoryOptimizer,Updated,2024-03-21 00:00:00,Completed,Yes,2024-03-21 21:00:00
WF1D38EE2B,EVT76B517E7,InventoryOptimizer,Escalated,2024-02-09 00:00:00,Failed,No,
WF947A74C6,EVTD4F865D9,ProcurementBot,Rejected,2024-07-30 00:00:00,Completed,No,
WFD324A31E,EVTF393C63E,InventoryOptimizer,Reviewed,2024-07-13 00:00:00,Completed,Yes,2024-07-14 00:00:00
WF98044107,EVT2034DD6C,DeliveryTracker,Assigned,2024-10-03 00:00:00,In Progress,Yes,2024-10-03 12:00:00
WF997E8460,EVTA353954A,CostOptimizer,Escalated,2024-05-28 00:00:00,Completed,No,
WF1052C5AE,EVTD9A8839F,IncidentResponder,Completed,2024-08-09 00:00:00,Completed,Yes,2024-08-09 05:00:00
WF2C9E60B3,EVT45566CFB,ApprovalEngine,Completed,2024-12-22 00:00:00,Completed,No,
WFC66B4C39,EVTE6C176D9,RiskAssessment,Initiated,2024-01-22 00:00:00,Completed,No,
WF71F649DC,EVT16BAA5A0,ApprovalEngine,Completed,2024-04-24 00:00:00,Completed,No,
WFB2532BB7,EVT9CCCABD7,ApprovalEngine,Updated,2024-09-11 00:00:00,Completed,No,
WF1B08AF92,EVTD4398ABA,RiskAssessment,Completed,2024-07-22 00:00:00,Completed,No,
WFF991DDA7,EVTD761706A,IncidentResponder,Completed,2024-11-07 00:00:00,Completed,No,
WF479AACEA,EVT56218185,VendorAnalyzer,Rejected,2024-05-26 00:00:00,Completed,No,
WF150A2F72,EVT69A5916E,ApprovalEngine,Escalated,2024-05-09 00:00:00,Completed,Yes,2024-05-09 16:00:00
WFAA577918,EVT8FA8D20A,ProcurementBot,Rejected,2024-02-23 00:00:00,Completed,No,
WFFBF57D8D,EVT98CD926A,ProcurementBot,Updated,2024-07-16 00:00:00,Completed,No,
WF50081598,EVT210FEA10,VendorAnalyzer,Updated,2024-10-15 00:00:00,Completed,Yes,2024-10-15 11:00:00
WFADD0A478,EVT66130EBC,ApprovalEngine,Completed,2024-11-30 00:00:00,In Progress,No,
WFC37747B2,EVT775ACC5F,VendorAnalyzer,Reviewed,2024-06-12 00:00:00,Completed,No,
WF2F5DFFE8,EVTD50F385A,VendorAnalyzer,Initiated,2024-07-15 00:00:00,Completed,No,
WF8F5CA4B6,EVT0912F435,ProcurementBot,Updated,2024-04-24 00:00:00,Completed,Yes,2024-04-24 11:00:00
WF94790EFF,EVTDD995A43,IncidentResponder,Updated,2024-12-14 00:00:00,Completed,Yes,2024-12-14 05:00:00
WF86856625,EVT263AEA50,IncidentResponder,Initiated,2024-02-02 00:00:00,In Progress,No,
WFDAF0492A,EVT93124DAC,CostOptimizer,Updated,2024-02-10 00:00:00,Completed,No,
WFD7D34C0B,EVT4C09A1CA,RiskAssessment,Escalated,2024-04-01 00:00:00,Completed,No,
WFCEDEFE18,EVT014CDBAF,ApprovalEngine,Approved,2024-10-22 00:00:00,Completed,No,
WF16BC8600,EVT37804ABD,InventoryOptimizer,Rejected,2024-05-03 00:00:00,Completed,No,
WF0B9C8619,EVTB05BA236,DeliveryTracker,Rejected,2024-11-20 00:00:00,Completed,Yes,2024-11-20 04:00:00
WF18EB958F,EVT34DCE7F3,DeliveryTracker,Escalated,2024-01-31 00:00:00,Completed,Yes,2024-01-31 17:00:00
WF3D8AA37C,EVTFD99F8F7,RiskAssessment,Completed,2024-04-22 00:00:00,Completed,No,
WF1D774809,EVTB73FB1D4,DeliveryTracker,Assigned,2024-05-03 00:00:00,Completed,Yes,2024-05-03 21:00:00
WF0EDD2424,EVT70D36783,CostOptimizer,Completed,2024-12-31 00:00:00,Completed,Yes,2024-12-31 15:00:00
WFCC118412,EVT46742BBB,InventoryOptimizer,Rejected,2024-01-24 00:00:00,Failed,No,
WF2089C64E,EVT39A12C71,CostOptimizer,Escalated,2024-10-22 00:00:00,Failed,Yes,2024-10-22 15:00:00
WFF2147AA7,EVT2405BFA6,InventoryOptimizer,Updated,2024-07-01 00:00:00,Completed,No,
WF58833FDB,EVTD54590A2,VendorAnalyzer,Approved,2024-01-02 00:00:00,Completed,Yes,2024-01-02 22:00:00
WF8893F98B,EVT5AB79E40,DeliveryTracker,Completed,2024-07-30 00:00:00,In Progress,Yes,2024-07-30 04:00:00
WFC4D2BD7F,EVTF23C71C2,IncidentResponder,Updated,2024-08-05 00:00:00,Completed,Yes,2024-08-05 18:00:00
WF0BA7D40F,EVTC1349BD7,ProcurementBot,Assigned,2024-03-20 00:00:00,Completed,No,
WF7EBEF575,EVTF793CE28,VendorAnalyzer,Approved,2024-10-18 00:00:00,In Progress,No,
WF19081FAF,EVTDD647B83,VendorAnalyzer,Completed,2024-04-17 00:00:00,In Progress,No,
WF6BBD15C1,EVT9368ED88,CostOptimizer,Assigned,2024-07-06 00:00:00,Completed,No,
WFAA14B714,EVT300BDB84,IncidentResponder,Escalated,2024-05-09 00:00:00,Completed,No,
WF1F557C1B,EVT2B5FDF1A,ApprovalEngine,Rejected,2024-06-04 00:00:00,Completed,Yes,2024-06-04 01:00:00
WFA11FBD47,EVTB79603B5,InventoryOptimizer,Rejected,2024-03-06 00:00:00,Completed,Yes,2024-03-06 03:00:00
WF2DF04D21,EVT333FCA5C,CostOptimizer,Approved,2024-04-09 00:00:00,Completed,No,
WFE6E9C720,EVTB9B46346,DeliveryTracker,Initiated,2024-09-10 00:00:00,In Progress,Yes,2024-09-10 18:00:00
WF6ED73087,EVTA7BCA089,ApprovalEngine,Updated,2024-12-02 00:00:00,In Progress,No,
WFBF2A95BC,EVT26D87929,DeliveryTracker,Assigned,2024-01-29 00:00:00,Completed,Yes,2024-01-29 01:00:00
WF65A75186,EVT77AAFA05,CostOptimizer,Reviewed,2024-08-25 00:00:00,Completed,No,
WF825E725D,EVTC073E93C,ApprovalEngine,Escalated,2024-03-27 00:00:00,Completed,Yes,2024-03-27 03:00:00
WF2783958F,EVT3834B55E,RiskAssessment,Reviewed,2024-05-05 00:00:00,Completed,No,
WF763748C1,EVT3DD9480E,IncidentResponder,Reviewed,2024-12-30 00:00:00,In Progress,No,
WFDEEC6B44,EVT36E832B7,RiskAssessment,Updated,2024-01-09 00:00:00,In Progress,No,
WF72533942,EVT017FCB16,InventoryOptimizer,Reviewed,2024-06-23 00:00:00,Completed,Yes,2024-06-23 04:00:00
WFFDE96029,EVT25D308FA,RiskAssessment,Reviewed,2024-06-04 00:00:00,Completed,Yes,2024-06-04 16:00:00
WFDD74C18D,EVTD3336D3E,InventoryOptimizer,Approved,2024-10-03 00:00:00,In Progress,No,
WF41BCB026,EVTA9B98717,DeliveryTracker,Updated,2024-06-20 00:00:00,Completed,Yes,2024-06-20 18:00:00
WFB71E3D50,EVTC3E2DC6C,InventoryOptimizer,Rejected,2024-09-12 00:00:00,Completed,No,
WFE4AEF3D0,EVTA4BA2E2D,DeliveryTracker,Reviewed,2024-06-16 00:00:00,Failed,Yes,2024-06-17 00:00:00
WFE3B2E3F3,EVT378D262B,ProcurementBot,Completed,2024-11-09 00:00:00,Completed,No,
WF3FC13E3A,EVTA7626C6B,VendorAnalyzer,Reviewed,2024-12-14 00:00:00,Completed,No,
WFEF78F5A2,EVT147A55EB,CostOptimizer,Approved,2024-04-21 00:00:00,Completed,No,
WF25557983,EVT8140D5BE,IncidentResponder,Reviewed,2024-03-20 00:00:00,Completed,No,
WFA5AD01BA,EVT7E10F761,DeliveryTracker,Rejected,2024-03-24 00:00:00,Completed,No,
WFC4AEF532,EVTF1640785,ProcurementBot,Initiated,2024-11-07 00:00:00,Completed,No,
WFC7A5BD57,EVT874B88F8,ApprovalEngine,Escalated,2024-07-26 00:00:00,Failed,Yes,2024-07-26 14:00:00
WF85EE5162,EVT69A5916E,DeliveryTracker,Updated,2024-01-21 00:00:00,Completed,No,
WFA85D02C3,EVTE8BCCC6A,ProcurementBot,Updated,2024-05-10 00:00:00,Completed,No,
WF2BBF6361,EVT613F021A,DeliveryTracker,Updated,2024-03-22 00:00:00,Completed,Yes,2024-03-22 06:00:00
WF8998BB11,EVT39464C9C,InventoryOptimizer,Initiated,2024-07-15 00:00:00,Completed,No,
WF23F8791D,EVT43760C7C,InventoryOptimizer,Updated,2024-05-27 00:00:00,Completed,No,
WFE0101540,EVTE3D1968B,IncidentResponder,Approved,2024-05-05 00:00:00,Completed,Yes,2024-05-05 10:00:00
WFA18D45FB,EVT3E4EE628,RiskAssessment,Approved,2024-05-13 00:00:00,Failed,No,
WFA275A5D1,EVTA15A53F7,InventoryOptimizer,Assigned,2024-01-12 00:00:00,Completed,No,
WFB475EDB2,EVTB707C5AF,ApprovalEngine,Reviewed,2024-10-23 00:00:00,In Progress,Yes,2024-10-23 23:00:00
WF147897E5,EVTE3F9E02C,CostOptimizer,Reviewed,2024-12-15 00:00:00,Completed,No,
WF8E22BC76,EVT980B90C6,RiskAssessment,Assigned,2024-06-26 00:00:00,In Progress,No,
WFB3E97176,EVTB778183C,ProcurementBot,Approved,2024-08-20 00:00:00,In Progress,No,
WF8A11BEE5,EVT74CAC4D4,InventoryOptimizer,Updated,2024-11-07 00:00:00,In Progress,No,
WF53D11505,EVT5E05EA17,ApprovalEngine,Approved,2024-03-28 00:00:00,Completed,No,
WFE689C463,EVT5B6A562A,VendorAnalyzer,Approved,2024-01-10 00:00:00,Completed,No,
WF03AD641C,EVTD1AEC91D,VendorAnalyzer,Updated,2024-10-31 00:00:00,Completed,No,
WF56FB8BAC,EVTCEF5E4E5,IncidentResponder,Rejected,2024-07-23 00:00:00,Completed,Yes,2024-07-23 16:00:00
WFB34BA96C,EVT2AFEE454,InventoryOptimizer,Updated,2024-12-29 00:00:00,Completed,No,
WF6FC4D8FF,EVT49F7C2C5,DeliveryTracker,Approved,2024-04-09 00:00:00,Completed,No,
WFB7E1153F,EVTC1DE49A0,RiskAssessment,Approved,2024-11-25 00:00:00,In Progress,Yes,2024-11-25 09:00:00
WF4CB2B3D9,EVTAF2513A7,ProcurementBot,Reviewed,2024-07-11 00:00:00,Completed,Yes,2024-07-11 03:00:00
WF063C2E79,EVTE58E4B1E,DeliveryTracker,Reviewed,2024-09-28 00:00:00,Completed,No,
WFF25A9EF2,EVTE195F1F5,RiskAssessment,Approved,2024-10-15 00:00:00,Completed,No,
WF31B0562B,EVTE872106F,RiskAssessment,Rejected,2024-04-09 00:00:00,In Progress,No,
WF02041D9F,EVT180A9250,ProcurementBot,Initiated,2024-06-24 00:00:00,Completed,Yes,2024-06-24 23:00:00
WF8ED7103B,EVT001A446B,DeliveryTracker,Updated,2024-03-22 00:00:00,Completed,No,
WFD4531172,EVT3CA130D2,RiskAssessment,Reviewed,2024-01-06 00:00:00,Completed,No,
WFF8E45EF2,EVT82058C1B,RiskAssessment,Assigned,2024-05-24 00:00:00,Completed,No,
WF4C9E15B3,EVT7FFFB64C,IncidentResponder,Initiated,2024-10-10 00:00:00,Completed,Yes,2024-10-10 04:00:00
WFACEFEEB5,EVT333FCA5C,VendorAnalyzer,Rejected,2024-02-25 00:00:00,Completed,No,
WFB5914100,EVT086897D2,CostOptimizer,Rejected,2024-11-13 00:00:00,Completed,No,
WF2C071034,EVT24FDB3BB,ApprovalEngine,Approved,2024-06-09 00:00:00,Completed,No,
WFC7850C64,EVT4DD5DBD7,ApprovalEngine,Updated,2024-10-06 00:00:00,Completed,No,
WF3DABD8A9,EVT5B28D09F,InventoryOptimizer,Completed,2024-10-27 00:00:00,Completed,No,
WF48A8FB1F,EVT2C76932F,ProcurementBot,Completed,2024-03-20 00:00:00,Completed,Yes,2024-03-20 01:00:00
WF6D1AE4D1,EVT08AC1EF2,CostOptimizer,Escalated,2024-11-27 00:00:00,Completed,Yes,2024-11-27 10:00:00
WF148D8A7E,EVTC06C6C15,RiskAssessment,Assigned,2024-04-24 00:00:00,Completed,No,
WF5D55EB02,EVT74D6A3B4,DeliveryTracker,Initiated,2024-09-13 00:00:00,Completed,No,
WF5C5FA4F9,EVT1C9F5A19,InventoryOptimizer,Assigned,2024-01-04 00:00:00,Completed,No,
WF0A67FE33,EVT62A6A692,IncidentResponder,Completed,2024-11-09 00:00:00,Completed,No,
WFAE7A8B83,EVT577F987D,CostOptimizer,Escalated,2024-06-02 00:00:00,Completed,No,
WFFF2B639F,EVT46742BBB,ApprovalEngine,Rejected,2024-05-23 00:00:00,Failed,Yes,2024-05-23 20:00:00
WFC3C11149,EVTF61EC384,DeliveryTracker,Initiated,2024-03-16 00:00:00,Failed,Yes,2024-03-16 05:00:00
WF5CE8996E,EVTAEB4A4E4,RiskAssessment,Escalated,2024-07-30 00:00:00,In Progress,No,
WF4D68F3C4,EVTF6E96EE5,DeliveryTracker,Approved,2024-01-16 00:00:00,Completed,No,
WF8C9A92E3,EVTDF31B8CA,ApprovalEngine,Updated,2024-01-01 00:00:00,In Progress,No,
WF650742EE,EVTAC860551,InventoryOptimizer,Assigned,2024-06-13 00:00:00,Completed,No,
WF27659E75,EVTF7EBD49C,ProcurementBot,Updated,2024-05-23 00:00:00,Completed,Yes,2024-05-23 23:00:00
WF3EA88F7A,EVT908B961A,InventoryOptimizer,Assigned,2024-04-10 00:00:00,Completed,No,
WFE69FAC7E,EVT98CD926A,VendorAnalyzer,Completed,2024-07-15 00:00:00,Completed,No,
WF9F0E2829,EVTF23C71C2,IncidentResponder,Updated,2024-11-07 00:00:00,Completed,Yes,2024-11-07 23:00:00
WF0FA1CD44,EVT4B1D1E16,DeliveryTracker,Assigned,2024-07-25 00:00:00,Completed,No,
WFA84B5A43,EVT0D4B9049,CostOptimizer,Approved,2024-03-04 00:00:00,Completed,No,
WF1A9E23C3,EVTE8E2C54C,CostOptimizer,Approved,2024-09-05 00:00:00,Completed,Yes,2024-09-05 13:00:00
WF82B9CD47,EVT5A450240,CostOptimizer,Updated,2024-02-03 00:00:00,Completed,No,
WFDB47ACB9,EVT72A93C16,ApprovalEngine,Reviewed,2024-11-11 00:00:00,Failed,No,
WF23644819,EVT57A46A69,DeliveryTracker,Updated,2024-08-15 00:00:00,Failed,No,
WF1FE0315E,EVTB9998DBA,ProcurementBot,Updated,2024-10-01 00:00:00,Completed,Yes,2024-10-01 12:00:00
WF6F64C256,EVT6F7A4B71,VendorAnalyzer,Rejected,2024-12-26 00:00:00,Completed,No,
WFDD41BB19,EVT835F19D7,ApprovalEngine,Updated,2024-11-06 00:00:00,In Progress,No,
WF333E013B,EVTCA778FCB,DeliveryTracker,Approved,2024-05-12 00:00:00,Completed,No,
WFD089A788,EVT1288A716,RiskAssessment,Rejected,2024-09-20 00:00:00,Completed,No,
WFD135D963,EVT3CCED065,RiskAssessment,Reviewed,2024-11-25 00:00:00,Completed,No,
WFE7DE3EE7,EVTD70503D8,ProcurementBot,Assigned,2024-08-06 00:00:00,Completed,No,
WFEC8176F5,EVT7F6880F5,ProcurementBot,Rejected,2024-05-18 00:00:00,Completed,Yes,2024-05-18 02:00:00
WF5857878A,EVTED7AC308,InventoryOptimizer,Escalated,2024-08-16 00:00:00,Completed,No,
WFCD5F2F8B,EVTA7C2DFD0,ApprovalEngine,Updated,2024-11-30 00:00:00,In Progress,No,
WF4F8D81BB,EVT5A8B75E7,RiskAssessment,Rejected,2024-11-27 00:00:00,Completed,Yes,2024-11-27 03:00:00
WFB69FEC96,EVT04033D3B,InventoryOptimizer,Initiated,2024-05-06 00:00:00,Completed,Yes,2024-05-06 02:00:00
WF2E2014F9,EVT93924673,VendorAnalyzer,Rejected,2024-11-12 00:00:00,Completed,Yes,2024-11-12 06:00:00
WFD5DF71EA,EVT71FE2C88,InventoryOptimizer,Updated,2024-04-08 00:00:00,Completed,No,
WF6FE13072,EVT13BC2A01,ApprovalEngine,Initiated,2024-05-16 00:00:00,In Progress,Yes,2024-05-16 01:00:00
WFFD016E90,EVT9BFB5C1A,ProcurementBot,Assigned,2024-09-20 00:00:00,Completed,Yes,2024-09-20 13:00:00
WF3F5FDB50,EVT72E0CC8C,CostOptimizer,Reviewed,2024-11-02 00:00:00,In Progress,Yes,2024-11-02 23:00:00
WF47468A52,EVT9F56EBBE,InventoryOptimizer,Initiated,2024-01-06 00:00:00,Completed,No,
WFE71E16E1,EVTB73FB1D4,DeliveryTracker,Approved,2024-12-31 00:00:00,Completed,Yes,2024-12-31 05:00:00
WFC6505F9C,EVT33AF4482,DeliveryTracker,Rejected,2024-04-23 00:00:00,Completed,Yes,2024-04-23 20:00:00
WF0262BEF3,EVT993554A4,IncidentResponder,Assigned,2024-01-13 00:00:00,Completed,Yes,2024-01-13 04:00:00
WFD8DAF057,EVT5C45EE6D,IncidentResponder,Completed,2024-10-11 00:00:00,Completed,No,
WF3F96F05C,EVTE032B961,ApprovalEngine,Approved,2024-08-07 00:00:00,Completed,Yes,2024-08-07 11:00:00
WF3F3E5A0C,EVTA5653A6F,ApprovalEngine,Completed,2024-05-14 00:00:00,Completed,Yes,2024-05-14 13:00:00
WFEA31D360,EVTC5CB1B93,RiskAssessment,Initiated,2024-08-23 00:00:00,Failed,No,
WFB60CA444,EVT33C55BBE,ApprovalEngine,Rejected,2024-01-01 00:00:00,Completed,Yes,2024-01-01 10:00:00
WFC843DC4C,EVT65321E3F,IncidentResponder,Escalated,2024-03-21 00:00:00,Completed,No,
WF28FC195E,EVT6B0DD9E1,VendorAnalyzer,Reviewed,2024-07-10 00:00:00,Completed,No,
WFEEC38A43,EVT6706AD49,RiskAssessment,Completed,2024-05-06 00:00:00,Completed,No,
WF1FCE3CB0,EVT7F3526A9,ApprovalEngine,Assigned,2024-07-10 00:00:00,Completed,Yes,2024-07-10 21:00:00
WF53C35830,EVTFF072744,ApprovalEngine,Updated,2024-08-14 00:00:00,Completed,No,
WFCDB7DA87,EVT8DF2A4F0,ProcurementBot,Reviewed,2024-02-24 00:00:00,Completed,No,
WF02B3A8C6,EVTD001DBC1,IncidentResponder,Updated,2024-09-19 00:00:00,In Progress,No,
WFF139E9AD,EVT84215EBB,RiskAssessment,Assigned,2024-07-05 00:00:00,Completed,Yes,2024-07-05 14:00:00
WFCF460907,EVT98646397,DeliveryTracker,Completed,2024-09-09 00:00:00,Failed,No,
WF76CC1270,EVT08C34A97,DeliveryTracker,Approved,2024-05-11 00:00:00,Completed,No,
WFE4471BE4,EVTA6074695,ApprovalEngine,Assigned,2024-09-08 00:00:00,Completed,No,
WF8189BB6C,EVT0254AE57,IncidentResponder,Reviewed,2024-01-17 00:00:00,In Progress,No,
WF96851B82,EVTF2ABD0E2,CostOptimizer,Updated,2024-12-12 00:00:00,In Progress,Yes,2024-12-12 23:00:00
WF4EC65FAA,EVTB2DA4568,ApprovalEngine,Updated,2024-03-23 00:00:00,Completed,No,
WFDDAE36FB,EVTED152A44,InventoryOptimizer,Escalated,2024-06-01 00:00:00,Completed,No,
WFDA47EB03,EVT3B953C2B,InventoryOptimizer,Escalated,2024-08-30 00:00:00,Completed,Yes,2024-08-30 20:00:00
WF2B6AE9D1,EVTAFA40942,IncidentResponder,Escalated,2024-05-05 00:00:00,Completed,Yes,2024-05-05 18:00:00
WF04B88914,EVT9DBAC55F,ProcurementBot,Completed,2024-08-15 00:00:00,Failed,Yes,2024-08-15 11:00:00
WF185BFDD0,EVTDF31B8CA,DeliveryTracker,Escalated,2024-09-13 00:00:00,Failed,Yes,2024-09-13 17:00:00
WF20EA9CCE,EVTF6CEA5F7,InventoryOptimizer,Assigned,2024-12-12 00:00:00,Completed,No,
WF7692BC02,EVT51E6F51D,VendorAnalyzer,Rejected,2024-02-28 00:00:00,Failed,No,
WFDD7A9F3E,EVT6399EF66,IncidentResponder,Approved,2024-12-24 00:00:00,Completed,Yes,2024-12-24 21:00:00
WFAF258F16,EVT62297276,RiskAssessment,Reviewed,2024-06-20 00:00:00,Completed,Yes,2024-06-20 10:00:00
WFCB23DF35,EVTAED70E8C,CostOptimizer,Reviewed,2024-12-05 00:00:00,Completed,Yes,2024-12-05 09:00:00
WF6D2D81B9,EVT652F38C4,ApprovalEngine,Updated,2024-12-30 00:00:00,In Progress,No,
WF6B7FA7A8,EVT9C4D4A95,ApprovalEngine,Reviewed,2024-04-15 00:00:00,Failed,Yes,2024-04-15 19:00:00
WF2519719D,EVT5F2C9AC8,IncidentResponder,Initiated,2024-05-28 00:00:00,Completed,No,
WF0F6B5AE8,EVT5681BCDB,InventoryOptimizer,Updated,2024-11-18 00:00:00,Completed,Yes,2024-11-18 02:00:00
WF37B4B0A7,EVTFE67424E,CostOptimizer,Escalated,2024-03-17 00:00:00,Completed,Yes,2024-03-17 05:00:00
WF52124C41,EVT452B2449,ProcurementBot,Completed,2024-06-27 00:00:00,Completed,Yes,2024-06-27 21:00:00
WF812C3E96,EVT86997DB5,CostOptimizer,Completed,2024-08-03 00:00:00,Completed,Yes,2024-08-03 02:00:00
WF39C8B4F5,EVT7E8D1B1B,IncidentResponder,Reviewed,2024-06-16 00:00:00,Completed,No,
WF1175660D,EVT0A770BC2,RiskAssessment,Rejected,2024-04-01 00:00:00,Completed,Yes,2024-04-01 19:00:00
WFB00D7187,EVTADAD4BEB,IncidentResponder,Initiated,2024-06-10 00:00:00,Completed,No,
WFF0C98B86,EVT64C8013C,IncidentResponder,Rejected,2024-06-11 00:00:00,Completed,No,
WF3A623D74,EVT89D77582,ApprovalEngine,Assigned,2024-08-01 00:00:00,Completed,Yes,2024-08-01 18:00:00
WFEAC9D224,EVT4342D22E,ApprovalEngine,Assigned,2024-08-03 00:00:00,Completed,No,
WFF37A54DF,EVT6FCB42D4,VendorAnalyzer,Rejected,2024-01-07 00:00:00,Failed,Yes,2024-01-07 10:00:00
WF5101A5D0,EVTA1BFAA34,RiskAssessment,Assigned,2024-01-24 00:00:00,In Progress,No,
WF32A8C7D7,EVT947871C8,CostOptimizer,Completed,2024-08-07 00:00:00,In Progress,Yes,2024-08-07 13:00:00
WFA527C13A,EVT9ED05DD7,ProcurementBot,Reviewed,2024-06-13 00:00:00,Completed,No,
WF260A2EAE,EVTCD04F63F,InventoryOptimizer,Completed,2024-01-07 00:00:00,Completed,No,
WFC14F7602,EVTB23A69E1,IncidentResponder,Updated,2024-06-06 00:00:00,Completed,No,
WFA39A0CEB,EVT752CC3AE,VendorAnalyzer,Assigned,2024-06-13 00:00:00,Completed,Yes,2024-06-13 19:00:00
WF3ED1FC7B,EVT89172726,RiskAssessment,Rejected,2024-12-16 00:00:00,Completed,No,
WF2E38F416,EVT7580B5F7,ApprovalEngine,Updated,2024-07-10 00:00:00,Completed,No,
WFF955BC83,EVT85F85EAB,IncidentResponder,Escalated,2024-05-17 00:00:00,Completed,No,
WF5F0657C7,EVTC4E63A48,VendorAnalyzer,Completed,2024-10-06 00:00:00,In Progress,No,
WF4677B399,EVTF17BCA38,DeliveryTracker,Escalated,2024-06-20 00:00:00,Completed,No,
WF37B7595F,EVTAC2B2608,ApprovalEngine,Rejected,2024-04-06 00:00:00,Failed,Yes,2024-04-06 06:00:00
WF0F84C963,EVTBD03F3FE,ApprovalEngine,Completed,2024-10-04 00:00:00,Completed,No,
WF3EBFD0BB,EVT01FBF598,IncidentResponder,Updated,2024-03-28 00:00:00,Failed,Yes,2024-03-28 19:00:00
WFBD8AFB4A,EVT1DBC3D06,CostOptimizer,Updated,2024-07-29 00:00:00,In Progress,No,
WF9FDDA449,EVT147A55EB,CostOptimizer,Reviewed,2024-01-31 00:00:00,Completed,No,
WF2DF8642D,EVT0C732615,ProcurementBot,Assigned,2024-07-02 00:00:00,In Progress,No,
WF82E7A3EC,EVTD353674F,RiskAssessment,Updated,2024-06-25 00:00:00,In Progress,Yes,2024-06-25 11:00:00
WF5D5D910B,EVT546E9B9D,InventoryOptimizer,Rejected,2024-09-02 00:00:00,In Progress,No,
WF18070F6D,EVTB88569A5,VendorAnalyzer,Assigned,2024-09-25 00:00:00,Completed,Yes,2024-09-25 17:00:00
WF5B493FA1,EVT989DF4BC,InventoryOptimizer,Approved,2024-07-18 00:00:00,In Progress,No,
WF756E569C,EVTF17B00F5,ProcurementBot,Assigned,2024-07-29 00:00:00,Completed,No,
WF38ACDD4B,EVTF1D1C893,DeliveryTracker,Completed,2024-03-11 00:00:00,In Progress,No,
WF562E87E8,EVT8A748A2D,VendorAnalyzer,Updated,2024-09-04 00:00:00,In Progress,No,
WFF482BC4B,EVT84BAD1D6,DeliveryTracker,Approved,2024-03-16 00:00:00,Completed,Yes,2024-03-16 11:00:00
WFD45900C8,EVT88B58AE3,VendorAnalyzer,Completed,2024-05-10 00:00:00,In Progress,No,
WF9C1429BE,EVTA256E828,ApprovalEngine,Approved,2024-02-07 00:00:00,Completed,No,
WF6B410694,EVT35BE2AEF,DeliveryTracker,Approved,2024-02-18 00:00:00,Completed,No,
WF05C422D7,EVT94E7B64A,InventoryOptimizer,Completed,2024-11-13 00:00:00,Completed,No,
WFDC3BE4CD,EVTD8D3547C,CostOptimizer,Initiated,2024-11-06 00:00:00,Completed,Yes,2024-11-06 22:00:00
WF1CC0514C,EVT99EDF256,VendorAnalyzer,Initiated,2024-11-17 00:00:00,Completed,No,
WF937ABE64,EVTF83A796F,IncidentResponder,Initiated,2024-01-20 00:00:00,Failed,Yes,2024-01-20 09:00:00
WF96F7FBE0,EVTF526A1C3,RiskAssessment,Initiated,2024-10-18 00:00:00,Completed,Yes,2024-10-18 08:00:00
WF2168DA41,EVT45CF60CD,CostOptimizer,Rejected,2024-03-24 00:00:00,Completed,No,
WF40F042ED,EVT08AC1EF2,InventoryOptimizer,Reviewed,2024-08-31 00:00:00,Completed,No,
WFEE066894,EVT6D8B3BC4,VendorAnalyzer,Reviewed,2024-06-20 00:00:00,Completed,Yes,2024-06-20 13:00:00
WF290FE6FC,EVT561665FE,ProcurementBot,Assigned,2024-04-09 00:00:00,Completed,No,
WFD95CB102,EVT513334D3,ApprovalEngine,Reviewed,2024-08-03 00:00:00,Completed,Yes,2024-08-03 13:00:00
WF6A751B87,EVTC99BD270,DeliveryTracker,Rejected,2024-04-03 00:00:00,In Progress,No,
WF38061E6C,EVTFAE365F9,CostOptimizer,Rejected,2024-04-10 00:00:00,In Progress,No,
WF0684C9F6,EVT97AF167D,ApprovalEngine,Rejected,2024-05-27 00:00:00,Completed,Yes,2024-05-27 18:00:00
WF9B32CBA1,EVT15B616C8,CostOptimizer,Escalated,2024-10-14 00:00:00,Completed,No,
WF8263E2EF,EVT7967785E,RiskAssessment,Reviewed,2024-07-07 00:00:00,Completed,No,
WF1AE16A72,EVT98145BB2,ApprovalEngine,Approved,2024-01-18 00:00:00,Completed,No,
WF7C8C2EBF,EVTD97CF196,RiskAssessment,Reviewed,2024-01-26 00:00:00,In Progress,No,
WF30C7174A,EVT2703E5C5,InventoryOptimizer,Approved,2024-02-20 00:00:00,In Progress,No,
WF7BC9DEC0,EVT11E24D7B,DeliveryTracker,Completed,2024-01-10 00:00:00,Completed,No,
WFE128A5C5,EVTBDA4860E,InventoryOptimizer,Initiated,2024-10-24 00:00:00,Completed,No,
WF9A1E6F51,EVTEF543BCC,CostOptimizer,Updated,2024-01-19 00:00:00,Completed,No,
WFB1AEB336,EVTEF543BCC,DeliveryTracker,Completed,2024-06-05 00:00:00,In Progress,Yes,2024-06-05 04:00:00
WF1145D17A,EVTC630D0F2,CostOptimizer,Approved,2024-05-27 00:00:00,Completed,No,
WF3B86B15F,EVT874B88F8,ProcurementBot,Escalated,2024-12-17 00:00:00,Failed,No,
WFF10EED97,EVTC25F5726,IncidentResponder,Initiated,2024-03-13 00:00:00,Completed,No,
WF64F0EC7C,EVT21DAA52B,CostOptimizer,Escalated,2024-02-17 00:00:00,Completed,Yes,2024-02-17 11:00:00
WFCD6AFD8B,EVTA4877441,DeliveryTracker,Updated,2024-08-28 00:00:00,Completed,No,
WF24883E8F,EVTF1B56371,IncidentResponder,Updated,2024-02-03 00:00:00,Completed,Yes,2024-02-03 14:00:00
WF099C5068,EVT2F00F0B0,InventoryOptimizer,Reviewed,2024-06-09 00:00:00,Completed,Yes,2024-06-09 12:00:00
WF9DB1765F,EVTC9E1CC43,ProcurementBot,Escalated,2024-07-15 00:00:00,In Progress,Yes,2024-07-15 02:00:00
WFCEAD300F,EVT422847DF,ProcurementBot,Initiated,2024-05-17 00:00:00,Completed,No,
WFD251C0BE,EVT42D299D8,VendorAnalyzer,Initiated,2024-01-11 00:00:00,In Progress,No,
WF2361A36E,EVT9B01DA07,CostOptimizer,Completed,2024-06-12 00:00:00,Completed,Yes,2024-06-12 10:00:00
WF83F7AE29,EVT9B58D147,RiskAssessment,Assigned,2024-07-06 00:00:00,Completed,Yes,2024-07-06 14:00:00
WF32225528,EVT7C9FF795,ApprovalEngine,Completed,2024-07-23 00:00:00,Completed,Yes,2024-07-23 12:00:00
WFE2F6CB7D,EVTD89F206F,DeliveryTracker,Updated,2024-08-17 00:00:00,Completed,Yes,2024-08-17 17:00:00
WFC248D25D,EVTAC3B1D3C,IncidentResponder,Initiated,2024-06-19 00:00:00,Completed,No,
WF718701D6,EVTF5BE8BB3,InventoryOptimizer,Escalated,2024-03-26 00:00:00,Completed,No,
WFD649B1A3,EVT36874401,ApprovalEngine,Reviewed,2024-02-27 00:00:00,In Progress,No,
WFF3E2573D,EVT53ED55BD,DeliveryTracker,Updated,2024-03-08 00:00:00,Completed,No,
WF92FECDD0,EVT0C3ACF2D,IncidentResponder,Completed,2024-10-23 00:00:00,In Progress,No,
WF5C08EBCF,EVTED1C767F,RiskAssessment,Completed,2024-11-15 00:00:00,Completed,Yes,2024-11-15 21:00:00
WFDD9D0865,EVT67EECC43,CostOptimizer,Initiated,2024-01-09 00:00:00,Failed,Yes,2024-01-09 06:00:00
WFB75EEFD8,EVT9C824D50,InventoryOptimizer,Rejected,2024-01-11 00:00:00,Completed,No,
WF1856C231,EVT9EE4657A,DeliveryTracker,Escalated,2024-12-19 00:00:00,Completed,Yes,2024-12-19 22:00:00
WF90884D04,EVTC1FCC06C,VendorAnalyzer,Reviewed,2024-02-13 00:00:00,In Progress,No,
WF4C304B7E,EVT571DAE0A,ProcurementBot,Completed,2024-08-26 00:00:00,Completed,Yes,2024-08-26 15:00:00
WFF04D2F05,EVT9B929B15,InventoryOptimizer,Updated,2024-03-23 00:00:00,Failed,No,
WFC9DEDEF9,EVT92C77EE4,DeliveryTracker,Approved,2024-06-05 00:00:00,Completed,No,
WFDF01073A,EVTE17E41F1,VendorAnalyzer,Completed,2024-08-13 00:00:00,Completed,No,
WF3E24068D,EVT0432207D,ProcurementBot,Reviewed,2024-04-14 00:00:00,In Progress,No,
WFD1277977,EVTED4DC7BF,RiskAssessment,Escalated,2024-02-27 00:00:00,Completed,No,
WF846D4E27,EVT56ED37AD,DeliveryTracker,Completed,2024-03-06 00:00:00,Completed,No,
WF1DF04FA9,EVTD2A0F6A3,ProcurementBot,Initiated,2024-11-05 00:00:00,Completed,No,
WF417060C6,EVT770F0A07,DeliveryTracker,Escalated,2024-06-30 00:00:00,Completed,No,
WFB65D5553,EVT06FFD9A1,IncidentResponder,Updated,2024-12-12 00:00:00,Completed,Yes,2024-12-12 08:00:00
WF1897C09A,EVT8122F4B2,DeliveryTracker,Assigned,2024-08-17 00:00:00,Completed,No,
WF8936A765,EVT711FD550,RiskAssessment,Approved,2024-07-18 00:00:00,Completed,Yes,2024-07-18 01:00:00
WFCAF0592F,EVT5204EA6A,VendorAnalyzer,Updated,2024-09-07 00:00:00,Failed,Yes,2024-09-07 12:00:00
WFFD64B0D0,EVT12B46FE4,IncidentResponder,Reviewed,2024-03-26 00:00:00,Failed,Yes,2024-03-26 16:00:00
WF6DCE5AE0,EVT4997A069,InventoryOptimizer,Updated,2024-11-28 00:00:00,Completed,Yes,2024-11-28 22:00:00
WFD9581DA4,EVT0F9C8C26,DeliveryTracker,Escalated,2024-10-08 00:00:00,Completed,Yes,2024-10-08 02:00:00
WF75F75992,EVTBD23AF0F,InventoryOptimizer,Rejected,2024-06-25 00:00:00,Completed,No,
WFAFA2AEE0,EVT9E659660,DeliveryTracker,Escalated,2024-09-25 00:00:00,Failed,No,
WF496ED1A6,EVTDE627913,InventoryOptimizer,Initiated,2024-03-11 00:00:00,Completed,No,
WF293AAC60,EVT28BC159A,CostOptimizer,Assigned,2024-03-08 00:00:00,Failed,No,
WFC3BBBB6E,EVT1A1B18CE,CostOptimizer,Reviewed,2024-06-19 00:00:00,Completed,No,
WF888FD504,EVT1B09AD9E,ApprovalEngine,Assigned,2024-03-09 00:00:00,Completed,No,
WF18C2EF6A,EVT6750C78A,ProcurementBot,Initiated,2024-12-25 00:00:00,Completed,No,
WF11E046DF,EVT7A1224F0,IncidentResponder,Completed,2024-02-01 00:00:00,Completed,No,
WFBC47D0FC,EVT76097901,IncidentResponder,Completed,2024-10-05 00:00:00,In Progress,No,
WFC8E969B6,EVTFCDAF4F8,IncidentResponder,Approved,2024-11-10 00:00:00,Completed,No,
WF164DE186,EVT7E541AA8,DeliveryTracker,Approved,2024-11-02 00:00:00,Completed,Yes,2024-11-02 17:00:00
WFB3D83A97,EVTEC0B191A,VendorAnalyzer,Initiated,2024-03-16 00:00:00,Completed,Yes,2024-03-16 02:00:00
WF47D86086,EVTBBC71801,CostOptimizer,Rejected,2024-06-16 00:00:00,In Progress,No,
WF6F30FFA4,EVT447662DF,IncidentResponder,Approved,2024-12-01 00:00:00,Completed,No,
WF66BF5641,EVT300BDB84,DeliveryTracker,Reviewed,2024-01-01 00:00:00,In Progress,Yes,2024-01-01 23:00:00
WFB77998CF,EVTEFDF5716,VendorAnalyzer,Rejected,2024-08-26 00:00:00,Completed,Yes,2024-08-26 16:00:00
WF327B9A4B,EVT2C17641F,CostOptimizer,Escalated,2024-02-19 00:00:00,Completed,Yes,2024-02-19 03:00:00
WF3F3E5467,EVTCCA91E1A,CostOptimizer,Completed,2024-06-18 00:00:00,Completed,No,
WFE4F14924,EVT054F629F,ApprovalEngine,Completed,2024-12-30 00:00:00,Completed,No,
WF4A4D86A9,EVT9D5D130A,RiskAssessment,Rejected,2024-07-20 00:00:00,Completed,No,
WFD255FD1A,EVT0988472A,IncidentResponder,Reviewed,2024-09-18 00:00:00,Completed,No,
WFFB1F6154,EVTDDFD74C8,CostOptimizer,Rejected,2024-06-07 00:00:00,Completed,Yes,2024-06-07 12:00:00
WFCB3904EC,EVTEEFE20B7,CostOptimizer,Rejected,2024-10-01 00:00:00,Failed,Yes,2024-10-01 15:00:00
WFF73A4369,EVT6907A365,ProcurementBot,Updated,2024-12-22 00:00:00,In Progress,No,
WFCA945D50,EVTE79FAE0A,RiskAssessment,Assigned,2024-10-17 00:00:00,Completed,No,
WF1118CAC7,EVT6B310A27,IncidentResponder,Reviewed,2024-02-22 00:00:00,Completed,No,
WFD161F447,EVT8E264D5A,ApprovalEngine,Approved,2024-11-03 00:00:00,Completed,Yes,2024-11-03 06:00:00
WFD5AC5E39,EVT25026353,ApprovalEngine,Initiated,2024-07-30 00:00:00,Completed,Yes,2024-07-30 02:00:00
WF2591C4A9,EVTA4D16CCD,RiskAssessment,Escalated,2024-07-27 00:00:00,Completed,No,
WF717985B7,EVT428B233D,InventoryOptimizer,Rejected,2024-12-27 00:00:00,Failed,No,
WFF0735C63,EVT89FB67D7,VendorAnalyzer,Assigned,2024-11-23 00:00:00,Completed,No,
WFC9E39BDA,EVTB8904253,ProcurementBot,Approved,2024-01-12 00:00:00,Completed,Yes,2024-01-12 01:00:00
WFA48AD081,EVT0FE88389,InventoryOptimizer,Completed,2024-10-02 00:00:00,Completed,No,
WF052CA9D5,EVTA618C6F5,ProcurementBot,Rejected,2024-09-09 00:00:00,Failed,No,
WFBC461335,EVT50547E85,ProcurementBot,Approved,2024-02-17 00:00:00,In Progress,No,
WF9A76C36D,EVT8965A3B7,DeliveryTracker,Approved,2024-07-07 00:00:00,Completed,Yes,2024-07-07 10:00:00
WFD310AB1D,EVTCEF5E4E5,CostOptimizer,Updated,2024-04-15 00:00:00,Completed,No,
WF875511AE,EVT72E0CC8C,ApprovalEngine,Completed,2024-10-24 00:00:00,Completed,No,
WFFAD8C2D5,EVTC2F7650C,VendorAnalyzer,Escalated,2024-02-14 00:00:00,Completed,No,
WF4A3E4521,EVT18D3F5ED,IncidentResponder,Escalated,2024-03-15 00:00:00,Completed,No,
WF2946142B,EVTAEDDA505,ApprovalEngine,Reviewed,2024-01-07 00:00:00,Completed,No,
WFB9049B15,EVTB0E35FD6,RiskAssessment,Reviewed,2024-07-10 00:00:00,Completed,Yes,2024-07-10 14:00:00
WF3FF20C28,EVT3A427A59,RiskAssessment,Approved,2024-07-17 00:00:00,Completed,No,
WFD7759A87,EVT1978BDC2,VendorAnalyzer,Approved,2024-02-03 00:00:00,Completed,No,
WF73B4AF53,EVT952DE8D0,RiskAssessment,Reviewed,2024-02-26 00:00:00,Completed,No,
WF3EB345D3,EVT515B64C8,InventoryOptimizer,Approved,2024-08-10 00:00:00,Completed,Yes,2024-08-10 06:00:00
WF835ECF2D,EVTBE1B83AB,CostOptimizer,Rejected,2024-10-02 00:00:00,In Progress,No,
WFA0CCBC97,EVT421EA382,RiskAssessment,Updated,2024-03-12 00:00:00,Completed,No,
WF296433BC,EVT288443C5,IncidentResponder,Updated,2024-07-01 00:00:00,Completed,Yes,2024-07-02 00:00:00
WF58BBA840,EVT2A6C59CA,InventoryOptimizer,Assigned,2024-02-06 00:00:00,Completed,No,
WF5AED0B02,EVT300BDB84,ProcurementBot,Reviewed,2024-03-12 00:00:00,Completed,Yes,2024-03-12 06:00:00
WF1DD93A4F,EVTC2F8547C,ProcurementBot,Completed,2024-02-19 00:00:00,Completed,No,
WFD805A7FF,EVTBCF14EFC,DeliveryTracker,Updated,2024-01-20 00:00:00,Completed,No,
WF1ABCB7C5,EVT1A024B8A,VendorAnalyzer,Updated,2024-03-17 00:00:00,Completed,No,
WF68E3F1FF,EVT59536686,VendorAnalyzer,Initiated,2024-09-29 00:00:00,Completed,No,
WF8279FAE7,EVTD2F99B5C,ApprovalEngine,Reviewed,2024-08-18 00:00:00,Completed,No,
WFAF9ADDB5,EVTFA824E8F,InventoryOptimizer,Reviewed,2024-11-16 00:00:00,Completed,No,
WF03A42649,EVT3531F1E8,InventoryOptimizer,Reviewed,2024-09-09 00:00:00,Completed,No,
WFAF561651,EVT2EDBE5B9,ProcurementBot,Approved,2024-08-20 00:00:00,Failed,No,
WF337807CE,EVT6FB38461,CostOptimizer,Approved,2024-01-20 00:00:00,Completed,Yes,2024-01-20 02:00:00
WFB3D9CB02,EVT06473B2B,RiskAssessment,Approved,2024-11-19 00:00:00,Completed,No,
WF2B5DBC5F,EVT9D3D07FF,RiskAssessment,Escalated,2024-11-13 00:00:00,Completed,No,
WFD2BC29E7,EVTD1689CE5,ApprovalEngine,Approved,2024-04-16 00:00:00,Failed,Yes,2024-04-16 04:00:00
WFB0F64274,EVT6080DC89,VendorAnalyzer,Updated,2024-02-16 00:00:00,Completed,No,
WFBA085CE4,EVT0EDC5A49,DeliveryTracker,Updated,2024-03-01 00:00:00,Completed,Yes,2024-03-01 11:00:00
WF0B4E088F,EVTB1540C5D,InventoryOptimizer,Assigned,2024-11-05 00:00:00,Completed,No,
WFA102283C,EVTCA62CA06,InventoryOptimizer,Rejected,2024-12-15 00:00:00,Completed,Yes,2024-12-15 18:00:00
WF48812D9F,EVTE4D18CD1,CostOptimizer,Escalated,2024-11-15 00:00:00,Completed,Yes,2024-11-15 18:00:00
WF329BE3B1,EVTD9A8839F,DeliveryTracker,Completed,2024-10-16 00:00:00,Failed,Yes,2024-10-17 00:00:00
WF9D1A96F9,EVTFAC58353,IncidentResponder,Initiated,2024-11-13 00:00:00,Failed,No,
WF4E0EE352,EVT0535EDC6,InventoryOptimizer,Assigned,2024-05-21 00:00:00,Completed,Yes,2024-05-21 05:00:00
WFBBF725DD,EVTD42546AD,VendorAnalyzer,Assigned,2024-09-13 00:00:00,Completed,No,
WFC24F98FF,EVT33B870A1,VendorAnalyzer,Reviewed,2024-10-11 00:00:00,Completed,No,
WF05656CB3,EVT2775BE5B,ProcurementBot,Assigned,2024-07-03 00:00:00,In Progress,No,
WF2595E060,EVT26E8C344,VendorAnalyzer,Approved,2024-05-11 00:00:00,Completed,Yes,2024-05-11 13:00:00
WFEFFE74E0,EVT8D8DD1EB,DeliveryTracker,Initiated,2024-11-05 00:00:00,Failed,Yes,2024-11-05 19:00:00
WF8C3206D0,EVT22BC6A77,ApprovalEngine,Rejected,2024-06-25 00:00:00,Completed,No,
WF0BA2980F,EVT2B695EA7,DeliveryTracker,Rejected,2024-01-04 00:00:00,Completed,Yes,2024-01-04 20:00:00
WF1976D820,EVTB25F15BD,DeliveryTracker,Reviewed,2024-05-09 00:00:00,Completed,No,
WF2D26AE0D,EVTED272F8C,ApprovalEngine,Escalated,2024-12-08 00:00:00,Completed,No,
WF7217D923,EVTB9B8D94D,ApprovalEngine,Escalated,2024-08-10 00:00:00,Completed,Yes,2024-08-10 23:00:00
WF63D05A36,EVT17FFCB47,RiskAssessment,Approved,2024-11-27 00:00:00,Completed,No,
WFEE3539F7,EVT7D54771A,IncidentResponder,Escalated,2024-01-26 00:00:00,Completed,No,
WFC3C71C09,EVTA64A0C77,ApprovalEngine,Updated,2024-07-09 00:00:00,Completed,Yes,2024-07-09 05:00:00
WFEAA1B93A,EVT75381EE6,DeliveryTracker,Completed,2024-08-31 00:00:00,In Progress,No,
WFF1445F8D,EVT65DC1598,IncidentResponder,Completed,2024-03-23 00:00:00,Completed,No,
WFC46DF441,EVT08AE232D,DeliveryTracker,Escalated,2024-09-15 00:00:00,Completed,No,
WF3D82AA3B,EVTB9FAA96B,IncidentResponder,Escalated,2024-03-23 00:00:00,In Progress,No,
WF39475DCE,EVT74BCBBEA,IncidentResponder,Approved,2024-06-16 00:00:00,Completed,No,
WFB8B4772A,EVT791C9BE0,ApprovalEngine,Escalated,2024-02-03 00:00:00,Completed,No,
WFB124F253,EVTC4DD8DB5,IncidentResponder,Assigned,2024-09-25 00:00:00,Completed,No,
WFD253F12C,EVT74FC8265,IncidentResponder,Rejected,2024-07-28 00:00:00,Completed,No,
WF5C9CF6D0,EVT26EC1887,DeliveryTracker,Completed,2024-12-06 00:00:00,Completed,Yes,2024-12-06 18:00:00
WF8BA6DDA3,EVTC9E85076,RiskAssessment,Approved,2024-07-05 00:00:00,Completed,Yes,2024-07-05 04:00:00
WF52156723,EVTA3C83D88,CostOptimizer,Updated,2024-11-18 00:00:00,Failed,No,
WFBB12C02F,EVT97FB0948,DeliveryTracker,Completed,2024-12-02 00:00:00,Failed,No,
WF9184425F,EVT8168A16D,RiskAssessment,Reviewed,2024-03-07 00:00:00,In Progress,Yes,2024-03-07 09:00:00
WF854F0D1F,EVT13D9A40A,RiskAssessment,Updated,2024-09-11 00:00:00,Failed,No,
WF7303BA8E,EVT57631092,ProcurementBot,Assigned,2024-09-27 00:00:00,Completed,No,
WFDB96A784,EVTD989C715,InventoryOptimizer,Initiated,2024-02-13 00:00:00,Completed,No,
WF39F45621,EVTF7DA39A1,RiskAssessment,Rejected,2024-04-16 00:00:00,Completed,Yes,2024-04-16 18:00:00
WFC448A35D,EVT3E4EE628,RiskAssessment,Completed,2024-09-10 00:00:00,Completed,No,
WF3FB8349E,EVTF0BEB8F2,VendorAnalyzer,Completed,2024-06-26 00:00:00,Failed,No,
WF93836646,EVTD7872E5C,ProcurementBot,Completed,2024-08-27 00:00:00,Completed,No,
WF7F8EBC60,EVT87169BF2,DeliveryTracker,Assigned,2024-01-21 00:00:00,Completed,No,
WF368CF99E,EVT6E7459C2,VendorAnalyzer,Updated,2024-06-24 00:00:00,Completed,Yes,2024-06-25 00:00:00
WFFA09F56D,EVTC8A8A6AE,CostOptimizer,Reviewed,2024-12-21 00:00:00,Completed,Yes,2024-12-21 02:00:00
WFC86F932A,EVTA91C8D67,DeliveryTracker,Reviewed,2024-06-19 00:00:00,Completed,Yes,2024-06-19 22:00:00
WF29321CDB,EVT68AB3791,VendorAnalyzer,Completed,2024-08-02 00:00:00,Completed,No,
WF561011B8,EVT1B3D57EA,ProcurementBot,Approved,2024-04-04 00:00:00,Completed,No,
WFBB127A1C,EVT142215C7,CostOptimizer,Updated,2024-11-18 00:00:00,Completed,No,
WF3A530E8D,EVT82017977,VendorAnalyzer,Escalated,2024-04-13 00:00:00,Completed,No,
WF6C4A41ED,EVTFFCBA148,ApprovalEngine,Initiated,2024-03-09 00:00:00,Completed,Yes,2024-03-09 20:00:00
WF4B026449,EVT932FB8E1,RiskAssessment,Assigned,2024-07-21 00:00:00,Completed,No,
WF9EC1ADAC,EVT13DEA2AF,IncidentResponder,Completed,2024-12-21 00:00:00,Completed,Yes,2024-12-21 14:00:00
WF7103C879,EVT02E4AD15,IncidentResponder,Initiated,2024-08-05 00:00:00,Completed,No,
WF0ABDD627,EVTCC9C4256,IncidentResponder,Reviewed,2024-12-24 00:00:00,Completed,No,
WF3FAB880E,EVT200C1467,ApprovalEngine,Rejected,2024-07-12 00:00:00,Completed,Yes,2024-07-12 17:00:00
WF8BB4B553,EVT3D57F191,CostOptimizer,Rejected,2024-08-05 00:00:00,Completed,Yes,2024-08-05 06:00:00
WF0AEC7952,EVT5A8974E7,RiskAssessment,Assigned,2024-01-13 00:00:00,Completed,Yes,2024-01-13 08:00:00
WF2CC2799D,EVT8E35B861,IncidentResponder,Reviewed,2024-07-10 00:00:00,Completed,No,
WF90AEFDEC,EVT06C76322,ProcurementBot,Completed,2024-09-24 00:00:00,Completed,Yes,2024-09-25 00:00:00
WF2737B732,EVT090633E2,InventoryOptimizer,Reviewed,2024-12-05 00:00:00,Completed,Yes,2024-12-05 16:00:00
WFDB347D7D,EVT7980648F,DeliveryTracker,Reviewed,2024-04-17 00:00:00,Completed,Yes,2024-04-17 20:00:00
WFB6406CCE,EVTED7AC308,ApprovalEngine,Reviewed,2024-01-25 00:00:00,Completed,No,
WFF7AAFF52,EVTEE7695B4,CostOptimizer,Approved,2024-11-02 00:00:00,Completed,No,
WF83AB9448,EVT70D3380A,ProcurementBot,Reviewed,2024-12-15 00:00:00,Completed,Yes,2024-12-15 23:00:00
WF1C3952D2,EVTA4F4AE8D,ApprovalEngine,Reviewed,2024-05-02 00:00:00,Completed,Yes,2024-05-02 23:00:00
WF65F52380,EVT48271F54,InventoryOptimizer,Updated,2024-09-05 00:00:00,Completed,No,
WFADA5300E,EVT911953C9,DeliveryTracker,Approved,2024-11-25 00:00:00,Completed,No,
WF4385E39A,EVTACD0848B,RiskAssessment,Updated,2024-07-13 00:00:00,Failed,No,
WF17A27A35,EVTA0415D15,CostOptimizer,Rejected,2024-04-06 00:00:00,Completed,Yes,2024-04-06 09:00:00
WF8659AD7E,EVTC5195F52,RiskAssessment,Initiated,2024-10-21 00:00:00,Completed,No,
WFE7FC205C,EVT2E6625ED,DeliveryTracker,Rejected,2024-12-10 00:00:00,Completed,Yes,2024-12-10 22:00:00
WFAD51CC13,EVT8CCA7552,RiskAssessment,Approved,2024-05-21 00:00:00,In Progress,No,
WFD815B7FD,EVT00F74608,VendorAnalyzer,Updated,2024-12-29 00:00:00,Completed,No,
WFA34E11A5,EVT9404A71F,DeliveryTracker,Initiated,2024-03-20 00:00:00,Completed,Yes,2024-03-20 19:00:00
WF5604050A,EVTA7F17403,RiskAssessment,Updated,2024-06-25 00:00:00,In Progress,No,
WF88830F66,EVTBD530F0D,InventoryOptimizer,Approved,2024-05-08 00:00:00,Failed,Yes,2024-05-08 11:00:00
WF0AE4BC3B,EVT3F330145,InventoryOptimizer,Rejected,2024-03-07 00:00:00,In Progress,Yes,2024-03-07 10:00:00
WF0F0C8BED,EVT45023245,RiskAssessment,Escalated,2024-11-25 00:00:00,Completed,No,
WF1F1641A4,EVT62B23C92,CostOptimizer,Approved,2024-01-31 00:00:00,Completed,Yes,2024-01-31 12:00:00
WF357ECCC9,EVT4BCB38C4,ApprovalEngine,Escalated,2024-08-22 00:00:00,Completed,Yes,2024-08-22 16:00:00
WFE00E37CF,EVTA3BC653B,IncidentResponder,Rejected,2024-04-15 00:00:00,Completed,No,
WF9AFFD181,EVT9E68311E,ProcurementBot,Escalated,2024-06-02 00:00:00,Completed,No,
WF097A0495,EVT45718E0B,CostOptimizer,Reviewed,2024-04-12 00:00:00,Completed,Yes,2024-04-12 03:00:00
WFCAB7DB81,EVT3531F1E8,ProcurementBot,Approved,2024-06-19 00:00:00,Completed,No,
WF728C9FED,EVT2FCA3753,DeliveryTracker,Escalated,2024-04-03 00:00:00,In Progress,No,
WF63FCC2FA,EVTA7999D97,InventoryOptimizer,Escalated,2024-08-23 00:00:00,In Progress,No,
WFBE45CC53,EVTA4081F4A,CostOptimizer,Escalated,2024-06-15 00:00:00,Failed,Yes,2024-06-15 11:00:00
WFA9DC442A,EVT4BAF2CFC,IncidentResponder,Updated,2024-04-14 00:00:00,Failed,No,
WF3370BE74,EVT5875DDDB,ProcurementBot,Completed,2024-07-13 00:00:00,Completed,No,
WFE73DA739,EVT22162AA4,RiskAssessment,Escalated,2024-03-30 00:00:00,In Progress,No,
WF6FFB1E18,EVTFDD5BA65,CostOptimizer,Assigned,2024-07-11 00:00:00,Completed,No,
WF6BC6910C,EVT74607627,VendorAnalyzer,Initiated,2024-03-13 00:00:00,In Progress,No,
WFB3524FEB,EVTD0B93376,VendorAnalyzer,Completed,2024-12-21 00:00:00,In Progress,No,
WF0E082A85,EVT40CEA921,CostOptimizer,Assigned,2024-02-24 00:00:00,Completed,No,
WFF037553C,EVT569D8AA3,IncidentResponder,Escalated,2024-05-26 00:00:00,Failed,No,
WFD12DB2D5,EVT95F57A45,ApprovalEngine,Rejected,2024-07-14 00:00:00,In Progress,No,
WF6B97D493,EVTA9150674,CostOptimizer,Completed,2024-05-12 00:00:00,Completed,No,
WFB8EF0B9E,EVT20D46F6A,ApprovalEngine,Reviewed,2024-06-23 00:00:00,Completed,No,
WF65A697ED,EVTB8BA8727,CostOptimizer,Completed,2024-03-23 00:00:00,Completed,No,
WF8806ED1D,EVTC49D6FA1,ProcurementBot,Escalated,2024-07-19 00:00:00,Completed,No,
WF9E19F46A,EVTCA666779,CostOptimizer,Updated,2024-02-20 00:00:00,Completed,Yes,2024-02-20 18:00:00
WF57F3F897,EVTA6D74926,ProcurementBot,Approved,2024-04-23 00:00:00,Completed,Yes,2024-04-23 22:00:00
WFCE1D8A09,EVT23038337,ProcurementBot,Updated,2024-07-22 00:00:00,Completed,Yes,2024-07-22 10:00:00
WF2F62AD98,EVT9D3D07FF,RiskAssessment,Rejected,2024-01-27 00:00:00,Completed,Yes,2024-01-27 20:00:00
WF2D7C22B4,EVT076B0739,RiskAssessment,Updated,2024-07-16 00:00:00,Completed,Yes,2024-07-16 12:00:00
WFEAC6B302,EVT26EAF516,InventoryOptimizer,Completed,2024-08-19 00:00:00,Completed,No,
WFE138C1B0,EVTC74A04E1,ApprovalEngine,Rejected,2024-10-05 00:00:00,Completed,Yes,2024-10-05 19:00:00
WF72B4B865,EVTCBD39A16,ApprovalEngine,Updated,2024-07-22 00:00:00,In Progress,No,
WFCB1668BE,EVTA221D566,InventoryOptimizer,Reviewed,2024-06-25 00:00:00,Completed,No,
WFF3E5EC83,EVTDF31B8CA,VendorAnalyzer,Rejected,2024-06-20 00:00:00,Completed,No,
WF60C66A23,EVT6FCB42D4,ProcurementBot,Rejected,2024-11-15 00:00:00,Completed,No,
WF2C80C8EA,EVTA1B5A326,CostOptimizer,Approved,2024-06-06 00:00:00,Completed,No,
WFCEC4E6AE,EVT2D900F36,IncidentResponder,Updated,2024-04-30 00:00:00,Completed,Yes,2024-04-30 09:00:00
WF11EBD489,EVT779EC481,IncidentResponder,Assigned,2024-02-03 00:00:00,Completed,No,
WF6032BA7D,EVT11A411EE,DeliveryTracker,Approved,2024-07-13 00:00:00,Completed,No,
WFD4F1E1EB,EVTF83D60A4,DeliveryTracker,Completed,2024-06-21 00:00:00,Completed,No,
WF87E09C71,EVTB4A79F7E,ApprovalEngine,Escalated,2024-02-23 00:00:00,Completed,Yes,2024-02-23 01:00:00
WF2877EBC0,EVTB88569A5,ProcurementBot,Rejected,2024-10-22 00:00:00,Completed,Yes,2024-10-22 02:00:00
WF82B04945,EVT5E02BE0A,DeliveryTracker,Approved,2024-12-12 00:00:00,Completed,Yes,2024-12-12 01:00:00
WF834E82B3,EVTEB51C22B,InventoryOptimizer,Approved,2024-06-20 00:00:00,Completed,Yes,2024-06-20 13:00:00
WF4DBBAEEB,EVTD97CF196,ApprovalEngine,Initiated,2024-09-07 00:00:00,Completed,No,
WFEC0CE7FD,EVT68E96440,DeliveryTracker,Updated,2024-05-10 00:00:00,Completed,Yes,2024-05-10 10:00:00
WF5476EF82,EVTACB89191,DeliveryTracker,Escalated,2024-04-27 00:00:00,Failed,Yes,2024-04-27 07:00:00
WF04C4A04A,EVT88449836,ProcurementBot,Initiated,2024-07-09 00:00:00,Completed,No,
WF05D38731,EVTE1F93E22,VendorAnalyzer,Updated,2024-05-08 00:00:00,Completed,Yes,2024-05-08 04:00:00
WF19B23356,EVT92F2A0FE,ApprovalEngine,Rejected,2024-01-13 00:00:00,Failed,No,
WF74762489,EVTA656621B,CostOptimizer,Initiated,2024-03-15 00:00:00,Completed,No,
WFBCD62C9D,EVT3DDCD04F,ApprovalEngine,Updated,2024-11-19 00:00:00,In Progress,No,
WFF7A67800,EVTF1B56371,InventoryOptimizer,Initiated,2024-01-25 00:00:00,Completed,No,
WF1597C9C6,EVTBB6FB7F7,RiskAssessment,Completed,2024-05-31 00:00:00,Completed,No,
WFB6BF6E65,EVT2296EE52,DeliveryTracker,Completed,2024-04-07 00:00:00,Completed,No,
WF24962576,EVT4E5B4ED6,RiskAssessment,Rejected,2024-03-20 00:00:00,Completed,No,
WF151F607A,EVTEE257E6F,CostOptimizer,Reviewed,2024-09-02 00:00:00,Completed,No,
WF1A9321BC,EVT57FFB469,ProcurementBot,Updated,2024-08-14 00:00:00,Completed,Yes,2024-08-14 09:00:00
WF25DD1C25,EVT3E3DDF25,InventoryOptimizer,Assigned,2024-12-25 00:00:00,Failed,No,
WF1DD896E0,EVTDE891F56,ApprovalEngine,Initiated,2024-09-06 00:00:00,Completed,No,
WF1918ED15,EVT30F627FA,VendorAnalyzer,Rejected,2024-01-04 00:00:00,Completed,No,
WF1B1B884A,EVTFDD5BA65,RiskAssessment,Updated,2024-07-03 00:00:00,Completed,Yes,2024-07-03 13:00:00
WF6AF8991C,EVTFFD998A2,CostOptimizer,Completed,2024-09-23 00:00:00,Completed,No,
WF1453CC82,EVT634FD133,VendorAnalyzer,Initiated,2024-02-04 00:00:00,Completed,No,
WF5E34D59D,EVTB2FF295C,ProcurementBot,Escalated,2024-04-18 00:00:00,Completed,No,
WF1FB1B88A,EVTB1DA6A68,DeliveryTracker,Reviewed,2024-04-04 00:00:00,Completed,Yes,2024-04-04 02:00:00
WFE05E5C25,EVTF4999D40,DeliveryTracker,Escalated,2024-09-14 00:00:00,Completed,Yes,2024-09-14 19:00:00
WF01B79AD2,EVT8D3AA25F,CostOptimizer,Assigned,2024-03-02 00:00:00,Completed,Yes,2024-03-02 10:00:00
WFBEFBE0E9,EVT60178738,RiskAssessment,Reviewed,2024-10-02 00:00:00,Completed,Yes,2024-10-02 02:00:00
WF614789A1,EVT20474391,CostOptimizer,Completed,2024-07-20 00:00:00,Completed,Yes,2024-07-20 03:00:00
WF0AB7BB0D,EVT8C7B7AF7,RiskAssessment,Completed,2024-06-12 00:00:00,In Progress,Yes,2024-06-12 12:00:00
WF22E69A77,EVT160A9F38,ProcurementBot,Assigned,2024-11-29 00:00:00,Completed,No,
WF2027E85D,EVTD55F3B0D,RiskAssessment,Assigned,2024-02-12 00:00:00,Failed,Yes,2024-02-12 20:00:00
WF20B05AA5,EVTBCC8D534,InventoryOptimizer,Rejected,2024-08-23 00:00:00,In Progress,No,
WF47E9DD77,EVT4C8EA076,ApprovalEngine,Escalated,2024-02-07 00:00:00,Completed,Yes,2024-02-08 00:00:00
WFA1F18502,EVT447662DF,VendorAnalyzer,Initiated,2024-05-25 00:00:00,In Progress,No,
WF2F4A78CB,EVTFF072744,DeliveryTracker,Escalated,2024-03-28 00:00:00,Failed,No,
WFD6F86DAC,EVTADCB903C,CostOptimizer,Completed,2024-05-26 00:00:00,Completed,No,
WF9F21A95A,EVT7305A552,ApprovalEngine,Assigned,2024-11-20 00:00:00,Completed,No,
WFC8D61FF1,EVTFA9F441A,CostOptimizer,Assigned,2024-10-15 00:00:00,In Progress,No,
WFAACF307D,EVTFC6259D1,RiskAssessment,Completed,2024-11-10 00:00:00,Completed,No,
WF449E4767,EVTE3B30270,RiskAssessment,Completed,2024-05-02 00:00:00,Completed,No,
WF606E0CBD,EVT1F984466,RiskAssessment,Approved,2024-10-10 00:00:00,Completed,No,
WFADCC2F26,EVTBB2AB39A,InventoryOptimizer,Updated,2024-08-06 00:00:00,In Progress,No,
WF84C3778C,EVT065D79D7,RiskAssessment,Completed,2024-05-04 00:00:00,Completed,No,
WFB6573F94,EVT8804AD77,ProcurementBot,Assigned,2024-11-21 00:00:00,Completed,No,
WFD1EF9A49,EVT0DCBC14E,ProcurementBot,Initiated,2024-01-04 00:00:00,Failed,No,
WF41E400CF,EVT1D8935B8,InventoryOptimizer,Updated,2024-12-02 00:00:00,Completed,Yes,2024-12-02 07:00:00
WF0842A9FC,EVT0B34747F,DeliveryTracker,Updated,2024-08-27 00:00:00,Completed,No,
WF391CF3E5,EVT5FE59106,InventoryOptimizer,Initiated,2024-07-18 00:00:00,Completed,No,
WF96409015,EVTD9186ED9,CostOptimizer,Assigned,2024-08-25 00:00:00,Completed,No,
WF930D9D10,EVT262DC3C0,InventoryOptimizer,Rejected,2024-06-02 00:00:00,In Progress,Yes,2024-06-02 06:00:00
WFB1E6B41B,EVTA27C9CC4,VendorAnalyzer,Rejected,2024-06-04 00:00:00,Failed,Yes,2024-06-05 00:00:00
WFCC57A2FC,EVT9F7ABA66,RiskAssessment,Approved,2024-03-24 00:00:00,Completed,Yes,2024-03-24 08:00:00
WF345215CB,EVTEB1B96CE,DeliveryTracker,Assigned,2024-02-02 00:00:00,Completed,No,
WFA0162E07,EVTCBD39A16,ApprovalEngine,Updated,2024-01-15 00:00:00,Failed,Yes,2024-01-15 17:00:00
WFCE13EFCE,EVT1F94D5C7,VendorAnalyzer,Completed,2024-12-23 00:00:00,Completed,Yes,2024-12-23 17:00:00
WFF69CE9DC,EVTB1D5E61E,DeliveryTracker,Approved,2024-08-13 00:00:00,Completed,Yes,2024-08-13 06:00:00
WF8947D1C4,EVT68FF2967,IncidentResponder,Updated,2024-09-08 00:00:00,Failed,No,
WFAE6A8F20,EVT7E10F761,InventoryOptimizer,Rejected,2024-02-26 00:00:00,Completed,No,
WF70D51998,EVT3AB3FE41,DeliveryTracker,Assigned,2024-07-03 00:00:00,Completed,No,
WF28C6C486,EVTEEA9E1DD,ApprovalEngine,Initiated,2024-03-31 00:00:00,In Progress,No,
WF898FA05C,EVTCD5E7809,InventoryOptimizer,Reviewed,2024-01-27 00:00:00,Completed,Yes,2024-01-27 22:00:00
WFA93AF337,EVT180A9250,IncidentResponder,Escalated,2024-06-20 00:00:00,In Progress,No,
WFBB354548,EVTCADE4CB9,IncidentResponder,Initiated,2024-10-01 00:00:00,In Progress,No,
WFED6B0D1B,EVT08AC1EF2,DeliveryTracker,Assigned,2024-07-31 00:00:00,Completed,No,
WF15798CAA,EVT0AA7696E,CostOptimizer,Rejected,2024-06-14 00:00:00,Completed,No,
WFFDC32CED,EVT269A887A,ProcurementBot,Assigned,2024-03-14 00:00:00,Completed,Yes,2024-03-14 02:00:00
WFAB0C5847,EVT4B9C156F,DeliveryTracker,Completed,2024-12-01 00:00:00,Completed,Yes,2024-12-01 06:00:00
WF4F2D83AF,EVTAF7862DB,ApprovalEngine,Approved,2024-08-19 00:00:00,Completed,Yes,2024-08-19 03:00:00
WFDAC4DF1B,EVTF0849656,InventoryOptimizer,Initiated,2024-10-31 00:00:00,Failed,No,
WF2BF620D5,EVT31B9955E,CostOptimizer,Updated,2024-10-01 00:00:00,Completed,Yes,2024-10-01 13:00:00
WF10E72E97,EVTE89A3A7B,IncidentResponder,Rejected,2024-02-14 00:00:00,Completed,Yes,2024-02-14 14:00:00
WF0AFE92DB,EVTEC3D39F0,RiskAssessment,Initiated,2024-12-06 00:00:00,Completed,Yes,2024-12-06 14:00:00
WFFFB7B7DF,EVT5ACE2F1C,CostOptimizer,Initiated,2024-01-07 00:00:00,In Progress,Yes,2024-01-07 01:00:00
WF0B0704B2,EVTBD4114B6,VendorAnalyzer,Approved,2024-01-29 00:00:00,Failed,Yes,2024-01-29 09:00:00
WF1E6889BD,EVTD346ECD0,DeliveryTracker,Reviewed,2024-08-27 00:00:00,Completed,No,
WFEAFDFC50,EVT7285A1E5,RiskAssessment,Updated,2024-02-28 00:00:00,Completed,Yes,2024-02-28 05:00:00
WFC4DFD742,EVT393FE530,ApprovalEngine,Reviewed,2024-12-25 00:00:00,Completed,Yes,2024-12-25 15:00:00
WFCFA40167,EVT769C0CF1,DeliveryTracker,Escalated,2024-11-09 00:00:00,Completed,No,
WFADC809EB,EVTA7077453,DeliveryTracker,Rejected,2024-03-13 00:00:00,Completed,No,
WFB4836B43,EVTE3BEE5DC,VendorAnalyzer,Approved,2024-10-05 00:00:00,Completed,No,
WF86EDB314,EVT73384B4E,DeliveryTracker,Approved,2024-10-31 00:00:00,Completed,Yes,2024-10-31 10:00:00
WF6EDEEDC5,EVTCEA0FECC,RiskAssessment,Completed,2024-07-18 00:00:00,Failed,No,
WF303CC32F,EVT0F2D0452,InventoryOptimizer,Updated,2024-12-29 00:00:00,Completed,Yes,2024-12-29 16:00:00
WF00AE6091,EVT41E5F23B,DeliveryTracker,Reviewed,2024-10-05 00:00:00,Failed,No,
WF2DECDFF3,EVTF6D640A7,ProcurementBot,Approved,2024-08-28 00:00:00,Completed,Yes,2024-08-28 22:00:00
WF5E66040F,EVT540F4E94,DeliveryTracker,Approved,2024-07-27 00:00:00,Completed,Yes,2024-07-27 18:00:00
WFAC70CC5D,EVT4E55FB79,CostOptimizer,Initiated,2024-02-18 00:00:00,Failed,No,
WF6AE8F571,EVT62B23C92,InventoryOptimizer,Initiated,2024-04-19 00:00:00,Completed,No,
WF100B0F61,EVT0BB64C52,RiskAssessment,Updated,2024-09-30 00:00:00,In Progress,Yes,2024-09-30 14:00:00
WF1EB7F38B,EVTF17B00F5,DeliveryTracker,Approved,2024-01-02 00:00:00,Completed,Yes,2024-01-02 01:00:00
WFDE03759A,EVT265F9E67,IncidentResponder,Escalated,2024-08-11 00:00:00,Completed,No,
WF5CE5EAB1,EVTDF174770,VendorAnalyzer,Assigned,2024-05-05 00:00:00,In Progress,Yes,2024-05-05 08:00:00
WFF8DBBDDF,EVT606D1405,InventoryOptimizer,Escalated,2024-01-10 00:00:00,Completed,Yes,2024-01-10 22:00:00
WFA2CDBFF1,EVTFF3E5FCD,DeliveryTracker,Completed,2024-11-05 00:00:00,Completed,No,
WF2CC1C258,EVT6AE3010E,ProcurementBot,Assigned,2024-06-24 00:00:00,In Progress,Yes,2024-06-24 05:00:00
WF904EEED2,EVTE1F8D476,IncidentResponder,Assigned,2024-07-27 00:00:00,Completed,No,
WF5044788F,EVT78854CEA,VendorAnalyzer,Initiated,2024-05-15 00:00:00,Completed,Yes,2024-05-15 20:00:00
WF0439FE9D,EVT26EAF516,CostOptimizer,Rejected,2024-12-27 00:00:00,Completed,No,
WFFFE73C0C,EVT15745162,VendorAnalyzer,Reviewed,2024-03-15 00:00:00,Failed,Yes,2024-03-15 04:00:00
WF50468D21,EVT78EF69ED,DeliveryTracker,Assigned,2024-06-09 00:00:00,Completed,Yes,2024-06-09 23:00:00
WF8F2D286C,EVT0F2D0452,ProcurementBot,Completed,2024-06-30 00:00:00,Completed,No,
WFD2B16242,EVT9E68311E,ProcurementBot,Rejected,2024-08-17 00:00:00,Completed,No,
WFB7342642,EVTD0237C09,ProcurementBot,Initiated,2024-09-09 00:00:00,Completed,Yes,2024-09-09 16:00:00
WFF67C6D60,EVTC073E93C,VendorAnalyzer,Completed,2024-11-02 00:00:00,Failed,Yes,2024-11-02 13:00:00
WFDBC3C35F,EVTF3DF200C,DeliveryTracker,Rejected,2024-02-20 00:00:00,Completed,Yes,2024-02-20 15:00:00
WF1BA140C1,EVT9CF13317,RiskAssessment,Rejected,2024-11-16 00:00:00,Completed,No,
WFBEE262FC,EVT3D5C3CE2,ProcurementBot,Escalated,2024-07-30 00:00:00,Completed,No,
WF1A15EA72,EVT920BBD88,CostOptimizer,Updated,2024-04-02 00:00:00,Completed,No,
WF179913F3,EVT3BB3AA5A,RiskAssessment,Rejected,2024-05-27 00:00:00,In Progress,No,
WF07E30B7A,EVT39E9013C,DeliveryTracker,Approved,2024-11-08 00:00:00,Completed,No,
WF556FBA82,EVT11C096AE,ProcurementBot,Assigned,2024-07-01 00:00:00,Completed,No,
WF14B858F1,EVTA90096FD,VendorAnalyzer,Reviewed,2024-09-06 00:00:00,Completed,No,
WF8EA0D7C7,EVTABF6F397,DeliveryTracker,Completed,2024-01-11 00:00:00,Completed,Yes,2024-01-11 23:00:00
WFE76ABDB7,EVT8A2F81AC,VendorAnalyzer,Completed,2024-09-07 00:00:00,Completed,No,
WFF27C6B33,EVT56ED37AD,IncidentResponder,Rejected,2024-04-13 00:00:00,Completed,Yes,2024-04-13 07:00:00
WF0E267055,EVT8168A16D,ApprovalEngine,Assigned,2024-02-28 00:00:00,In Progress,Yes,2024-02-28 02:00:00
WFDBE08C8C,EVT430B3BD1,ApprovalEngine,Reviewed,2024-07-03 00:00:00,In Progress,No,
WF796BAEF7,EVT93DB5303,IncidentResponder,Approved,2024-12-27 00:00:00,Completed,No,
WFC78228FE,EVTF8EF4A1A,InventoryOptimizer,Approved,2024-02-11 00:00:00,Completed,No,
WF7202F268,EVTF9F3DF9B,CostOptimizer,Updated,2024-04-12 00:00:00,Completed,No,
WF4AABD95B,EVT26E8C344,DeliveryTracker,Rejected,2024-10-20 00:00:00,Completed,Yes,2024-10-20 17:00:00
WF78E11BB1,EVT5180C3F8,DeliveryTracker,Approved,2024-10-07 00:00:00,Completed,No,
WF05F6A882,EVT47EAF7E4,VendorAnalyzer,Approved,2024-10-07 00:00:00,Completed,No,
WF4B94BF93,EVTB496A0EB,VendorAnalyzer,Reviewed,2024-11-10 00:00:00,Completed,No,
WFAF374817,EVTA656621B,VendorAnalyzer,Escalated,2024-02-16 00:00:00,In Progress,No,
WF0B31803B,EVTCE6E8366,VendorAnalyzer,Approved,2024-10-01 00:00:00,Completed,Yes,2024-10-01 09:00:00
WF8B65BAAD,EVT56861793,CostOptimizer,Rejected,2024-03-21 00:00:00,Completed,No,
WFD0A16C11,EVTFD8C83C7,CostOptimizer,Approved,2024-07-20 00:00:00,Completed,Yes,2024-07-20 18:00:00
WF086F3E23,EVTF461ABF4,IncidentResponder,Escalated,2024-01-07 00:00:00,In Progress,No,
WF24C60D87,EVT8584B760,IncidentResponder,Reviewed,2024-11-29 00:00:00,Completed,No,
WFB835A50D,EVTA91C8D67,VendorAnalyzer,Initiated,2024-05-16 00:00:00,Completed,No,
WFABA0D979,EVT6AE744C4,IncidentResponder,Updated,2024-06-16 00:00:00,Completed,No,
WF74556589,EVT46D701D0,InventoryOptimizer,Approved,2024-06-17 00:00:00,Completed,No,
WF3F28F119,EVT7FBA6916,VendorAnalyzer,Initiated,2024-05-13 00:00:00,Completed,No,
WFF3CB3F47,EVT3D151746,CostOptimizer,Escalated,2024-11-24 00:00:00,Failed,Yes,2024-11-24 02:00:00
WF3B8CCD23,EVT0C027BF0,ProcurementBot,Approved,2024-01-17 00:00:00,Completed,No,
WF059A2B6F,EVT60F2E504,IncidentResponder,Rejected,2024-04-16 00:00:00,Failed,Yes,2024-04-16 16:00:00
WF45873DDF,EVT2B695EA7,ProcurementBot,Updated,2024-03-22 00:00:00,Completed,Yes,2024-03-22 18:00:00
WF0E6777C4,EVT4E5B6A90,RiskAssessment,Rejected,2024-11-04 00:00:00,Failed,Yes,2024-11-04 07:00:00
WF40A4BDEF,EVT96B12E49,IncidentResponder,Reviewed,2024-07-10 00:00:00,Completed,Yes,2024-07-10 04:00:00
WF9A75B801,EVT7E541AA8,ProcurementBot,Completed,2024-11-09 00:00:00,In Progress,Yes,2024-11-09 01:00:00
WF17BE8A48,EVT173B157C,InventoryOptimizer,Completed,2024-10-28 00:00:00,Completed,Yes,2024-10-28 13:00:00
WFF46D635F,EVTFC23736C,IncidentResponder,Rejected,2024-10-07 00:00:00,In Progress,No,
WFF4DE29B8,EVT628A88C1,InventoryOptimizer,Initiated,2024-08-08 00:00:00,Failed,No,
WFF6C7CE26,EVTA3F1DE42,DeliveryTracker,Rejected,2024-05-04 00:00:00,Completed,No,
WFD5A23E0D,EVTFF17102F,CostOptimizer,Updated,2024-01-07 00:00:00,Completed,No,
WFA41A765F,EVTA3F1DE42,ApprovalEngine,Escalated,2024-02-02 00:00:00,Completed,Yes,2024-02-02 07:00:00
WFD1F7CC82,EVT885592C8,RiskAssessment,Escalated,2024-08-08 00:00:00,Completed,No,
WF5F7CD66D,EVTBAD3BB84,IncidentResponder,Completed,2024-11-05 00:00:00,Failed,No,
WF91DEDF6D,EVTC9B37E89,DeliveryTracker,Approved,2024-01-01 00:00:00,In Progress,Yes,2024-01-01 02:00:00
WF668C1D93,EVTDC19617F,VendorAnalyzer,Escalated,2024-05-26 00:00:00,Completed,No,
WFA1639365,EVT0EA06E59,IncidentResponder,Assigned,2024-10-11 00:00:00,Completed,No,
WF642DC2BE,EVT39F637A0,VendorAnalyzer,Initiated,2024-12-06 00:00:00,Completed,Yes,2024-12-06 13:00:00
WF49F19DE5,EVTD8FDB202,CostOptimizer,Reviewed,2024-05-09 00:00:00,Completed,No,
WFBC33CE21,EVT89FB67D7,IncidentResponder,Completed,2024-11-03 00:00:00,Completed,Yes,2024-11-03 19:00:00
WFC7B59E55,EVT22BC6A77,VendorAnalyzer,Initiated,2024-09-22 00:00:00,Completed,Yes,2024-09-22 18:00:00
WF35615484,EVTC16F9F33,ProcurementBot,Initiated,2024-11-11 00:00:00,Completed,No,
WFEEEF0F79,EVT007B811F,RiskAssessment,Initiated,2024-07-22 00:00:00,Completed,No,
WF0A5AABC1,EVT9404A71F,InventoryOptimizer,Completed,2024-03-10 00:00:00,Completed,No,
WFBF0174F2,EVT3405F3A5,RiskAssessment,Assigned,2024-03-11 00:00:00,Completed,No,
WFF12EC5E7,EVTCD3EB60C,IncidentResponder,Initiated,2024-11-30 00:00:00,Completed,No,
WF727508D8,EVTE03A0FEF,IncidentResponder,Initiated,2024-05-05 00:00:00,Completed,Yes,2024-05-05 05:00:00
WF73190A3D,EVTA1539BCD,VendorAnalyzer,Updated,2024-06-18 00:00:00,Completed,No,
WFEC649750,EVTB5A311F4,VendorAnalyzer,Completed,2024-12-26 00:00:00,In Progress,No,
WFAFCC820E,EVT4A54B051,ApprovalEngine,Rejected,2024-11-16 00:00:00,Completed,Yes,2024-11-16 16:00:00
WF277C1B9D,EVT95108834,CostOptimizer,Completed,2024-05-15 00:00:00,Completed,Yes,2024-05-15 02:00:00
WF7864F596,EVTDD5ECFBA,VendorAnalyzer,Approved,2024-02-06 00:00:00,In Progress,Yes,2024-02-06 20:00:00
WF1560213B,EVTFA824E8F,DeliveryTracker,Completed,2024-01-19 00:00:00,Completed,Yes,2024-01-19 07:00:00
WF0101F2B8,EVT19884314,InventoryOptimizer,Completed,2024-10-29 00:00:00,Completed,No,
WF2F1E6E2D,EVT69503E32,InventoryOptimizer,Completed,2024-11-24 00:00:00,Completed,No,
WF398566F3,EVT221BF3E5,ProcurementBot,Escalated,2024-05-15 00:00:00,Completed,Yes,2024-05-15 05:00:00
WFCAC57764,EVTBB0C1A1B,ApprovalEngine,Reviewed,2024-07-05 00:00:00,Completed,No,
WF4B385223,EVT28BB3790,DeliveryTracker,Reviewed,2024-04-05 00:00:00,Completed,No,
WFA84462A3,EVTA3FDF9FE,VendorAnalyzer,Assigned,2024-09-24 00:00:00,Failed,Yes,2024-09-24 03:00:00
WFB5B910EF,EVTCF912C18,ProcurementBot,Reviewed,2024-08-20 00:00:00,Completed,No,
WF40CB1120,EVTADA557A3,InventoryOptimizer,Assigned,2024-01-22 00:00:00,Completed,Yes,2024-01-22 23:00:00
WF94EB6109,EVT2B61AF9A,ApprovalEngine,Reviewed,2024-08-06 00:00:00,In Progress,Yes,2024-08-06 08:00:00
WFE8B044A0,EVT0ACE380F,VendorAnalyzer,Approved,2024-09-26 00:00:00,Completed,No,
WFB4F9B3D6,EVT87D6F47B,VendorAnalyzer,Initiated,2024-12-25 00:00:00,Completed,No,
WFC5A3E6F0,EVTBA355CB3,VendorAnalyzer,Reviewed,2024-07-07 00:00:00,Failed,No,
WFAAE975B4,EVTB2A439F4,VendorAnalyzer,Updated,2024-02-10 00:00:00,Completed,No,
WFDC594535,EVT98D6D470,RiskAssessment,Updated,2024-10-24 00:00:00,Failed,Yes,2024-10-24 10:00:00
WFD8B53AF8,EVT5E30ADE5,ApprovalEngine,Updated,2024-09-15 00:00:00,Completed,No,
WFA33B8F48,EVTBC7EB354,IncidentResponder,Updated,2024-03-27 00:00:00,In Progress,Yes,2024-03-27 19:00:00
WF07C48965,EVTB1B49203,VendorAnalyzer,Assigned,2024-11-10 00:00:00,Completed,Yes,2024-11-10 15:00:00
WF33E50DDE,EVT017EB527,ProcurementBot,Reviewed,2024-10-10 00:00:00,Completed,Yes,2024-10-10 20:00:00
WFD3E6E65A,EVTC0B0601D,VendorAnalyzer,Assigned,2024-07-27 00:00:00,Completed,No,
WF3B531FC7,EVTD767330C,VendorAnalyzer,Assigned,2024-05-12 00:00:00,Completed,Yes,2024-05-12 19:00:00
WFEC3A5BD4,EVT169B757D,VendorAnalyzer,Rejected,2024-07-20 00:00:00,Completed,No,
WF1D308D29,EVT9E6C7E6F,IncidentResponder,Completed,2024-02-23 00:00:00,In Progress,No,
WF63B3968D,EVT4E3A30BD,ApprovalEngine,Completed,2024-03-05 00:00:00,Failed,No,
WF14B02882,EVTB315BC48,ProcurementBot,Initiated,2024-02-17 00:00:00,Completed,Yes,2024-02-17 20:00:00
WF816ABBA1,EVTEF647833,CostOptimizer,Completed,2024-09-05 00:00:00,Failed,No,
WF620479C5,EVT0BDF0D4B,ProcurementBot,Rejected,2024-09-09 00:00:00,Completed,Yes,2024-09-09 18:00:00
WFB174BF94,EVT721CAFA7,RiskAssessment,Rejected,2024-08-24 00:00:00,Completed,No,
WF26A5C8ED,EVTC9D85025,InventoryOptimizer,Escalated,2024-11-25 00:00:00,Completed,Yes,2024-11-25 13:00:00
WF55DBD85E,EVT41150040,RiskAssessment,Approved,2024-11-17 00:00:00,Completed,Yes,2024-11-17 01:00:00
WF66067E88,EVTCE6E8366,CostOptimizer,Assigned,2024-07-29 00:00:00,Completed,No,
WF66D55D37,EVTB0D64A00,VendorAnalyzer,Completed,2024-09-17 00:00:00,In Progress,No,
WF8E88F420,EVT497F04F1,InventoryOptimizer,Escalated,2024-09-30 00:00:00,Completed,Yes,2024-09-30 08:00:00
WFF124D3DB,EVT2C391455,VendorAnalyzer,Completed,2024-05-03 00:00:00,Completed,No,
WF002EBEDF,EVT2B769879,CostOptimizer,Escalated,2024-07-07 00:00:00,Completed,No,
WFB915A2A3,EVT2E649087,IncidentResponder,Assigned,2024-01-06 00:00:00,Completed,No,
WFD54EC9E7,EVT35C6B36D,CostOptimizer,Updated,2024-06-23 00:00:00,Completed,No,
WF4F5364EF,EVTC029FFA0,DeliveryTracker,Escalated,2024-09-07 00:00:00,Failed,No,
WFF7E8BB00,EVT014776AA,ApprovalEngine,Rejected,2024-06-06 00:00:00,In Progress,No,
WF10D09088,EVT1CF68919,RiskAssessment,Escalated,2024-12-27 00:00:00,Completed,No,
WFECD5F03C,EVT70B9DAFF,RiskAssessment,Reviewed,2024-05-19 00:00:00,In Progress,No,
WF935ED0AB,EVT37A2C3DC,CostOptimizer,Approved,2024-10-20 00:00:00,Completed,Yes,2024-10-20 14:00:00
WF44833401,EVTC749925F,InventoryOptimizer,Rejected,2024-10-02 00:00:00,Completed,Yes,2024-10-02 04:00:00
WF60DCA22A,EVT3C5D882C,CostOptimizer,Initiated,2024-02-05 00:00:00,In Progress,No,
WFEFD649D1,EVT7444B079,RiskAssessment,Updated,2024-06-07 00:00:00,Completed,Yes,2024-06-07 03:00:00
WF6EE6A9B3,EVT240094AF,ProcurementBot,Rejected,2024-01-21 00:00:00,Completed,No,
WF6BB69F1B,EVTDD0FB6FD,ProcurementBot,Assigned,2024-07-21 00:00:00,In Progress,No,
WF616C28D1,EVT1C9F5A19,VendorAnalyzer,Updated,2024-09-06 00:00:00,In Progress,Yes,2024-09-06 18:00:00
WFFB843DCA,EVT7E0BF34F,ApprovalEngine,Reviewed,2024-12-30 00:00:00,Completed,Yes,2024-12-30 16:00:00
WF152D644A,EVT18D3F5ED,DeliveryTracker,Updated,2024-08-14 00:00:00,Completed,Yes,2024-08-14 04:00:00
WF4857E416,EVTB79603B5,ApprovalEngine,Initiated,2024-04-16 00:00:00,Completed,Yes,2024-04-16 19:00:00
WF56FB3B17,EVTF47C9CBB,InventoryOptimizer,Assigned,2024-07-04 00:00:00,Completed,Yes,2024-07-04 15:00:00
WF847F9B84,EVT2E7C37FA,DeliveryTracker,Initiated,2024-09-23 00:00:00,Completed,Yes,2024-09-23 20:00:00
WF93B148E1,EVT8D8DD1EB,InventoryOptimizer,Rejected,2024-02-07 00:00:00,In Progress,No,
WF6CA85A18,EVTC10C08B4,VendorAnalyzer,Completed,2024-11-04 00:00:00,Completed,Yes,2024-11-04 07:00:00
WFDACF6DAD,EVT48271F54,InventoryOptimizer,Completed,2024-11-24 00:00:00,In Progress,Yes,2024-11-24 02:00:00
WF3D9C625A,EVT1A984D90,ApprovalEngine,Rejected,2024-02-02 00:00:00,Completed,Yes,2024-02-02 12:00:00
WF6478E1DB,EVTD303556B,IncidentResponder,Approved,2024-11-08 00:00:00,Completed,Yes,2024-11-08 21:00:00
WFDCECD82A,EVTA32C8F80,IncidentResponder,Completed,2024-07-06 00:00:00,Completed,No,
WF996E3AAE,EVT448558F7,DeliveryTracker,Completed,2024-12-15 00:00:00,Completed,No,
WFE6927FB7,EVT6B720C52,ApprovalEngine,Initiated,2024-11-05 00:00:00,Completed,No,
WF995BC331,EVTA9ABA502,VendorAnalyzer,Reviewed,2024-07-22 00:00:00,Completed,No,
WFCF3C4F1D,EVT14B3C9C8,InventoryOptimizer,Escalated,2024-12-21 00:00:00,Completed,No,
WF8926CCDA,EVTE2CAD671,ProcurementBot,Reviewed,2024-04-04 00:00:00,Completed,Yes,2024-04-04 01:00:00
WFB3F32775,EVT27D07267,IncidentResponder,Reviewed,2024-08-17 00:00:00,Completed,No,
WFC42A6399,EVTFF16FCE0,InventoryOptimizer,Approved,2024-12-17 00:00:00,Completed,Yes,2024-12-17 07:00:00
WF8DFC4489,EVTC3BCF768,RiskAssessment,Updated,2024-11-20 00:00:00,Completed,No,
WF3DA4ECD3,EVT95F57A45,ApprovalEngine,Assigned,2024-12-30 00:00:00,In Progress,Yes,2024-12-30 22:00:00
WFB174D504,EVT333FCA5C,IncidentResponder,Approved,2024-03-31 00:00:00,Failed,Yes,2024-03-31 08:00:00
WF01E3EBFF,EVTD3753860,InventoryOptimizer,Completed,2024-02-29 00:00:00,Completed,No,
WF56E14AAD,EVTCCA91E1A,RiskAssessment,Escalated,2024-10-29 00:00:00,In Progress,No,
WF0D3281C1,EVT65A10FFB,DeliveryTracker,Rejected,2024-05-06 00:00:00,Completed,No,
WFA1F4301E,EVT9C0C145E,DeliveryTracker,Completed,2024-08-06 00:00:00,Completed,No,
WF0592AB73,EVT60F2E504,ApprovalEngine,Updated,2024-01-30 00:00:00,Completed,Yes,2024-01-30 10:00:00
WF13FDA40D,EVT2B61AF9A,IncidentResponder,Reviewed,2024-03-11 00:00:00,Completed,No,
WFB598926B,EVT4F12C8AB,IncidentResponder,Updated,2024-05-24 00:00:00,Completed,No,
WF1E33F525,EVTAA926686,ApprovalEngine,Updated,2024-10-09 00:00:00,Completed,No,
WF69556F52,EVT6B4B45C1,VendorAnalyzer,Initiated,2024-12-04 00:00:00,In Progress,No,
WF6758AC62,EVT661D91EE,ApprovalEngine,Escalated,2024-04-19 00:00:00,Completed,Yes,2024-04-19 12:00:00
WF4EDFDAC8,EVT46123962,ProcurementBot,Reviewed,2024-11-08 00:00:00,Failed,No,
WFADE70FAA,EVT88C55ABB,InventoryOptimizer,Rejected,2024-09-27 00:00:00,Completed,Yes,2024-09-27 14:00:00
WFAA6434CE,EVT45CC9460,InventoryOptimizer,Approved,2024-05-27 00:00:00,Failed,No,
WFBA2ABBEF,EVT13936B0C,ApprovalEngine,Rejected,2024-12-07 00:00:00,Completed,No,
WFC56CDF3B,EVT7305A552,IncidentResponder,Approved,2024-09-28 00:00:00,Completed,Yes,2024-09-28 16:00:00
WF417F3E14,EVT94C64511,InventoryOptimizer,Initiated,2024-11-24 00:00:00,Completed,Yes,2024-11-24 08:00:00
WFD53054DA,EVTF6DC57B0,InventoryOptimizer,Assigned,2024-04-22 00:00:00,Completed,No,
WFF3B8EBB5,EVTE1E84363,InventoryOptimizer,Updated,2024-08-04 00:00:00,In Progress,No,
WF4F076E87,EVT06CBAED0,VendorAnalyzer,Reviewed,2024-05-15 00:00:00,Completed,No,
WF891CBA2E,EVT7BC60969,ProcurementBot,Escalated,2024-11-13 00:00:00,In Progress,No,
WF69D2EF47,EVT1948687D,ApprovalEngine,Escalated,2024-07-08 00:00:00,Completed,Yes,2024-07-08 08:00:00
WF233A2AB9,EVT74CAC4D4,RiskAssessment,Approved,2024-05-12 00:00:00,Completed,Yes,2024-05-12 18:00:00
WFD0A5A6E8,EVTA41409F3,IncidentResponder,Completed,2024-06-20 00:00:00,Completed,No,
WF1EF03C3A,EVT5256A8D4,CostOptimizer,Rejected,2024-11-10 00:00:00,In Progress,No,
WF000E6ED4,EVT333FCA5C,CostOptimizer,Rejected,2024-03-17 00:00:00,Completed,No,
WF1D38D339,EVT0B31BF81,RiskAssessment,Initiated,2024-02-09 00:00:00,Completed,No,
WFD9093DDA,EVT7F2CD900,InventoryOptimizer,Reviewed,2024-06-30 00:00:00,In Progress,No,
WF43F369D2,EVT860E55D5,VendorAnalyzer,Reviewed,2024-05-27 00:00:00,Completed,No,
WF4ED98805,EVT98145BB2,ApprovalEngine,Completed,2024-04-19 00:00:00,Completed,No,
WF4DDA5ECF,EVTD5F307E0,IncidentResponder,Completed,2024-07-11 00:00:00,Completed,No,
WF07B6B3F3,EVT901CA4AF,ProcurementBot,Updated,2024-08-25 00:00:00,Completed,No,
WFB7AD255D,EVT3AF90ABD,InventoryOptimizer,Reviewed,2024-06-22 00:00:00,Completed,No,
WF2FC65A29,EVT004FB1E9,IncidentResponder,Initiated,2024-04-10 00:00:00,In Progress,Yes,2024-04-10 07:00:00
WF11AB3386,EVT8713C763,VendorAnalyzer,Reviewed,2024-04-09 00:00:00,Completed,No,
WF23CF8E32,EVT086897D2,DeliveryTracker,Reviewed,2024-07-02 00:00:00,Completed,Yes,2024-07-02 03:00:00
WF6F2B640D,EVT93DB5303,InventoryOptimizer,Assigned,2024-01-14 00:00:00,Completed,No,
WF14CEE53D,EVT98C8CED8,ProcurementBot,Completed,2024-08-21 00:00:00,Completed,No,
WF37023597,EVT7C474309,ApprovalEngine,Updated,2024-05-10 00:00:00,In Progress,No,
WFC52554EB,EVT66E55453,ProcurementBot,Initiated,2024-01-08 00:00:00,Completed,Yes,2024-01-08 13:00:00
WFDDAE2D7D,EVTB59DBEA8,VendorAnalyzer,Escalated,2024-01-07 00:00:00,Completed,Yes,2024-01-07 12:00:00
WF8C3A2CB2,EVTB5AAA267,ProcurementBot,Reviewed,2024-01-06 00:00:00,Failed,No,
WF496AF2B3,EVTAC5A851A,InventoryOptimizer,Completed,2024-05-06 00:00:00,Completed,No,
WFB0581272,EVT1182C2D7,RiskAssessment,Escalated,2024-02-17 00:00:00,Completed,No,
WFD865D7A1,EVT80161D7E,VendorAnalyzer,Approved,2024-10-21 00:00:00,Completed,Yes,2024-10-21 23:00:00
WF43BE9339,EVT6CF685A7,RiskAssessment,Completed,2024-12-17 00:00:00,Completed,Yes,2024-12-18 00:00:00
WF78F1E5A1,EVTAD500FE9,CostOptimizer,Initiated,2024-04-03 00:00:00,Failed,Yes,2024-04-03 06:00:00
WF5DB2E196,EVTB5CEFBD3,ProcurementBot,Rejected,2024-03-11 00:00:00,Completed,No,
WFD33A7081,EVT606D1405,IncidentResponder,Approved,2024-03-24 00:00:00,Completed,No,
WFD60FE4FF,EVT57552EBB,RiskAssessment,Reviewed,2024-03-29 00:00:00,In Progress,No,
WFA1115807,EVT4FBA4A90,RiskAssessment,Rejected,2024-08-16 00:00:00,In Progress,No,
WF8A31765E,EVTDD647B83,ProcurementBot,Completed,2024-02-13 00:00:00,Failed,No,
WFB7419CEC,EVTE17685E0,CostOptimizer,Initiated,2024-06-10 00:00:00,Completed,Yes,2024-06-10 15:00:00
WF5DCD2B7F,EVTB2A439F4,InventoryOptimizer,Reviewed,2024-03-15 00:00:00,Completed,No,
WF34DFDE63,EVT9CB3146D,ApprovalEngine,Completed,2024-11-25 00:00:00,Completed,No,
WFE3E9ADBC,EVT123C0F8E,InventoryOptimizer,Updated,2024-01-19 00:00:00,Failed,No,
WF2356DB79,EVT42870017,ApprovalEngine,Rejected,2024-11-13 00:00:00,Completed,No,
WFEF8D17FB,EVT9C268983,InventoryOptimizer,Assigned,2024-10-09 00:00:00,Completed,No,
WFC8A9D9F7,EVT82058C1B,CostOptimizer,Assigned,2024-12-19 00:00:00,Failed,No,
WFA315CC71,EVT70D36783,IncidentResponder,Completed,2024-01-02 00:00:00,In Progress,Yes,2024-01-02 04:00:00
WF618C1A6A,EVTEB9D4487,IncidentResponder,Updated,2024-02-19 00:00:00,Completed,No,
WFC41B731D,EVTBFD0D56E,ApprovalEngine,Approved,2024-09-19 00:00:00,Completed,No,
WF7052E0DE,EVT9B566729,CostOptimizer,Completed,2024-12-21 00:00:00,Completed,Yes,2024-12-21 21:00:00
WFD7BA8C34,EVTF8C5081D,VendorAnalyzer,Rejected,2024-03-05 00:00:00,Completed,No,
WFDD3B005F,EVTC7306D44,InventoryOptimizer,Completed,2024-08-15 00:00:00,Completed,No,
WF641AF0F6,EVT78110FDB,VendorAnalyzer,Assigned,2024-05-07 00:00:00,In Progress,Yes,2024-05-07 21:00:00
WF345B032C,EVTBC7EB354,DeliveryTracker,Escalated,2024-12-22 00:00:00,Completed,No,
WF5C21CCE1,EVT22706999,ProcurementBot,Completed,2024-06-01 00:00:00,Completed,No,
WF1FBBE995,EVT4A91EDEE,ApprovalEngine,Completed,2024-04-16 00:00:00,Failed,No,
WFF2B05705,EVT62E00199,ApprovalEngine,Approved,2024-08-26 00:00:00,In Progress,No,
WFB8B80C45,EVT9FD2B2B0,ProcurementBot,Reviewed,2024-09-26 00:00:00,Completed,Yes,2024-09-26 04:00:00
WFBFB392A1,EVTBDEA145F,VendorAnalyzer,Reviewed,2024-05-10 00:00:00,Completed,No,
WFBB938B6C,EVT903BE43B,InventoryOptimizer,Reviewed,2024-05-12 00:00:00,Completed,No,
WF06069065,EVT6FF426C4,RiskAssessment,Completed,2024-09-06 00:00:00,Completed,No,
WFC175BCBD,EVTAFE3B5A3,ApprovalEngine,Updated,2024-03-02 00:00:00,Completed,No,
WF04890CCF,EVTD2072349,InventoryOptimizer,Completed,2024-12-16 00:00:00,In Progress,Yes,2024-12-16 17:00:00
WF69BA5415,EVT7E884412,VendorAnalyzer,Approved,2024-07-06 00:00:00,Completed,Yes,2024-07-06 12:00:00
WF5DE5F978,EVT225FB9E5,DeliveryTracker,Assigned,2024-08-24 00:00:00,Completed,No,
WFC65E4C0A,EVT3A645ABB,RiskAssessment,Reviewed,2024-06-20 00:00:00,Completed,Yes,2024-06-20 10:00:00
WF7E762021,EVT74F77571,ApprovalEngine,Approved,2024-04-25 00:00:00,Failed,No,
WF1E14C544,EVT3405F3A5,CostOptimizer,Completed,2024-09-09 00:00:00,Completed,No,
WF7BAD9428,EVTECB5B636,DeliveryTracker,Initiated,2024-08-06 00:00:00,In Progress,No,
WFD3D9F71B,EVT9C09D9E8,VendorAnalyzer,Approved,2024-04-03 00:00:00,Completed,Yes,2024-04-03 07:00:00
WF71EC570F,EVT96C0BF56,DeliveryTracker,Rejected,2024-08-10 00:00:00,Completed,Yes,2024-08-10 10:00:00
WF264854F4,EVT17E1B661,IncidentResponder,Initiated,2024-07-15 00:00:00,Completed,No,
WFBD05D915,EVT59AFCB87,IncidentResponder,Initiated,2024-06-30 00:00:00,Failed,Yes,2024-06-30 14:00:00
WF736277F3,EVTA6074695,RiskAssessment,Initiated,2024-10-17 00:00:00,Completed,No,
WF4261FBF5,EVTE77136F2,InventoryOptimizer,Rejected,2024-04-06 00:00:00,Completed,No,
WF798288E7,EVTB236FEBA,ProcurementBot,Completed,2024-12-14 00:00:00,Failed,Yes,2024-12-14 13:00:00
WF18C02D34,EVTAAAF9C96,InventoryOptimizer,Rejected,2024-03-02 00:00:00,Completed,No,
WF1E96DAE8,EVTE21998D3,CostOptimizer,Rejected,2024-04-13 00:00:00,In Progress,No,
WFD3A169D3,EVT8688C5BD,CostOptimizer,Updated,2024-03-22 00:00:00,Completed,No,
WFBE51893C,EVT0FA23EAD,CostOptimizer,Assigned,2024-06-09 00:00:00,Completed,Yes,2024-06-09 16:00:00
WF93ADB78E,EVT4CFEA45D,ProcurementBot,Updated,2024-05-18 00:00:00,In Progress,Yes,2024-05-18 09:00:00
WFE6329F0B,EVTF55211CE,ProcurementBot,Escalated,2024-11-12 00:00:00,Completed,No,
WF73FC992C,EVTBB8A7C2A,DeliveryTracker,Updated,2024-03-30 00:00:00,In Progress,No,
WF44B6B0C7,EVT5278497F,ApprovalEngine,Approved,2024-07-09 00:00:00,Completed,No,
WF07E1CFD8,EVT901CA4AF,ProcurementBot,Approved,2024-02-18 00:00:00,In Progress,No,
WF2A7E3570,EVT7305A552,CostOptimizer,Escalated,2024-05-23 00:00:00,In Progress,Yes,2024-05-23 15:00:00
WF5EA25EEA,EVT6750C78A,ProcurementBot,Escalated,2024-05-28 00:00:00,Failed,No,
WF87BF4220,EVT8D3AA25F,VendorAnalyzer,Rejected,2024-04-19 00:00:00,Completed,No,
WFC78D27A0,EVTF1C6B51E,ApprovalEngine,Updated,2024-07-17 00:00:00,Completed,No,
WF66EB7681,EVT123C0F8E,CostOptimizer,Escalated,2024-02-22 00:00:00,In Progress,No,
WF902FE60B,EVT6A5B5955,CostOptimizer,Escalated,2024-08-30 00:00:00,Completed,No,
WF0F1D6985,EVT9F45E33D,DeliveryTracker,Updated,2024-05-02 00:00:00,Completed,Yes,2024-05-02 17:00:00
WF7CD1C5E0,EVT58D9C2F0,ApprovalEngine,Updated,2024-01-21 00:00:00,Completed,No,
WFF19D567F,EVTCF5E9352,DeliveryTracker,Reviewed,2024-08-10 00:00:00,Failed,Yes,2024-08-10 09:00:00
WFE72DE046,EVTF5870575,VendorAnalyzer,Escalated,2024-06-07 00:00:00,Completed,No,
WFBD78B95D,EVTC2393173,RiskAssessment,Updated,2024-01-03 00:00:00,Completed,Yes,2024-01-03 23:00:00
WF593AE4CD,EVTCCB1C174,RiskAssessment,Rejected,2024-08-15 00:00:00,In Progress,No,
WF95BF5CE6,EVT8713C763,InventoryOptimizer,Rejected,2024-05-15 00:00:00,Completed,Yes,2024-05-15 05:00:00
WF01EF59DA,EVTD49DD628,VendorAnalyzer,Initiated,2024-11-14 00:00:00,Completed,No,
WFF4AD89CE,EVTB8B6AF27,InventoryOptimizer,Assigned,2024-05-08 00:00:00,Completed,No,
WF9905D290,EVT0843A47B,InventoryOptimizer,Initiated,2024-11-08 00:00:00,Completed,No,
WF5C51289C,EVT51F7F19B,IncidentResponder,Reviewed,2024-08-20 00:00:00,Completed,Yes,2024-08-20 08:00:00
WF36E6108C,EVTA21E4AD8,CostOptimizer,Completed,2024-08-18 00:00:00,Completed,Yes,2024-08-18 09:00:00
WFBFCF3F90,EVTDD647B83,CostOptimizer,Assigned,2024-12-21 00:00:00,Completed,Yes,2024-12-21 06:00:00
WF9A1655E8,EVT592A21E5,RiskAssessment,Reviewed,2024-03-14 00:00:00,Completed,Yes,2024-03-14 17:00:00
WF8F34AB55,EVTD346ECD0,ApprovalEngine,Approved,2024-02-21 00:00:00,Completed,Yes,2024-02-21 15:00:00
WF1C754272,EVT346257CF,VendorAnalyzer,Escalated,2024-12-28 00:00:00,Completed,No,
WF358F3E80,EVT01D0B2CC,ProcurementBot,Rejected,2024-06-18 00:00:00,Completed,No,
WF137FEDA6,EVTEDEBE248,IncidentResponder,Escalated,2024-01-22 00:00:00,Completed,Yes,2024-01-23 00:00:00
WF750DE64A,EVTE925CB49,IncidentResponder,Initiated,2024-10-16 00:00:00,Failed,Yes,2024-10-16 20:00:00
WF8D334980,EVT1F27CF52,VendorAnalyzer,Initiated,2024-01-19 00:00:00,Completed,Yes,2024-01-19 12:00:00
WFBBC5D92C,EVT13AA27C4,CostOptimizer,Assigned,2024-05-10 00:00:00,Completed,No,
WFAE9D9A16,EVT74947764,CostOptimizer,Approved,2024-10-27 00:00:00,Completed,No,
WFF9853D56,EVT5A82D6B6,ApprovalEngine,Initiated,2024-06-03 00:00:00,In Progress,No,
WF72453385,EVTD179A7A2,ApprovalEngine,Assigned,2024-10-16 00:00:00,In Progress,Yes,2024-10-16 02:00:00
WFD5648A60,EVT77FD2FB9,RiskAssessment,Initiated,2024-09-22 00:00:00,Completed,Yes,2024-09-22 10:00:00
WF4A33B13E,EVT99906DB2,ProcurementBot,Escalated,2024-10-08 00:00:00,Completed,Yes,2024-10-08 17:00:00
WFA67C1552,EVT7816697A,DeliveryTracker,Approved,2024-07-14 00:00:00,Failed,No,
WF779F725A,EVT63C5A5AF,VendorAnalyzer,Rejected,2024-03-06 00:00:00,Completed,Yes,2024-03-06 23:00:00
WF4F9ABEC0,EVTFA9F441A,IncidentResponder,Updated,2024-05-09 00:00:00,In Progress,Yes,2024-05-09 01:00:00
WF4C14D045,EVTB90DEF63,DeliveryTracker,Escalated,2024-01-17 00:00:00,Completed,No,
WF0B448339,EVTFFD998A2,IncidentResponder,Updated,2024-09-30 00:00:00,Completed,Yes,2024-09-30 19:00:00
WF00F2A0F0,EVT5401EEC4,InventoryOptimizer,Rejected,2024-09-15 00:00:00,In Progress,No,
WF3B5989AC,EVT34B67976,IncidentResponder,Updated,2024-11-25 00:00:00,Failed,No,
WF83BC27C2,EVT7E541AA8,RiskAssessment,Initiated,2024-09-16 00:00:00,Completed,Yes,2024-09-17 00:00:00
WFDBE0F457,EVT04033D3B,InventoryOptimizer,Completed,2024-07-04 00:00:00,In Progress,No,
WFF3C1ABCD,EVT790749F4,DeliveryTracker,Reviewed,2024-09-24 00:00:00,Completed,Yes,2024-09-24 23:00:00
WFC7BD1B2E,EVT6FCB42D4,CostOptimizer,Initiated,2024-12-14 00:00:00,Completed,Yes,2024-12-14 22:00:00
WFA3997C89,EVT86510F5D,ApprovalEngine,Approved,2024-01-09 00:00:00,Completed,No,
WF92340CEA,EVT797A6BFF,VendorAnalyzer,Approved,2024-10-22 00:00:00,Completed,No,
WF98CBEAC3,EVT0BC4A8F5,CostOptimizer,Approved,2024-04-05 00:00:00,In Progress,Yes,2024-04-05 22:00:00
WFFDB8D788,EVT5166E3F1,ApprovalEngine,Rejected,2024-11-05 00:00:00,In Progress,No,
WF5DF101D8,EVT8EEE1390,IncidentResponder,Reviewed,2024-10-24 00:00:00,Completed,Yes,2024-10-24 05:00:00
WFAA557B38,EVT51D833E1,IncidentResponder,Approved,2024-07-21 00:00:00,Failed,No,
WF4994F9A2,EVT819F1DA2,IncidentResponder,Approved,2024-04-27 00:00:00,In Progress,No,
WF5AFCD6C0,EVT6E016484,InventoryOptimizer,Escalated,2024-05-06 00:00:00,In Progress,No,
WF0FA2CE87,EVT1EB6DCBE,ApprovalEngine,Escalated,2024-06-19 00:00:00,Completed,Yes,2024-06-19 14:00:00
WF90624DCB,EVTAEDDA505,IncidentResponder,Rejected,2024-09-19 00:00:00,Completed,Yes,2024-09-19 01:00:00
WFE80093BB,EVT752CC3AE,ApprovalEngine,Escalated,2024-12-01 00:00:00,Completed,No,
WF570809D2,EVT928A87AA,CostOptimizer,Updated,2024-05-21 00:00:00,Failed,Yes,2024-05-21 20:00:00
WFC5DED2E0,EVTCC187569,ProcurementBot,Approved,2024-08-25 00:00:00,Completed,Yes,2024-08-25 21:00:00
WF42453868,EVT0BB64C52,CostOptimizer,Approved,2024-03-20 00:00:00,Completed,No,
WF1133A4A3,EVT269A887A,CostOptimizer,Rejected,2024-06-03 00:00:00,Completed,Yes,2024-06-03 11:00:00
WFAB967DEC,EVT9DB81AD8,InventoryOptimizer,Rejected,2024-05-18 00:00:00,In Progress,No,
WF9968FDD6,EVT6E7459C2,InventoryOptimizer,Initiated,2024-09-05 00:00:00,Completed,No,
WF6E8B1F8E,EVT55F49E03,CostOptimizer,Initiated,2024-01-31 00:00:00,Completed,Yes,2024-01-31 05:00:00
WFD4104DC1,EVT22162AA4,VendorAnalyzer,Approved,2024-08-09 00:00:00,Completed,No,
WFC7540BF7,EVT34B67976,CostOptimizer,Escalated,2024-10-17 00:00:00,Completed,No,
WFDEF5F17B,EVTCF5AB24E,CostOptimizer,Escalated,2024-06-22 00:00:00,Completed,Yes,2024-06-22 03:00:00
WF52511E39,EVTC9D85025,ApprovalEngine,Reviewed,2024-07-07 00:00:00,Completed,No,
WF414318BE,EVTD5C359ED,DeliveryTracker,Initiated,2024-08-11 00:00:00,Completed,No,
WFFD2E4BF6,EVTACB89191,CostOptimizer,Completed,2024-08-15 00:00:00,Failed,No,
WFFD715A10,EVT12542E18,ApprovalEngine,Reviewed,2024-04-07 00:00:00,Completed,No,
WFC83DE0D6,EVT62B2C9AC,InventoryOptimizer,Assigned,2024-12-21 00:00:00,In Progress,Yes,2024-12-21 18:00:00
WFA7E98A9B,EVT15883082,VendorAnalyzer,Initiated,2024-09-20 00:00:00,Completed,Yes,2024-09-20 14:00:00
WF05558482,EVT2F9942D3,ApprovalEngine,Rejected,2024-08-17 00:00:00,Completed,No,
WF321E64E5,EVTBDD9DD4B,DeliveryTracker,Approved,2024-12-19 00:00:00,Completed,Yes,2024-12-19 04:00:00
WF72450D21,EVT6F7A4B71,VendorAnalyzer,Reviewed,2024-11-20 00:00:00,Completed,Yes,2024-11-20 15:00:00
WFAEBFA229,EVTD7DCCA10,ProcurementBot,Reviewed,2024-05-01 00:00:00,Completed,Yes,2024-05-01 08:00:00
WF7632A758,EVTA1539BCD,VendorAnalyzer,Escalated,2024-09-27 00:00:00,Completed,No,
WFF3605C48,EVTEFBBFBC1,VendorAnalyzer,Rejected,2024-09-14 00:00:00,In Progress,Yes,2024-09-14 06:00:00
WFD1226130,EVTAB34E6D9,VendorAnalyzer,Rejected,2024-07-30 00:00:00,Failed,No,
WF62BBCE2B,EVT628A2AFF,ProcurementBot,Initiated,2024-06-20 00:00:00,Failed,Yes,2024-06-20 12:00:00
WFAA28905B,EVT7E10F761,RiskAssessment,Updated,2024-11-19 00:00:00,Completed,Yes,2024-11-19 22:00:00
WF6C744243,EVT7B7A9896,CostOptimizer,Rejected,2024-01-03 00:00:00,Completed,No,
WF74B086F7,EVT8CCA7552,VendorAnalyzer,Reviewed,2024-08-10 00:00:00,In Progress,Yes,2024-08-10 18:00:00
WFA05044CA,EVT33F7BFBA,IncidentResponder,Assigned,2024-12-30 00:00:00,Completed,No,
WF2A0D74E4,EVTF9982AE7,InventoryOptimizer,Assigned,2024-08-26 00:00:00,Completed,No,
WF45E0D01D,EVT18E10A22,DeliveryTracker,Rejected,2024-08-27 00:00:00,Completed,No,
WFAE9CA88D,EVT1AF45ECA,IncidentResponder,Rejected,2024-11-25 00:00:00,In Progress,Yes,2024-11-25 11:00:00
WF1CF5E5AC,EVTF8A40877,VendorAnalyzer,Approved,2024-07-08 00:00:00,Completed,No,
WF3F26A1B1,EVTA7999D97,IncidentResponder,Escalated,2024-07-07 00:00:00,Completed,No,
WF490B0ABE,EVTDD5ECFBA,IncidentResponder,Escalated,2024-03-25 00:00:00,Completed,Yes,2024-03-25 13:00:00
WFFE0E9E3E,EVT5289F880,InventoryOptimizer,Updated,2024-01-14 00:00:00,Completed,No,
WF1E43AC40,EVTB583F72A,CostOptimizer,Assigned,2024-07-12 00:00:00,In Progress,No,
WF0518B1C4,EVT4DC61C17,CostOptimizer,Rejected,2024-10-29 00:00:00,Completed,Yes,2024-10-29 22:00:00
WFF2C0EA1F,EVT4BA50977,ProcurementBot,Assigned,2024-12-28 00:00:00,Completed,Yes,2024-12-28 02:00:00
WF7C2A7C9E,EVT56C607A8,VendorAnalyzer,Initiated,2024-04-07 00:00:00,In Progress,Yes,2024-04-07 07:00:00
WF81CD9951,EVTC16F9F33,RiskAssessment,Escalated,2024-09-20 00:00:00,Completed,Yes,2024-09-20 13:00:00
WF7DE471C6,EVT5118C910,DeliveryTracker,Approved,2024-11-24 00:00:00,Completed,No,
WF281DCD09,EVTF21BFA04,InventoryOptimizer,Rejected,2024-06-26 00:00:00,Completed,No,
WFF4BB9262,EVTC0802C51,RiskAssessment,Completed,2024-09-20 00:00:00,Completed,No,
WFE8AC9CCA,EVT72068A22,InventoryOptimizer,Initiated,2024-11-08 00:00:00,Failed,No,
WFA12CA289,EVTCC9ABADD,VendorAnalyzer,Initiated,2024-11-11 00:00:00,Completed,Yes,2024-11-11 03:00:00
WF38432317,EVTB2BFC55C,VendorAnalyzer,Rejected,2024-07-03 00:00:00,Completed,No,
WFEFDC6FB7,EVT83566D4F,IncidentResponder,Escalated,2024-06-10 00:00:00,In Progress,Yes,2024-06-10 07:00:00
WF7E674B43,EVT84266F36,VendorAnalyzer,Escalated,2024-12-15 00:00:00,Failed,No,
WF040529AA,EVT331CB103,RiskAssessment,Escalated,2024-09-10 00:00:00,Completed,No,
WF10E747F4,EVT9954A626,IncidentResponder,Completed,2024-03-28 00:00:00,Completed,Yes,2024-03-28 16:00:00
WF67DE27C1,EVT6DD5C955,ApprovalEngine,Updated,2024-11-07 00:00:00,In Progress,No,
WFB28CF325,EVTE7BAB9E1,InventoryOptimizer,Approved,2024-04-04 00:00:00,Completed,Yes,2024-04-04 22:00:00
WF222D19DE,EVTA0248686,RiskAssessment,Assigned,2024-02-23 00:00:00,Completed,No,
WF46BCF11B,EVT3F330145,InventoryOptimizer,Completed,2024-10-20 00:00:00,Completed,Yes,2024-10-20 18:00:00
WFF9C05C5E,EVTF7317516,ProcurementBot,Completed,2024-03-23 00:00:00,Completed,Yes,2024-03-23 12:00:00
WFC507841E,EVT2AD05CAF,IncidentResponder,Approved,2024-10-04 00:00:00,Completed,Yes,2024-10-04 13:00:00
WF6ABF6BF0,EVTB9F29A0F,IncidentResponder,Rejected,2024-01-23 00:00:00,Completed,Yes,2024-01-23 08:00:00
WF7E8BEE60,EVT5B6A562A,ProcurementBot,Escalated,2024-12-27 00:00:00,Completed,Yes,2024-12-28 00:00:00
WFBA0060EC,EVTE09DA5DF,DeliveryTracker,Reviewed,2024-08-27 00:00:00,In Progress,No,
WFF873D766,EVTE01A26DC,CostOptimizer,Initiated,2024-05-03 00:00:00,Completed,No,
WF4C4C3DC0,EVTEA1C92EB,IncidentResponder,Approved,2024-05-02 00:00:00,Completed,No,
WF93859B4A,EVTC8751F87,RiskAssessment,Updated,2024-08-06 00:00:00,Completed,No,
WF9FC3244F,EVT0872A9D5,VendorAnalyzer,Rejected,2024-04-16 00:00:00,In Progress,Yes,2024-04-16 05:00:00
WF90FDB2DD,EVT9A214F76,VendorAnalyzer,Escalated,2024-12-03 00:00:00,Completed,Yes,2024-12-03 12:00:00
WF75C35AE6,EVTE7274DB4,InventoryOptimizer,Completed,2024-11-10 00:00:00,Completed,Yes,2024-11-10 19:00:00
WF34F2E0BA,EVTEBC85180,VendorAnalyzer,Rejected,2024-06-05 00:00:00,Completed,No,
WFB60D6D58,EVTE1F8D476,ApprovalEngine,Completed,2024-01-22 00:00:00,Completed,Yes,2024-01-22 03:00:00
WF8F99FF4D,EVT03A0AEB0,IncidentResponder,Initiated,2024-01-30 00:00:00,Completed,No,
WF45EA060D,EVT4A02D357,VendorAnalyzer,Assigned,2024-08-05 00:00:00,Completed,No,
WF9F20C09B,EVT5256A8D4,ProcurementBot,Updated,2024-07-07 00:00:00,Completed,Yes,2024-07-07 06:00:00
WFB202908C,EVT2F9942D3,ApprovalEngine,Updated,2024-05-27 00:00:00,In Progress,Yes,2024-05-27 11:00:00
WF4981DBE6,EVTE949638B,ProcurementBot,Escalated,2024-04-17 00:00:00,Completed,No,
WF11672492,EVT4FCC1832,VendorAnalyzer,Assigned,2024-01-31 00:00:00,Completed,No,
WFAADF2E81,EVT5FE730F1,VendorAnalyzer,Rejected,2024-08-03 00:00:00,Completed,No,
WF746B9100,EVT3A427A59,DeliveryTracker,Completed,2024-04-23 00:00:00,Completed,No,
WF66A74A58,EVTAAFD86A3,CostOptimizer,Approved,2024-01-07 00:00:00,Completed,Yes,2024-01-07 22:00:00
WFD9FA201F,EVT5CDB8EDB,ProcurementBot,Reviewed,2024-07-18 00:00:00,Completed,No,
WFCCC6B78D,EVT4E74D5AD,ApprovalEngine,Updated,2024-12-07 00:00:00,Completed,No,
WFD0365D50,EVT932A371A,InventoryOptimizer,Initiated,2024-03-19 00:00:00,Completed,No,
WFC51F860F,EVT4E70FD8B,ApprovalEngine,Assigned,2024-04-28 00:00:00,Completed,No,
WF69A96BC9,EVT3D6DBB9C,VendorAnalyzer,Rejected,2024-04-05 00:00:00,Completed,Yes,2024-04-05 12:00:00
WFC483D90F,EVTB03D7CDA,RiskAssessment,Reviewed,2024-01-04 00:00:00,Completed,No,
WFC02278E7,EVT2C27A5E4,ApprovalEngine,Updated,2024-04-17 00:00:00,Completed,No,
WF3838608C,EVT3EEA3E2E,ApprovalEngine,Reviewed,2024-12-07 00:00:00,Completed,No,
WFAB30197B,EVTA376C5B8,CostOptimizer,Assigned,2024-02-29 00:00:00,In Progress,Yes,2024-02-29 05:00:00
WF4743E4B8,EVT5FDF582D,ProcurementBot,Assigned,2024-08-25 00:00:00,Completed,Yes,2024-08-25 07:00:00
WF164B027D,EVTA221D566,ProcurementBot,Escalated,2024-10-23 00:00:00,Completed,Yes,2024-10-23 21:00:00
WF1E306C88,EVT974F0ADC,DeliveryTracker,Updated,2024-08-18 00:00:00,Completed,No,
WF364DF3EE,EVTA91C8D67,ProcurementBot,Assigned,2024-02-28 00:00:00,Completed,No,
WF96551E7B,EVT5670430A,InventoryOptimizer,Rejected,2024-03-22 00:00:00,In Progress,No,
WFDBEAE61C,EVT80161D7E,ApprovalEngine,Completed,2024-07-16 00:00:00,Completed,No,
WF7C9883D0,EVTCBDD3D5D,DeliveryTracker,Initiated,2024-03-09 00:00:00,Completed,No,
WF3EBA81AC,EVT109C80C0,ApprovalEngine,Rejected,2024-08-25 00:00:00,Completed,Yes,2024-08-25 03:00:00
WF27ED160F,EVT63DA9A00,IncidentResponder,Completed,2024-10-04 00:00:00,Completed,No,
WF0EA018FB,EVT724982AB,IncidentResponder,Approved,2024-10-18 00:00:00,Completed,Yes,2024-10-18 17:00:00
WF76E6BF49,EVT2BFFAE52,CostOptimizer,Updated,2024-07-13 00:00:00,Completed,No,
WFCC4F9144,EVT447662DF,CostOptimizer,Completed,2024-07-05 00:00:00,Completed,No,
WF1AD3212A,EVT6750C78A,ApprovalEngine,Completed,2024-12-20 00:00:00,Completed,Yes,2024-12-20 19:00:00
WF7D3299DE,EVT1A72700F,CostOptimizer,Reviewed,2024-04-18 00:00:00,Completed,Yes,2024-04-19 00:00:00
WF617B8D5F,EVT86997DB5,RiskAssessment,Completed,2024-05-04 00:00:00,Completed,Yes,2024-05-04 22:00:00
WFA1CC90A3,EVT8FA8D20A,IncidentResponder,Escalated,2024-10-31 00:00:00,In Progress,No,
WFF461C0FA,EVTBB28C004,RiskAssessment,Escalated,2024-03-02 00:00:00,Completed,No,
WF76119D83,EVT5099FFD6,ProcurementBot,Updated,2024-07-22 00:00:00,Completed,No,
WFE5E1B6BB,EVT7D8A8C71,VendorAnalyzer,Completed,2024-01-20 00:00:00,Completed,No,
WFE48553F0,EVTFE62F8FA,CostOptimizer,Assigned,2024-03-04 00:00:00,Completed,Yes,2024-03-04 22:00:00
WFFD5B4322,EVT6BA1290C,IncidentResponder,Updated,2024-10-12 00:00:00,Completed,No,
WFDE28A25A,EVT93840050,InventoryOptimizer,Reviewed,2024-12-28 00:00:00,Failed,Yes,2024-12-29 00:00:00
WFBD0B2645,EVTB52B0983,IncidentResponder,Rejected,2024-08-10 00:00:00,Completed,Yes,2024-08-10 14:00:00
WF1F8FF05E,EVTD98ED97E,ProcurementBot,Escalated,2024-04-27 00:00:00,Completed,Yes,2024-04-27 19:00:00
WF2A423055,EVT64A31A67,InventoryOptimizer,Reviewed,2024-01-18 00:00:00,Failed,Yes,2024-01-19 00:00:00
WF55D4653D,EVT9E5C94DE,IncidentResponder,Escalated,2024-09-06 00:00:00,Completed,No,
WFC07A9ABC,EVTCE2D62E2,VendorAnalyzer,Assigned,2024-10-22 00:00:00,Completed,No,
WFA22712DC,EVTD58A1929,DeliveryTracker,Assigned,2024-02-09 00:00:00,In Progress,No,
WF24293F39,EVT954B5DA8,InventoryOptimizer,Completed,2024-05-29 00:00:00,Failed,Yes,2024-05-29 05:00:00
WF476FB68B,EVT8F67D29A,RiskAssessment,Approved,2024-06-23 00:00:00,Completed,No,
WF2D2FAD12,EVTDF31B8CA,IncidentResponder,Updated,2024-07-21 00:00:00,Completed,No,
WF6B020C7F,EVT34D59FC1,RiskAssessment,Updated,2024-05-31 00:00:00,In Progress,Yes,2024-05-31 16:00:00
WF2D1376A0,EVT5A94F283,IncidentResponder,Assigned,2024-09-16 00:00:00,Completed,No,
WFC61ADAE9,EVT444D98F4,CostOptimizer,Approved,2024-09-14 00:00:00,Completed,Yes,2024-09-14 02:00:00
WF038FD10A,EVT415A1B08,VendorAnalyzer,Escalated,2024-08-29 00:00:00,Completed,Yes,2024-08-29 17:00:00
WFC607D5A6,EVTA47DFDB7,InventoryOptimizer,Reviewed,2024-08-30 00:00:00,Completed,Yes,2024-08-30 07:00:00
WFC21731A7,EVT9A702DF6,IncidentResponder,Initiated,2024-08-03 00:00:00,Completed,No,
WF2295BC67,EVT2E649087,RiskAssessment,Completed,2024-10-20 00:00:00,Completed,No,
WFDCAC763C,EVT0002E837,ApprovalEngine,Rejected,2024-07-28 00:00:00,Completed,No,
WF420D29D7,EVT391CCBFA,IncidentResponder,Approved,2024-07-03 00:00:00,Completed,Yes,2024-07-03 10:00:00
WF7ACB99A5,EVT77FD2FB9,ProcurementBot,Updated,2024-09-29 00:00:00,Completed,Yes,2024-09-29 01:00:00
WF8A83EEA9,EVT23854570,CostOptimizer,Updated,2024-01-21 00:00:00,In Progress,No,
WFDC8B2C1B,EVT6F7B290F,ProcurementBot,Initiated,2024-07-05 00:00:00,Completed,No,
WF358D29F4,EVT9B6131D9,ProcurementBot,Updated,2024-08-13 00:00:00,Completed,Yes,2024-08-13 15:00:00
WFFCBA39D0,EVT5E05131A,RiskAssessment,Rejected,2024-05-17 00:00:00,Completed,No,
WF46785E95,EVT2636EE99,DeliveryTracker,Initiated,2024-06-06 00:00:00,Completed,No,
WF535D8F59,EVTEDEBE248,ProcurementBot,Rejected,2024-12-05 00:00:00,Completed,No,
WFC045E1F5,EVTD5DB6F00,VendorAnalyzer,Initiated,2024-12-03 00:00:00,Completed,No,
WF2FB54873,EVTB1A97FF6,DeliveryTracker,Rejected,2024-01-10 00:00:00,Completed,No,
WFB13B302E,EVTC85E2560,DeliveryTracker,Escalated,2024-07-09 00:00:00,In Progress,Yes,2024-07-09 07:00:00
WFADBA4FEC,EVT45CF60CD,ApprovalEngine,Completed,2024-08-14 00:00:00,Failed,No,
WF53647762,EVTE2D011D2,DeliveryTracker,Escalated,2024-08-19 00:00:00,Completed,No,
WF8F9DB000,EVT1CF68919,ProcurementBot,Initiated,2024-04-17 00:00:00,Completed,No,
WF0EB3DD97,EVTE89A3A7B,CostOptimizer,Updated,2024-09-28 00:00:00,Completed,Yes,2024-09-28 06:00:00
WFDF3332A7,EVTBEA8D5FC,ProcurementBot,Rejected,2024-04-08 00:00:00,In Progress,Yes,2024-04-08 20:00:00
WF00E79929,EVTCC9ABADD,CostOptimizer,Escalated,2024-03-21 00:00:00,Failed,Yes,2024-03-21 22:00:00
WF8D2DF693,EVTB4C95EE8,RiskAssessment,Assigned,2024-01-04 00:00:00,Completed,Yes,2024-01-04 17:00:00
WF57CF577E,EVTF49F9FD9,CostOptimizer,Rejected,2024-01-29 00:00:00,Completed,No,
WFD6C3F9F9,EVT9B566729,ProcurementBot,Escalated,2024-02-06 00:00:00,Completed,No,
WF1D972C16,EVTF5C2EA35,IncidentResponder,Reviewed,2024-05-01 00:00:00,Completed,Yes,2024-05-01 13:00:00
WF873DF838,EVT540FA63A,InventoryOptimizer,Reviewed,2024-10-27 00:00:00,Completed,Yes,2024-10-27 01:00:00
WF2C8184CC,EVT9C4D4A95,InventoryOptimizer,Approved,2024-07-15 00:00:00,Completed,Yes,2024-07-15 22:00:00
WF7F5BABD5,EVTB085BE38,InventoryOptimizer,Assigned,2024-07-30 00:00:00,Completed,No,
WF1B8875BF,EVTD9689A7B,VendorAnalyzer,Approved,2024-07-06 00:00:00,Completed,Yes,2024-07-06 12:00:00
WF961CBE67,EVTFB062093,ApprovalEngine,Approved,2024-10-11 00:00:00,Completed,No,
WF6DE59AA8,EVT6F8FC1D3,IncidentResponder,Initiated,2024-05-25 00:00:00,Completed,No,
WF676690F8,EVT57552EBB,InventoryOptimizer,Updated,2024-11-27 00:00:00,Completed,Yes,2024-11-27 21:00:00
WF3C0462A1,EVT31CB6572,IncidentResponder,Reviewed,2024-03-02 00:00:00,Completed,No,
WFE7D83C18,EVT8438D932,ProcurementBot,Completed,2024-09-22 00:00:00,Completed,Yes,2024-09-22 21:00:00
WF5171426F,EVT88369D54,VendorAnalyzer,Rejected,2024-07-04 00:00:00,Completed,Yes,2024-07-04 11:00:00
WF44EB23F6,EVT13BF7D24,CostOptimizer,Approved,2024-07-07 00:00:00,Completed,Yes,2024-07-07 17:00:00
WF598E6475,EVT934AFAD0,ApprovalEngine,Rejected,2024-11-01 00:00:00,Completed,No,
WF66FDC401,EVTC53921F4,RiskAssessment,Rejected,2024-08-25 00:00:00,Completed,No,
WFEC156DE6,EVT84F37A0E,IncidentResponder,Rejected,2024-12-08 00:00:00,Completed,No,
WF61E65D7F,EVTA6074695,DeliveryTracker,Approved,2024-02-10 00:00:00,Failed,No,
WF8199DBB4,EVTB83DFE33,RiskAssessment,Completed,2024-05-07 00:00:00,Completed,No,
WFEF4E5204,EVTED7AC308,IncidentResponder,Assigned,2024-06-02 00:00:00,Completed,Yes,2024-06-02 23:00:00
WFCCC9FA7C,EVTD2EEF994,ProcurementBot,Escalated,2024-04-01 00:00:00,Completed,No,
WF941476D8,EVT293CA5A3,IncidentResponder,Approved,2024-07-04 00:00:00,Completed,No,
WFF531FF8F,EVTCD6F42F8,CostOptimizer,Completed,2024-09-20 00:00:00,Completed,Yes,2024-09-20 13:00:00
WFE0532CAC,EVTD077D776,ProcurementBot,Approved,2024-04-30 00:00:00,In Progress,No,
WFC8D9E472,EVT26EC1887,RiskAssessment,Rejected,2024-03-01 00:00:00,Completed,No,
WF8078556B,EVT84BE0290,ApprovalEngine,Updated,2024-09-14 00:00:00,In Progress,No,
WFF5CEA6CC,EVT331CB103,IncidentResponder,Approved,2024-05-28 00:00:00,Completed,No,
WF5FC731B0,EVT9B621BFE,RiskAssessment,Rejected,2024-07-16 00:00:00,Completed,Yes,2024-07-16 11:00:00
WFC72ACE9A,EVTD541FB6D,VendorAnalyzer,Rejected,2024-05-17 00:00:00,Completed,Yes,2024-05-17 16:00:00
WF1A8BBED5,EVT9D5D130A,VendorAnalyzer,Completed,2024-09-27 00:00:00,In Progress,No,
WFE98542F6,EVTB9B8D94D,ApprovalEngine,Updated,2024-11-17 00:00:00,Failed,Yes,2024-11-17 21:00:00
WF72F16F09,EVT13288052,IncidentResponder,Approved,2024-07-14 00:00:00,Completed,Yes,2024-07-14 17:00:00
WF8CE4707A,EVT1C7C8BE5,VendorAnalyzer,Reviewed,2024-02-10 00:00:00,Completed,No,
WF8369A198,EVTB83DFE33,ApprovalEngine,Updated,2024-01-01 00:00:00,Completed,No,
WFB3B36267,EVT85F85EAB,RiskAssessment,Updated,2024-09-26 00:00:00,Failed,Yes,2024-09-26 03:00:00
WFFFAAD7AB,EVT641FED29,CostOptimizer,Rejected,2024-02-13 00:00:00,Completed,No,
WF5136235E,EVT58129487,VendorAnalyzer,Reviewed,2024-01-18 00:00:00,Completed,No,
WF72262D13,EVT62A6A692,CostOptimizer,Assigned,2024-04-30 00:00:00,Completed,No,
WF088E908B,EVTA3C83D88,DeliveryTracker,Approved,2024-08-27 00:00:00,Completed,No,
WFE9B2CD87,EVT5740AE47,InventoryOptimizer,Reviewed,2024-02-16 00:00:00,Completed,Yes,2024-02-16 16:00:00
WF61D00CC0,EVT45023245,ApprovalEngine,Initiated,2024-08-18 00:00:00,Completed,Yes,2024-08-18 04:00:00
WF9DF0671D,EVTBE94E6E4,ProcurementBot,Initiated,2024-12-30 00:00:00,Completed,No,
WF9F90D053,EVTD154D5FB,IncidentResponder,Updated,2024-04-11 00:00:00,Completed,Yes,2024-04-11 04:00:00
WF7EA0F4E7,EVT257391ED,DeliveryTracker,Assigned,2024-02-22 00:00:00,Completed,No,
WF5301FE45,EVT28518CB2,CostOptimizer,Reviewed,2024-08-19 00:00:00,Completed,No,
WF60FD55F4,EVTF3A3EF80,CostOptimizer,Rejected,2024-05-05 00:00:00,Completed,Yes,2024-05-05 06:00:00
WF2D0C3205,EVT9ED5AD7A,VendorAnalyzer,Escalated,2024-04-11 00:00:00,Completed,Yes,2024-04-11 23:00:00
WF9FA3226A,EVT256B5F5B,RiskAssessment,Escalated,2024-11-09 00:00:00,In Progress,No,
WFC97FBBC5,EVTEE82342B,DeliveryTracker,Initiated,2024-10-05 00:00:00,Completed,No,
WF6E11B94F,EVTCAA57933,RiskAssessment,Updated,2024-10-13 00:00:00,Completed,No,
WF387FA46D,EVT32D8901D,ProcurementBot,Updated,2024-09-23 00:00:00,Completed,No,
WF68B0F13A,EVT7D89AA06,CostOptimizer,Rejected,2024-10-17 00:00:00,Completed,Yes,2024-10-17 14:00:00
WF45E5AD86,EVT301C280D,CostOptimizer,Initiated,2024-11-19 00:00:00,Completed,Yes,2024-11-19 18:00:00
WF7E8A6D3B,EVTE54806A1,RiskAssessment,Escalated,2024-02-09 00:00:00,Completed,No,
WFB450E604,EVTAC5A851A,CostOptimizer,Approved,2024-06-16 00:00:00,Completed,Yes,2024-06-16 09:00:00
WFE6406165,EVT79E400C8,RiskAssessment,Reviewed,2024-05-13 00:00:00,Completed,No,
WFB76D18A4,EVTD2A9CFDA,RiskAssessment,Updated,2024-01-11 00:00:00,Completed,Yes,2024-01-11 18:00:00
WF5C04CAC6,EVTAC434D26,VendorAnalyzer,Assigned,2024-09-08 00:00:00,Completed,Yes,2024-09-08 22:00:00
WF0BDB16F1,EVTC53921F4,ProcurementBot,Escalated,2024-11-29 00:00:00,Completed,Yes,2024-11-29 05:00:00
WF368D539D,EVTFC983958,CostOptimizer,Reviewed,2024-11-20 00:00:00,Completed,Yes,2024-11-20 19:00:00
WFE3472ABF,EVT51F30D75,DeliveryTracker,Rejected,2024-02-04 00:00:00,Completed,Yes,2024-02-04 09:00:00
WF0BCFF67F,EVTAD500FE9,RiskAssessment,Assigned,2024-01-02 00:00:00,Completed,Yes,2024-01-02 06:00:00
WF34630B4F,EVT5A6F4DF8,VendorAnalyzer,Completed,2024-02-16 00:00:00,Completed,No,
WF5CE8A289,EVTCD6F42F8,DeliveryTracker,Assigned,2024-12-22 00:00:00,Completed,Yes,2024-12-22 13:00:00
WFDA6FCB32,EVT6099EDE3,IncidentResponder,Reviewed,2024-07-23 00:00:00,Completed,Yes,2024-07-23 19:00:00
WFFB3943E7,EVT45566CFB,RiskAssessment,Reviewed,2024-12-13 00:00:00,Completed,No,
WF8E5B3CE8,EVT6E971D0F,ApprovalEngine,Reviewed,2024-03-22 00:00:00,Completed,Yes,2024-03-22 03:00:00
WF3B81456D,EVTA20B7FF4,DeliveryTracker,Updated,2024-04-05 00:00:00,In Progress,Yes,2024-04-05 15:00:00
WF60751D7E,EVT95F57A45,DeliveryTracker,Completed,2024-05-11 00:00:00,Failed,No,
WF1A13E2FA,EVT0BB50275,InventoryOptimizer,Completed,2024-03-26 00:00:00,Completed,No,
WFF03B9870,EVT6C770F05,CostOptimizer,Rejected,2024-02-23 00:00:00,Completed,Yes,2024-02-23 23:00:00
WF38118AEF,EVTFA58A2C9,ApprovalEngine,Approved,2024-10-22 00:00:00,Failed,No,
WFB0AE770C,EVTA4FE8B22,RiskAssessment,Updated,2024-05-27 00:00:00,Completed,Yes,2024-05-27 15:00:00
WF968CFD98,EVTDD9E150C,ProcurementBot,Rejected,2024-09-30 00:00:00,Completed,Yes,2024-09-30 02:00:00
WFF2475C7A,EVT5BE13945,IncidentResponder,Completed,2024-05-21 00:00:00,In Progress,No,
WFD97DA7D7,EVT5A450240,IncidentResponder,Initiated,2024-05-10 00:00:00,Failed,Yes,2024-05-10 17:00:00
WFB3917BAA,EVT75EF0942,VendorAnalyzer,Initiated,2024-10-15 00:00:00,Completed,Yes,2024-10-15 20:00:00
WF8109073B,EVT043F5775,DeliveryTracker,Escalated,2024-07-16 00:00:00,Failed,No,
WF0AFD9D74,EVT4E4ADD59,CostOptimizer,Updated,2024-04-21 00:00:00,Completed,No,
WF8210A9EA,EVTF8B509C5,ApprovalEngine,Rejected,2024-07-06 00:00:00,Completed,No,
WFD10DA045,EVT01FBF598,IncidentResponder,Rejected,2024-01-03 00:00:00,In Progress,No,
WF2117BE10,EVT9F9706F7,RiskAssessment,Reviewed,2024-07-23 00:00:00,Completed,No,
WF4E2B8EA3,EVT7A187F6C,ProcurementBot,Updated,2024-12-14 00:00:00,Completed,No,
WF7CAB9233,EVT59EB122D,InventoryOptimizer,Escalated,2024-11-03 00:00:00,Completed,No,
WF62A3A8B6,EVTC9D85025,RiskAssessment,Escalated,2024-06-26 00:00:00,Completed,Yes,2024-06-26 21:00:00
WF3854E024,EVT1154A88B,InventoryOptimizer,Reviewed,2024-05-27 00:00:00,Completed,No,
WF3AD72864,EVT4154B09F,ApprovalEngine,Updated,2024-04-18 00:00:00,Completed,Yes,2024-04-18 02:00:00
WFB91617A6,EVT1637309F,InventoryOptimizer,Reviewed,2024-05-01 00:00:00,Completed,No,
WFE77F120B,EVT9BFB5C1A,DeliveryTracker,Reviewed,2024-07-24 00:00:00,Completed,No,
WF39DFAF40,EVT00A72509,VendorAnalyzer,Rejected,2024-04-22 00:00:00,Completed,No,
WFD285B0EC,EVT695335FF,DeliveryTracker,Assigned,2024-05-14 00:00:00,Completed,No,
WFDC9173CB,EVTCF44DE1E,InventoryOptimizer,Reviewed,2024-12-09 00:00:00,Completed,Yes,2024-12-09 07:00:00
WF438547CB,EVT11291063,IncidentResponder,Assigned,2024-07-05 00:00:00,Completed,Yes,2024-07-05 20:00:00
WF8EE8C837,EVT7FFFB64C,VendorAnalyzer,Reviewed,2024-09-26 00:00:00,Completed,Yes,2024-09-26 23:00:00
WFE6E72BC6,EVTFF3E5FCD,RiskAssessment,Updated,2024-10-19 00:00:00,Completed,Yes,2024-10-19 03:00:00
WF3BC94982,EVT06B49780,VendorAnalyzer,Reviewed,2024-04-17 00:00:00,Completed,No,
WFE952B033,EVT5648AEFC,RiskAssessment,Initiated,2024-02-27 00:00:00,Completed,No,
WFA2EF8AB0,EVTA4FE8B22,ApprovalEngine,Reviewed,2024-01-10 00:00:00,Completed,No,
WF41BBDF4B,EVTAD5240D9,CostOptimizer,Initiated,2024-05-08 00:00:00,Completed,No,
WF7C94E355,EVTB2112E4E,CostOptimizer,Reviewed,2024-03-28 00:00:00,Completed,Yes,2024-03-28 18:00:00
WF9009DDFC,EVT142215C7,InventoryOptimizer,Completed,2024-10-07 00:00:00,Completed,Yes,2024-10-07 09:00:00
WF658C2C36,EVTB5AAA267,RiskAssessment,Escalated,2024-09-19 00:00:00,Completed,No,
WFF0244BA8,EVTDC2CBB79,RiskAssessment,Initiated,2024-07-09 00:00:00,In Progress,No,
WF54A6A012,EVT7468801B,ProcurementBot,Rejected,2024-12-28 00:00:00,Completed,No,
WF720C8219,EVT0FC77E6F,ApprovalEngine,Initiated,2024-11-25 00:00:00,Completed,Yes,2024-11-25 18:00:00
WF56A2494B,EVT2F85AC10,IncidentResponder,Completed,2024-10-13 00:00:00,Completed,No,
WF8619322C,EVT8939EF0A,InventoryOptimizer,Reviewed,2024-08-22 00:00:00,Completed,No,
WF395C8C3D,EVT80990071,IncidentResponder,Updated,2024-02-13 00:00:00,Completed,No,
WF73F89242,EVTDF6B68D2,CostOptimizer,Assigned,2024-07-31 00:00:00,Failed,No,
WFF5F0CB85,EVT4EBAF2B2,ProcurementBot,Reviewed,2024-01-04 00:00:00,Completed,Yes,2024-01-05 00:00:00
WF9A134D95,EVT5DA3C7B3,InventoryOptimizer,Approved,2024-06-29 00:00:00,In Progress,Yes,2024-06-29 19:00:00
WFBC4FE49B,EVT2A14BC17,ApprovalEngine,Escalated,2024-06-18 00:00:00,In Progress,No,
WF10A45970,EVTF3626324,InventoryOptimizer,Escalated,2024-03-20 00:00:00,Completed,No,
WF5D86588C,EVTA3BC653B,ApprovalEngine,Escalated,2024-11-14 00:00:00,In Progress,Yes,2024-11-14 22:00:00
WF47246DF4,EVTF9FDBD27,ProcurementBot,Reviewed,2024-04-23 00:00:00,Completed,Yes,2024-04-23 12:00:00
WFD8CA6C5D,EVT709941A0,DeliveryTracker,Completed,2024-09-07 00:00:00,In Progress,No,
WFBAFB3A02,EVT0587BA0F,CostOptimizer,Escalated,2024-05-11 00:00:00,Completed,Yes,2024-05-11 20:00:00
WF3AA85957,EVT661FC1FB,DeliveryTracker,Initiated,2024-07-21 00:00:00,Completed,No,
WF51B2BA9A,EVTC55A4E9B,ApprovalEngine,Assigned,2024-10-18 00:00:00,Completed,Yes,2024-10-18 12:00:00
WF7FD7DE11,EVTC9F020A5,ApprovalEngine,Updated,2024-09-13 00:00:00,In Progress,Yes,2024-09-13 13:00:00
WF30350500,EVTCD6F42F8,VendorAnalyzer,Completed,2024-05-28 00:00:00,In Progress,Yes,2024-05-28 05:00:00
WF6895F93F,EVT57FFCE32,ProcurementBot,Reviewed,2024-07-21 00:00:00,Completed,No,
WF1E345275,EVT2CD70FB9,InventoryOptimizer,Escalated,2024-04-05 00:00:00,Completed,No,
WF1424FAA6,EVTCCA91E1A,DeliveryTracker,Approved,2024-04-19 00:00:00,Completed,Yes,2024-04-19 07:00:00
WF74627849,EVT5401EEC4,DeliveryTracker,Completed,2024-05-01 00:00:00,Completed,Yes,2024-05-01 22:00:00
WF1813036F,EVTBE349A13,InventoryOptimizer,Reviewed,2024-01-30 00:00:00,Failed,No,
WFF8A5B700,EVTF89167B7,DeliveryTracker,Updated,2024-09-17 00:00:00,Completed,No,
WF815D2426,EVT199D87F7,CostOptimizer,Initiated,2024-11-17 00:00:00,Completed,Yes,2024-11-17 14:00:00
WF0A708B7A,EVT650E76E7,RiskAssessment,Assigned,2024-05-07 00:00:00,Completed,No,
WF5F8EE888,EVT9ED05DD7,RiskAssessment,Completed,2024-07-14 00:00:00,Completed,Yes,2024-07-14 14:00:00
WF17DFD7BE,EVTF927E7B3,VendorAnalyzer,Assigned,2024-12-29 00:00:00,Failed,Yes,2024-12-29 08:00:00
WF20AB1D12,EVT1A69D77E,ApprovalEngine,Reviewed,2024-06-25 00:00:00,Completed,No,
WF7F053F94,EVT88449836,IncidentResponder,Assigned,2024-01-07 00:00:00,Completed,No,
WFE8AFF602,EVT5875DDDB,DeliveryTracker,Reviewed,2024-11-29 00:00:00,Completed,No,
WFDAD583CB,EVTEA7782BB,InventoryOptimizer,Assigned,2024-07-05 00:00:00,In Progress,No,
WFE093E411,EVT08AE232D,InventoryOptimizer,Assigned,2024-12-14 00:00:00,Failed,Yes,2024-12-14 07:00:00
WFA977C2CB,EVT7A6E365D,IncidentResponder,Updated,2024-06-15 00:00:00,Completed,No,
WF541E8EAE,EVT868A26D9,CostOptimizer,Approved,2024-09-20 00:00:00,In Progress,Yes,2024-09-20 22:00:00
WF162B310E,EVT2DC9B5FA,RiskAssessment,Escalated,2024-04-07 00:00:00,Completed,Yes,2024-04-07 16:00:00
WF08499A30,EVTE5B9B19D,DeliveryTracker,Completed,2024-07-23 00:00:00,Completed,No,
WF507B323F,EVT415DDDF7,VendorAnalyzer,Approved,2024-06-26 00:00:00,Completed,No,
WFEFEF94E7,EVT393FE530,VendorAnalyzer,Rejected,2024-09-16 00:00:00,Failed,No,
WF3C414F75,EVT5EC295FD,DeliveryTracker,Updated,2024-09-16 00:00:00,Completed,Yes,2024-09-16 02:00:00
WF02C20A83,EVTBC6EE731,InventoryOptimizer,Approved,2024-06-18 00:00:00,Completed,Yes,2024-06-18 02:00:00
WF175D725C,EVTB4C95EE8,VendorAnalyzer,Assigned,2024-04-01 00:00:00,Completed,No,
WFF2D75631,EVTCB0F5F2F,DeliveryTracker,Updated,2024-02-26 00:00:00,Completed,No,
WF9B218F51,EVT7E4151FD,InventoryOptimizer,Reviewed,2024-11-06 00:00:00,Completed,No,
WFEF261B42,EVTF83D60A4,InventoryOptimizer,Assigned,2024-12-26 00:00:00,Completed,No,
WFC30D4749,EVTFA081967,VendorAnalyzer,Completed,2024-02-10 00:00:00,Completed,Yes,2024-02-10 07:00:00
WF4B2D4344,EVT14482D27,DeliveryTracker,Assigned,2024-01-18 00:00:00,Failed,No,
WFC67B0511,EVT5408DD21,ProcurementBot,Assigned,2024-09-28 00:00:00,Failed,Yes,2024-09-28 14:00:00
WF3874935E,EVT85842B23,DeliveryTracker,Updated,2024-09-15 00:00:00,Completed,No,
WFD1CFBCBB,EVT691D1D1B,InventoryOptimizer,Approved,2024-11-04 00:00:00,Completed,Yes,2024-11-04 02:00:00
WF7E5913C6,EVT7A5E7A7A,ProcurementBot,Assigned,2024-10-30 00:00:00,Completed,Yes,2024-10-30 09:00:00
WF3368441B,EVT458F9E07,VendorAnalyzer,Approved,2024-12-17 00:00:00,Completed,Yes,2024-12-17 10:00:00
WFEC54656E,EVTE5481CA1,InventoryOptimizer,Initiated,2024-09-12 00:00:00,In Progress,Yes,2024-09-12 03:00:00
WF6E081202,EVTB0DFBF01,CostOptimizer,Reviewed,2024-12-09 00:00:00,Completed,No,
WF64B30AB4,EVT1CD47EAA,CostOptimizer,Completed,2024-09-20 00:00:00,Completed,Yes,2024-09-20 16:00:00
WFCE5DBD71,EVT7507AF35,InventoryOptimizer,Updated,2024-04-22 00:00:00,Completed,No,
WF99D34F84,EVT1F72A18D,ApprovalEngine,Approved,2024-08-01 00:00:00,Completed,Yes,2024-08-01 02:00:00
WF307AA13A,EVTAA328359,ApprovalEngine,Updated,2024-01-28 00:00:00,Completed,Yes,2024-01-28 04:00:00
WFA1C3CA01,EVT577F876A,VendorAnalyzer,Reviewed,2024-07-03 00:00:00,Completed,No,
WFB75E98D3,EVTEDFD4E92,ApprovalEngine,Completed,2024-09-02 00:00:00,In Progress,No,
WF823233B4,EVTDC2CBB79,InventoryOptimizer,Updated,2024-04-05 00:00:00,Completed,Yes,2024-04-05 01:00:00
WF4CA44087,EVTD373087E,DeliveryTracker,Escalated,2024-08-19 00:00:00,Completed,Yes,2024-08-19 04:00:00
WF6FD37C06,EVTD581989A,InventoryOptimizer,Assigned,2024-05-09 00:00:00,Completed,Yes,2024-05-09 04:00:00
WF75DECA58,EVTC27705B8,VendorAnalyzer,Reviewed,2024-11-14 00:00:00,In Progress,No,
WFFB742146,EVTF17B00F5,ApprovalEngine,Reviewed,2024-05-08 00:00:00,Completed,No,
WFC960DAAF,EVTF9FDBD27,ProcurementBot,Rejected,2024-03-16 00:00:00,Completed,Yes,2024-03-16 23:00:00
WF52E1CDC4,EVTED122E85,ProcurementBot,Rejected,2024-03-27 00:00:00,Completed,Yes,2024-03-27 23:00:00
WFAD317A48,EVT0129B837,DeliveryTracker,Reviewed,2024-07-04 00:00:00,Completed,No,
WF97163795,EVT1C7C8BE5,InventoryOptimizer,Updated,2024-10-12 00:00:00,Completed,No,
WF296CEC89,EVTC029FFA0,ApprovalEngine,Completed,2024-11-05 00:00:00,Completed,No,
WFE6242663,EVT0888B55C,VendorAnalyzer,Escalated,2024-09-13 00:00:00,Completed,Yes,2024-09-13 14:00:00
WF359EF6E8,EVTE40FD408,ProcurementBot,Escalated,2024-04-26 00:00:00,Completed,No,
WF56EB2969,EVT33F7BFBA,CostOptimizer,Updated,2024-12-19 00:00:00,Completed,Yes,2024-12-19 14:00:00
WF34155672,EVTDF6B68D2,InventoryOptimizer,Assigned,2024-11-30 00:00:00,In Progress,No,
WF3523CA82,EVT51F30D75,CostOptimizer,Completed,2024-03-20 00:00:00,Failed,No,
WF06E8356C,EVT1AFF8AB3,ProcurementBot,Escalated,2024-01-21 00:00:00,In Progress,No,
WFFF0929DE,EVTE9B86411,CostOptimizer,Approved,2024-09-16 00:00:00,Completed,Yes,2024-09-16 17:00:00
WF51C21013,EVTF9EB71D4,IncidentResponder,Escalated,2024-11-22 00:00:00,Completed,Yes,2024-11-22 11:00:00
WF4E284CED,EVT976AE462,CostOptimizer,Escalated,2024-04-23 00:00:00,Completed,Yes,2024-04-23 12:00:00
WF886FA87C,EVT3C7AE65B,VendorAnalyzer,Approved,2024-01-05 00:00:00,In Progress,No,
WF9A2526EA,EVTC9A91A67,RiskAssessment,Reviewed,2024-02-11 00:00:00,Completed,No,
WFB2BCFA78,EVTA409546F,ProcurementBot,Reviewed,2024-08-05 00:00:00,Completed,No,
WFF18AEA6C,EVT9435B53D,RiskAssessment,Updated,2024-08-27 00:00:00,Completed,No,
WF8FFE03BC,EVT3EEA3E2E,VendorAnalyzer,Rejected,2024-01-19 00:00:00,Completed,No,
WFBBA5C659,EVT5875DDDB,RiskAssessment,Rejected,2024-01-25 00:00:00,Completed,Yes,2024-01-25 21:00:00
WF8A9A6013,EVT8BBFC43B,InventoryOptimizer,Approved,2024-09-15 00:00:00,In Progress,No,
WF62D73EBC,EVTF451D955,DeliveryTracker,Reviewed,2024-01-18 00:00:00,Completed,No,
WF1F3B2771,EVTA0851479,RiskAssessment,Escalated,2024-01-02 00:00:00,Completed,No,
WFB2700DCD,EVT21DAA52B,CostOptimizer,Initiated,2024-10-23 00:00:00,In Progress,Yes,2024-10-23 08:00:00
WFCF0C89CE,EVTDF0AD043,RiskAssessment,Rejected,2024-05-31 00:00:00,Completed,No,
WF02A00919,EVTCA778FCB,InventoryOptimizer,Escalated,2024-11-06 00:00:00,Completed,Yes,2024-11-06 16:00:00
WFE9C65BF7,EVT78512D0B,CostOptimizer,Initiated,2024-04-04 00:00:00,Completed,Yes,2024-04-04 17:00:00
WFD26F169F,EVT146C9FA8,CostOptimizer,Reviewed,2024-05-25 00:00:00,Failed,No,
WF075C97FE,EVT98646397,IncidentResponder,Completed,2024-05-24 00:00:00,Completed,No,
WFC41497CC,EVT191B2189,IncidentResponder,Initiated,2024-08-17 00:00:00,Completed,Yes,2024-08-17 04:00:00
WF2D6AE879,EVT7816697A,VendorAnalyzer,Escalated,2024-11-14 00:00:00,Completed,No,
WF9E55BFBE,EVTA83096FC,DeliveryTracker,Reviewed,2024-01-08 00:00:00,Completed,No,
WFE72B4BD3,EVTA357774E,DeliveryTracker,Completed,2024-07-10 00:00:00,Completed,No,
WF94DF2090,EVT84AC9AAC,RiskAssessment,Rejected,2024-12-10 00:00:00,Completed,No,
WFD79A4960,EVTA273BF42,ProcurementBot,Reviewed,2024-07-09 00:00:00,Completed,Yes,2024-07-09 04:00:00
WF7A57AA77,EVT016E4C3C,DeliveryTracker,Escalated,2024-09-24 00:00:00,Completed,No,
WFB8B91321,EVT66E55453,ProcurementBot,Approved,2024-12-21 00:00:00,Completed,No,
WF231A159D,EVT65DC1598,DeliveryTracker,Updated,2024-12-30 00:00:00,Completed,No,
WF21DC214A,EVT01330DB7,InventoryOptimizer,Reviewed,2024-09-04 00:00:00,Completed,No,
WFF9FAFF7B,EVT0FA06C55,ProcurementBot,Rejected,2024-11-09 00:00:00,In Progress,Yes,2024-11-09 15:00:00
WF59240088,EVTDFC07F96,ApprovalEngine,Rejected,2024-08-27 00:00:00,Completed,Yes,2024-08-27 23:00:00
WF2F9DCE52,EVT6ACADB41,VendorAnalyzer,Updated,2024-06-28 00:00:00,Completed,Yes,2024-06-28 08:00:00
WFB794ED04,EVT83566D4F,VendorAnalyzer,Approved,2024-08-01 00:00:00,Completed,Yes,2024-08-01 08:00:00
WF2E6ECC31,EVTE03A0FEF,IncidentResponder,Reviewed,2024-01-16 00:00:00,In Progress,Yes,2024-01-16 19:00:00
WF06F556FC,EVTE0811C06,ApprovalEngine,Completed,2024-07-18 00:00:00,Completed,Yes,2024-07-18 02:00:00
WFACE16270,EVT80990071,RiskAssessment,Approved,2024-07-25 00:00:00,Completed,Yes,2024-07-25 21:00:00
WFBCBD9C67,EVT495CA53B,CostOptimizer,Assigned,2024-08-13 00:00:00,Completed,Yes,2024-08-13 05:00:00
WF2330E340,EVT38721934,ProcurementBot,Escalated,2024-12-15 00:00:00,Completed,Yes,2024-12-15 23:00:00
WF48A65F73,EVT0988472A,ProcurementBot,Updated,2024-10-01 00:00:00,Completed,No,
WF4142BDBD,EVT6AE744C4,InventoryOptimizer,Completed,2024-04-21 00:00:00,Completed,Yes,2024-04-21 14:00:00
WF7E9A1F2F,EVT5088FC67,ProcurementBot,Assigned,2024-12-26 00:00:00,Failed,No,
WFB24CE610,EVT2AD05CAF,ApprovalEngine,Escalated,2024-11-07 00:00:00,Completed,Yes,2024-11-07 07:00:00
WF0A6A73B8,EVTD9F3568B,DeliveryTracker,Approved,2024-02-19 00:00:00,In Progress,Yes,2024-02-20 00:00:00
WF76F37606,EVT67243B7B,DeliveryTracker,Initiated,2024-11-15 00:00:00,Completed,Yes,2024-11-15 14:00:00
WF00D043E0,EVTE3AFDFAE,VendorAnalyzer,Assigned,2024-10-17 00:00:00,Completed,No,
WF08EB3968,EVT67F752A2,ApprovalEngine,Escalated,2024-12-08 00:00:00,Completed,No,
WF6CA52A6E,EVTF46678B4,InventoryOptimizer,Rejected,2024-08-19 00:00:00,Completed,No,
WF55721994,EVT428B233D,ApprovalEngine,Assigned,2024-04-21 00:00:00,Completed,No,
WF9D96E873,EVT113BB4DF,VendorAnalyzer,Reviewed,2024-07-07 00:00:00,In Progress,Yes,2024-07-07 23:00:00
WF137FF54A,EVT09F1A16A,DeliveryTracker,Rejected,2024-04-17 00:00:00,Completed,No,
WF48B11EC2,EVT2B61AF9A,ApprovalEngine,Rejected,2024-08-11 00:00:00,Completed,No,
WFA83A0E4C,EVT72E0CC8C,IncidentResponder,Rejected,2024-11-27 00:00:00,Completed,No,
WF55FA8A07,EVTB8D2AEB8,ApprovalEngine,Completed,2024-12-02 00:00:00,Failed,No,
WF1A5CFA4F,EVTC0802C51,ProcurementBot,Reviewed,2024-01-09 00:00:00,Completed,No,
WF6C3C33FB,EVTDF9D5EE5,ProcurementBot,Rejected,2024-07-29 00:00:00,Completed,No,
WFD981DF52,EVT7CCEFF5C,ApprovalEngine,Rejected,2024-06-27 00:00:00,In Progress,No,
WFFA837FA7,EVTDDFD74C8,IncidentResponder,Rejected,2024-02-06 00:00:00,Completed,No,
WFF69911CD,EVTD659745D,IncidentResponder,Approved,2024-12-23 00:00:00,Completed,No,
WF3D3033C4,EVT0C101F6E,DeliveryTracker,Approved,2024-09-23 00:00:00,Completed,No,
WF82017362,EVTCB7A62E9,IncidentResponder,Rejected,2024-12-22 00:00:00,Completed,No,
WF527B47B7,EVTC10C08B4,InventoryOptimizer,Approved,2024-12-06 00:00:00,Completed,No,
WFF881A89E,EVT5B9AC078,DeliveryTracker,Reviewed,2024-07-12 00:00:00,Failed,No,
WF80693356,EVT661FC1FB,DeliveryTracker,Rejected,2024-07-10 00:00:00,Completed,Yes,2024-07-10 08:00:00
WFD37D5366,EVTAE836A53,DeliveryTracker,Escalated,2024-06-02 00:00:00,Completed,No,
WF6AF33D23,EVTBB8A7C2A,InventoryOptimizer,Initiated,2024-03-18 00:00:00,Completed,Yes,2024-03-18 07:00:00
WF625A8A8D,EVT85E47778,VendorAnalyzer,Reviewed,2024-04-29 00:00:00,Completed,No,
WF35816DCE,EVT817C0D2A,RiskAssessment,Updated,2024-06-10 00:00:00,Completed,No,
WFED50E502,EVTA618C6F5,RiskAssessment,Approved,2024-04-22 00:00:00,Completed,No,
WFFEC0A67E,EVTD373087E,ProcurementBot,Approved,2024-02-20 00:00:00,Completed,No,
WF298215CE,EVT1157F13C,DeliveryTracker,Reviewed,2024-09-19 00:00:00,Completed,No,
WF826E894A,EVTA1539BCD,VendorAnalyzer,Escalated,2024-12-02 00:00:00,Completed,No,
WF25507F13,EVT78E0731B,InventoryOptimizer,Approved,2024-11-19 00:00:00,In Progress,No,
WF316E2F79,EVT25F552D0,IncidentResponder,Approved,2024-12-26 00:00:00,Completed,No,
WFD738C08B,EVTFD99F8F7,InventoryOptimizer,Updated,2024-04-21 00:00:00,Completed,No,
WFE883293B,EVTA1F7E20A,DeliveryTracker,Rejected,2024-06-10 00:00:00,Completed,Yes,2024-06-10 03:00:00
WF70324BCE,EVT25D6CF15,CostOptimizer,Assigned,2024-12-03 00:00:00,Completed,No,
WF4E73A478,EVTD320F7D3,VendorAnalyzer,Escalated,2024-04-27 00:00:00,Completed,No,
WF7F2DB788,EVT1948687D,ApprovalEngine,Initiated,2024-07-28 00:00:00,In Progress,Yes,2024-07-28 12:00:00
WF93211541,EVTC8881C26,ProcurementBot,Approved,2024-07-17 00:00:00,In Progress,Yes,2024-07-17 15:00:00
WF113D82D7,EVT3D069B6B,IncidentResponder,Rejected,2024-03-30 00:00:00,Completed,Yes,2024-03-30 22:00:00
WF8CE2EBB9,EVT5D984AFD,RiskAssessment,Completed,2024-03-23 00:00:00,Completed,No,
WFCE205CDE,EVT0974BA8D,RiskAssessment,Escalated,2024-12-17 00:00:00,Completed,Yes,2024-12-17 17:00:00
WFC49D03B2,EVT3B8475BE,ProcurementBot,Assigned,2024-05-15 00:00:00,In Progress,Yes,2024-05-15 19:00:00
WFBF5F2F72,EVTF6E96EE5,DeliveryTracker,Updated,2024-09-30 00:00:00,In Progress,No,
WF587E6D37,EVTE01A26DC,ProcurementBot,Rejected,2024-05-26 00:00:00,Completed,No,
WF45969823,EVTD1BF0CF8,ApprovalEngine,Assigned,2024-09-22 00:00:00,Completed,No,
WFC750A87D,EVT11DC7D0D,ProcurementBot,Reviewed,2024-08-03 00:00:00,In Progress,No,
WF745D6500,EVT807B0A60,RiskAssessment,Assigned,2024-06-18 00:00:00,Completed,No,
WF5BA2F1CA,EVT78110FDB,ApprovalEngine,Assigned,2024-11-27 00:00:00,Completed,Yes,2024-11-27 22:00:00
WF983B7DCD,EVT20DD3186,DeliveryTracker,Rejected,2024-05-21 00:00:00,Completed,No,
WFA200DD38,EVT8FD280B0,InventoryOptimizer,Rejected,2024-09-18 00:00:00,Completed,No,
WF133B1358,EVT8A83FAC8,DeliveryTracker,Reviewed,2024-09-19 00:00:00,In Progress,No,
WF29B8DB76,EVTA5CA2A78,RiskAssessment,Reviewed,2024-11-18 00:00:00,Completed,No,
WFB426FB27,EVTE4713E8F,RiskAssessment,Assigned,2024-09-14 00:00:00,Completed,No,
WF2CD140CE,EVT424A5759,CostOptimizer,Updated,2024-11-30 00:00:00,Completed,Yes,2024-11-30 01:00:00
WF38808742,EVT28BC159A,CostOptimizer,Updated,2024-01-03 00:00:00,Completed,Yes,2024-01-03 19:00:00
WF003373D1,EVT51BF6B40,VendorAnalyzer,Reviewed,2024-12-17 00:00:00,Completed,No,
WFABC49690,EVT17123472,CostOptimizer,Updated,2024-03-22 00:00:00,In Progress,No,
WF7326A37C,EVT72BA6C05,IncidentResponder,Approved,2024-10-01 00:00:00,Completed,No,
WFF3F6E060,EVT11A411EE,IncidentResponder,Approved,2024-11-24 00:00:00,In Progress,Yes,2024-11-24 15:00:00
WFF867B890,EVT378D262B,DeliveryTracker,Assigned,2024-05-14 00:00:00,Completed,Yes,2024-05-14 06:00:00
WF02513665,EVTA897B861,DeliveryTracker,Approved,2024-04-16 00:00:00,Completed,No,
WFF2458C07,EVTD4FDCB8C,ProcurementBot,Completed,2024-03-03 00:00:00,Completed,No,
WF10B89F27,EVT55B33264,DeliveryTracker,Approved,2024-04-05 00:00:00,Completed,No,
WF49E96EAF,EVTF17A8506,RiskAssessment,Completed,2024-06-18 00:00:00,Failed,Yes,2024-06-18 09:00:00
WF317F2809,EVT2427E1D6,CostOptimizer,Escalated,2024-07-23 00:00:00,Completed,No,
WF55950F5C,EVT3EEA3E2E,ApprovalEngine,Updated,2024-01-25 00:00:00,Completed,No,
WF72C9C47B,EVT2D8A278D,ApprovalEngine,Approved,2024-01-20 00:00:00,Completed,No,
WF72E48DD4,EVT0EFC13F7,IncidentResponder,Updated,2024-12-18 00:00:00,Completed,Yes,2024-12-18 14:00:00
WFBAA4EC7D,EVT5F2C9AC8,DeliveryTracker,Approved,2024-10-02 00:00:00,Failed,No,
WFCEDB0C31,EVT7CCEFF5C,CostOptimizer,Initiated,2024-06-05 00:00:00,Failed,Yes,2024-06-05 19:00:00
WFB3471D78,EVTE17E41F1,ProcurementBot,Rejected,2024-12-09 00:00:00,Completed,No,
WFBBC3701D,EVT14E9ED39,CostOptimizer,Approved,2024-02-02 00:00:00,Completed,Yes,2024-02-02 07:00:00
WF86DD6D1C,EVTF3A3EF80,ApprovalEngine,Approved,2024-06-03 00:00:00,Completed,No,
WF583DD9A8,EVTE6DDD23C,IncidentResponder,Escalated,2024-03-21 00:00:00,Completed,No,
WFEF8A1487,EVT98145BB2,InventoryOptimizer,Escalated,2024-08-24 00:00:00,Failed,No,
WFAD949313,EVT1FA800A2,ProcurementBot,Completed,2024-04-28 00:00:00,Completed,Yes,2024-04-28 14:00:00
WF7C3EC734,EVTFA824E8F,InventoryOptimizer,Assigned,2024-07-01 00:00:00,Completed,No,
WFD34DC0D7,EVT37A2C3DC,CostOptimizer,Approved,2024-02-13 00:00:00,Completed,No,
WFA23055A1,EVTACD1B008,RiskAssessment,Updated,2024-07-16 00:00:00,Completed,Yes,2024-07-16 23:00:00
WF7E9CABC8,EVT97FB0948,InventoryOptimizer,Assigned,2024-11-11 00:00:00,Completed,Yes,2024-11-11 08:00:00
WF4384FEDC,EVTD8322A3C,RiskAssessment,Initiated,2024-12-05 00:00:00,Completed,Yes,2024-12-05 05:00:00
WF4F3F6727,EVT2476F729,RiskAssessment,Completed,2024-10-25 00:00:00,Completed,Yes,2024-10-25 12:00:00
WFA704C778,EVTBCB65F67,VendorAnalyzer,Approved,2024-12-10 00:00:00,Completed,No,
WFD1F244C4,EVT82C4E0F0,ApprovalEngine,Updated,2024-06-01 00:00:00,Completed,No,
WFE33055C7,EVT60E895F3,CostOptimizer,Assigned,2024-05-05 00:00:00,Completed,Yes,2024-05-05 09:00:00
WF3D627243,EVT8A83FAC8,ApprovalEngine,Initiated,2024-04-12 00:00:00,Failed,No,
WF2369C7C4,EVT28381107,IncidentResponder,Initiated,2024-09-15 00:00:00,In Progress,No,
WF4A6A0453,EVT793ACFEC,VendorAnalyzer,Assigned,2024-06-03 00:00:00,Completed,Yes,2024-06-03 13:00:00
WF4D22A760,EVT9AA55BDA,InventoryOptimizer,Escalated,2024-11-27 00:00:00,Completed,No,
WFD918899F,EVT3DDB12A2,ApprovalEngine,Reviewed,2024-05-24 00:00:00,Completed,No,
WF9009EB8C,EVT11DD94E5,InventoryOptimizer,Initiated,2024-05-26 00:00:00,Completed,No,
WF03668C86,EVTBF09D65E,ProcurementBot,Initiated,2024-12-25 00:00:00,Completed,Yes,2024-12-25 21:00:00
WFEF1168D0,EVTA27C9CC4,VendorAnalyzer,Completed,2024-02-25 00:00:00,In Progress,Yes,2024-02-25 04:00:00
WF5D6E3D5B,EVTE3F9E02C,IncidentResponder,Initiated,2024-12-15 00:00:00,Completed,No,
WF7373CFB5,EVT430B3BD1,ProcurementBot,Approved,2024-02-26 00:00:00,In Progress,No,
WF7EAF5E61,EVTCE75BC3D,InventoryOptimizer,Updated,2024-07-26 00:00:00,Completed,No,
WF39F20F93,EVTB5B48883,DeliveryTracker,Approved,2024-02-07 00:00:00,Failed,No,
WF87B369C8,EVTB4BB78C9,RiskAssessment,Assigned,2024-03-12 00:00:00,In Progress,No,
WF198C88FA,EVT7E0BF34F,InventoryOptimizer,Completed,2024-09-04 00:00:00,Completed,No,
WF9A5138A7,EVT15883082,RiskAssessment,Escalated,2024-08-27 00:00:00,Completed,No,
WF51B6E42A,EVTB42FA2E0,DeliveryTracker,Updated,2024-09-13 00:00:00,Completed,Yes,2024-09-13 01:00:00
WF6938CE03,EVT8E9FFAA5,VendorAnalyzer,Assigned,2024-04-07 00:00:00,Completed,No,
WF5D35DBC7,EVT66AC2901,ApprovalEngine,Escalated,2024-11-04 00:00:00,Completed,No,
WF06AF07F0,EVT1A0E3C56,ProcurementBot,Rejected,2024-07-09 00:00:00,Completed,Yes,2024-07-09 06:00:00
WF31D908B7,EVT4A91EDEE,DeliveryTracker,Rejected,2024-06-21 00:00:00,In Progress,Yes,2024-06-22 00:00:00
WF75735F9B,EVT57631092,ProcurementBot,Rejected,2024-08-24 00:00:00,In Progress,No,
WF66831A80,EVT39464C9C,InventoryOptimizer,Assigned,2024-09-30 00:00:00,Completed,Yes,2024-09-30 17:00:00
WF15584974,EVT928A87AA,ApprovalEngine,Updated,2024-07-16 00:00:00,Completed,No,
WF483E4737,EVTDA53F194,RiskAssessment,Reviewed,2024-09-05 00:00:00,In Progress,Yes,2024-09-05 16:00:00
WF46985A5E,EVT03B3DC0D,CostOptimizer,Rejected,2024-08-21 00:00:00,Completed,Yes,2024-08-21 15:00:00
WF16585B8F,EVT7BC60969,RiskAssessment,Approved,2024-08-29 00:00:00,Completed,Yes,2024-08-29 13:00:00
WF8D28D3BC,EVTE8BCCC6A,VendorAnalyzer,Assigned,2024-03-24 00:00:00,Completed,No,
WFBC47356B,EVTEF543BCC,ProcurementBot,Escalated,2024-07-15 00:00:00,Completed,No,
WF1398D09A,EVT628A2AFF,IncidentResponder,Completed,2024-02-02 00:00:00,In Progress,No,
WF260010B5,EVTA2D38533,ProcurementBot,Rejected,2024-11-28 00:00:00,In Progress,Yes,2024-11-28 01:00:00
WFBA14F01F,EVTFD8C83C7,RiskAssessment,Initiated,2024-09-19 00:00:00,In Progress,No,
WF437A84BA,EVT2C76932F,ProcurementBot,Rejected,2024-09-09 00:00:00,Completed,No,
WF0259D783,EVT0C027BF0,CostOptimizer,Completed,2024-01-26 00:00:00,Completed,No,
WF205F06BE,EVT932A371A,RiskAssessment,Reviewed,2024-07-04 00:00:00,Completed,Yes,2024-07-04 23:00:00
WFE4C54FF4,EVT65883B37,VendorAnalyzer,Rejected,2024-09-27 00:00:00,Completed,No,
WF6483A613,EVT940C602F,RiskAssessment,Completed,2024-03-12 00:00:00,Completed,Yes,2024-03-12 01:00:00
WFB6B1D973,EVT825F5613,RiskAssessment,Assigned,2024-09-09 00:00:00,Completed,No,
WF66C93988,EVTFA50D094,DeliveryTracker,Rejected,2024-06-26 00:00:00,Completed,Yes,2024-06-27 00:00:00
WF066F4CBB,EVTFECE398D,VendorAnalyzer,Completed,2024-01-31 00:00:00,Completed,No,
WF40B82F98,EVT0C394D3E,ApprovalEngine,Assigned,2024-09-04 00:00:00,Failed,No,
WF3DF37760,EVTD6C6A851,ApprovalEngine,Escalated,2024-11-28 00:00:00,In Progress,Yes,2024-11-28 09:00:00
WF2D4645A7,EVTCF76CB23,ProcurementBot,Approved,2024-11-29 00:00:00,In Progress,Yes,2024-11-29 23:00:00
WF1C408CF1,EVT64C8013C,ProcurementBot,Rejected,2024-03-11 00:00:00,In Progress,No,
WF844BBA9D,EVTD17F9B71,CostOptimizer,Assigned,2024-02-03 00:00:00,Completed,Yes,2024-02-03 20:00:00
WF5AFCCD7B,EVT31CB7ADF,CostOptimizer,Updated,2024-02-05 00:00:00,Completed,Yes,2024-02-05 09:00:00
WFE784F48F,EVT8F67D29A,InventoryOptimizer,Completed,2024-06-15 00:00:00,Completed,Yes,2024-06-15 09:00:00
WFDA268248,EVTB50684E9,CostOptimizer,Updated,2024-03-28 00:00:00,Completed,Yes,2024-03-28 15:00:00
WF266D56E2,EVT51CF7682,VendorAnalyzer,Updated,2024-05-23 00:00:00,In Progress,No,
WF53424F82,EVT64FF9883,VendorAnalyzer,Reviewed,2024-10-31 00:00:00,Completed,No,
WF75DDEEED,EVT7516431F,ProcurementBot,Approved,2024-10-25 00:00:00,Completed,No,
WFAE8CA70F,EVTA93E6366,InventoryOptimizer,Reviewed,2024-10-30 00:00:00,Failed,No,
WF4208DC25,EVTD5D3EA50,DeliveryTracker,Approved,2024-05-02 00:00:00,In Progress,No,
WF6934D3BD,EVT15745162,InventoryOptimizer,Reviewed,2024-05-03 00:00:00,Failed,No,
WFBC54C698,EVTBECAEA3C,CostOptimizer,Rejected,2024-07-10 00:00:00,Completed,No,
WF2F578329,EVTD13EB38B,VendorAnalyzer,Initiated,2024-01-08 00:00:00,Completed,No,
WFDF34DD5B,EVT422847DF,ApprovalEngine,Rejected,2024-07-11 00:00:00,Completed,No,
WF0113F735,EVT58BA56A9,VendorAnalyzer,Approved,2024-08-02 00:00:00,Completed,Yes,2024-08-02 09:00:00
WFB0A8D778,EVT6CD78925,DeliveryTracker,Rejected,2024-01-30 00:00:00,Completed,No,
WF314C3614,EVTD69A8118,ApprovalEngine,Approved,2024-10-18 00:00:00,Completed,Yes,2024-10-18 22:00:00
WF05B590F4,EVT66ED6EFC,InventoryOptimizer,Rejected,2024-06-08 00:00:00,Completed,No,
WF7FDD15FD,EVT75EF0942,RiskAssessment,Approved,2024-06-24 00:00:00,Completed,Yes,2024-06-24 07:00:00
WF82FB7BA0,EVT1BE01C71,InventoryOptimizer,Approved,2024-05-01 00:00:00,Failed,Yes,2024-05-02 00:00:00
WF77BAEB6F,EVTF3DF200C,VendorAnalyzer,Reviewed,2024-04-29 00:00:00,Completed,No,
WFE5D411A6,EVTC991EEF6,InventoryOptimizer,Approved,2024-12-06 00:00:00,Completed,No,
WF2413B63E,EVT0AA7696E,InventoryOptimizer,Escalated,2024-11-19 00:00:00,Completed,Yes,2024-11-19 04:00:00
WF850791F5,EVTA16D2819,InventoryOptimizer,Updated,2024-02-10 00:00:00,Completed,Yes,2024-02-10 15:00:00
WFF940BDCB,EVT885592C8,VendorAnalyzer,Reviewed,2024-03-05 00:00:00,Completed,Yes,2024-03-05 01:00:00
WF3DFB22C8,EVT1A69D77E,InventoryOptimizer,Initiated,2024-10-29 00:00:00,Completed,No,
WFBCC2933B,EVT0F6642BA,RiskAssessment,Completed,2024-01-25 00:00:00,Completed,No,
WFBC3A4A90,EVT905BAF56,ProcurementBot,Rejected,2024-10-14 00:00:00,In Progress,Yes,2024-10-14 17:00:00
WFD4115A94,EVTB0117859,DeliveryTracker,Escalated,2024-03-11 00:00:00,Completed,Yes,2024-03-11 16:00:00
WFF6F6F3C8,EVTFA081967,ApprovalEngine,Escalated,2024-09-29 00:00:00,Completed,No,
WF505E1CC5,EVT684564DF,InventoryOptimizer,Escalated,2024-12-20 00:00:00,Completed,Yes,2024-12-20 17:00:00
WF7B5AC988,EVTA64A0C77,RiskAssessment,Initiated,2024-10-28 00:00:00,Completed,No,
WF77175F40,EVT58D9C2F0,DeliveryTracker,Approved,2024-03-20 00:00:00,In Progress,No,
WFA9B435B4,EVTB282BCF5,RiskAssessment,Assigned,2024-11-09 00:00:00,Completed,Yes,2024-11-09 19:00:00
WFD58764D4,EVTF4BE03C8,VendorAnalyzer,Escalated,2024-01-27 00:00:00,Completed,Yes,2024-01-27 03:00:00
WF7D17AC7C,EVT0E61D095,CostOptimizer,Rejected,2024-10-28 00:00:00,Completed,No,
WF2CA11139,EVT3C0F114F,ApprovalEngine,Escalated,2024-10-11 00:00:00,Failed,Yes,2024-10-11 01:00:00
WFC866E44A,EVT98CD926A,VendorAnalyzer,Escalated,2024-10-20 00:00:00,Completed,Yes,2024-10-20 07:00:00
WF3C578B93,EVT789C6F1D,ApprovalEngine,Completed,2024-04-11 00:00:00,Completed,Yes,2024-04-11 03:00:00
WFFACCEC49,EVTD00735EC,DeliveryTracker,Assigned,2024-09-07 00:00:00,Completed,Yes,2024-09-07 13:00:00
WFA4876E7D,EVT0EDC5A49,ApprovalEngine,Escalated,2024-12-30 00:00:00,Completed,No,
WFA05A8007,EVT7A74B4F8,ApprovalEngine,Escalated,2024-09-27 00:00:00,Completed,No,
WF810207BE,EVT3C1BA6D7,ApprovalEngine,Completed,2024-02-23 00:00:00,Completed,No,
WFFFB72296,EVT5AD0FCE5,CostOptimizer,Approved,2024-10-06 00:00:00,Completed,No,
WFF9B50CB6,EVT157F72CD,InventoryOptimizer,Approved,2024-12-06 00:00:00,Completed,Yes,2024-12-06 11:00:00
WF5841ED46,EVT79B1B020,RiskAssessment,Initiated,2024-05-27 00:00:00,Completed,Yes,2024-05-27 06:00:00
WF7F93C6CA,EVT5099FFD6,CostOptimizer,Assigned,2024-02-03 00:00:00,Completed,No,
WF9501AC10,EVT96BC457C,DeliveryTracker,Assigned,2024-01-17 00:00:00,Completed,No,
WF0841E903,EVT206E922B,VendorAnalyzer,Reviewed,2024-02-28 00:00:00,Completed,Yes,2024-02-28 22:00:00
WF77B2AF21,EVTF679AC97,CostOptimizer,Assigned,2024-06-01 00:00:00,Completed,No,
WF44FBCEAB,EVT39DCA708,IncidentResponder,Assigned,2024-11-07 00:00:00,Completed,No,
WFEA4008DF,EVT4BBB8695,CostOptimizer,Reviewed,2024-10-02 00:00:00,Completed,No,
WF659A8D39,EVT5D0C2CCC,VendorAnalyzer,Approved,2024-11-11 00:00:00,In Progress,No,
WFD140A545,EVTC51C5D77,IncidentResponder,Updated,2024-11-18 00:00:00,Failed,Yes,2024-11-19 00:00:00
WF036279DE,EVTA380AD28,InventoryOptimizer,Completed,2024-11-24 00:00:00,Completed,No,
WF9CEE096B,EVT393FE530,InventoryOptimizer,Initiated,2024-12-29 00:00:00,Completed,No,
WF92DC7826,EVT93DB5303,DeliveryTracker,Completed,2024-05-25 00:00:00,Completed,No,
WFCC3E9F2C,EVT09D2B3CD,InventoryOptimizer,Completed,2024-07-08 00:00:00,Completed,Yes,2024-07-09 00:00:00
WF2FED1CCB,EVTAC602586,IncidentResponder,Rejected,2024-04-18 00:00:00,Completed,No,
WF54D73890,EVT415DDDF7,CostOptimizer,Escalated,2024-11-07 00:00:00,Completed,Yes,2024-11-07 13:00:00
WF8A65C5DF,EVTA20B7FF4,ApprovalEngine,Assigned,2024-04-26 00:00:00,Completed,Yes,2024-04-26 11:00:00
WF63F3B533,EVT7D1B4072,IncidentResponder,Approved,2024-02-12 00:00:00,Failed,No,
WF33CA347B,EVT42C46105,DeliveryTracker,Assigned,2024-12-06 00:00:00,In Progress,No,
WF25787EF1,EVT1C02614A,CostOptimizer,Completed,2024-09-30 00:00:00,Completed,No,
WFC45E6439,EVT8A748A2D,InventoryOptimizer,Initiated,2024-09-15 00:00:00,Completed,No,
WFB0F561EF,EVT22162AA4,ApprovalEngine,Assigned,2024-08-28 00:00:00,In Progress,No,
WF717DE8F1,EVTCC187569,InventoryOptimizer,Completed,2024-12-24 00:00:00,Completed,No,
WF424F6DA0,EVTEDEBE248,InventoryOptimizer,Assigned,2024-07-16 00:00:00,Completed,No,
WF33FE0F32,EVTEB49A796,IncidentResponder,Rejected,2024-12-27 00:00:00,Completed,No,
WF273D60FA,EVTB3B555D0,CostOptimizer,Updated,2024-11-21 00:00:00,Completed,No,
WFF9816265,EVT0107C34F,ApprovalEngine,Approved,2024-06-04 00:00:00,Completed,No,
WFF35496F4,EVT5AB79E40,InventoryOptimizer,Escalated,2024-10-14 00:00:00,Failed,Yes,2024-10-14 08:00:00
WFA641F45E,EVTD634FFDC,InventoryOptimizer,Assigned,2024-05-31 00:00:00,In Progress,Yes,2024-05-31 13:00:00
WF7BF1F742,EVT2F53F812,DeliveryTracker,Rejected,2024-02-13 00:00:00,Completed,Yes,2024-02-13 23:00:00
WF728E1D4D,EVTE80F2E8F,VendorAnalyzer,Escalated,2024-02-22 00:00:00,Failed,No,
WF92ABC879,EVTACF01657,ProcurementBot,Reviewed,2024-05-02 00:00:00,Completed,Yes,2024-05-02 06:00:00
WF8B51D31D,EVT6D8B3BC4,RiskAssessment,Initiated,2024-06-19 00:00:00,Completed,No,
WFDA04D48D,EVT1A2D4B4C,CostOptimizer,Updated,2024-05-14 00:00:00,Completed,Yes,2024-05-14 13:00:00
WFC8604BAE,EVTEF333FF1,ProcurementBot,Completed,2024-03-05 00:00:00,Completed,Yes,2024-03-05 17:00:00
WF29F6022E,EVTCD5E7809,CostOptimizer,Escalated,2024-04-06 00:00:00,Completed,Yes,2024-04-06 14:00:00
WFDE23067A,EVTDDED9C0F,IncidentResponder,Updated,2024-12-26 00:00:00,Failed,No,
WF165C6D0D,EVT4E55FB79,ProcurementBot,Rejected,2024-06-26 00:00:00,Completed,Yes,2024-06-26 23:00:00
WF92BCDE07,EVT84F37A0E,CostOptimizer,Completed,2024-08-22 00:00:00,Completed,No,
WF57523842,EVTD646CB5B,CostOptimizer,Initiated,2024-05-29 00:00:00,Completed,No,
WF0BFCFF00,EVTFE23B9F2,DeliveryTracker,Assigned,2024-01-25 00:00:00,Completed,No,
WF070F2911,EVT5D62EF90,RiskAssessment,Completed,2024-08-04 00:00:00,Failed,No,
WF5DD5B520,EVTD320F7D3,VendorAnalyzer,Completed,2024-07-29 00:00:00,Completed,No,
WFA9196E6D,EVT20C20EA8,RiskAssessment,Updated,2024-08-13 00:00:00,Completed,No,
WF350678C2,EVT6B913C32,ProcurementBot,Reviewed,2024-04-17 00:00:00,Completed,Yes,2024-04-17 18:00:00
WF4AB3D972,EVT0C454114,IncidentResponder,Completed,2024-01-28 00:00:00,Completed,Yes,2024-01-28 19:00:00
WF91A9AE71,EVTD00735EC,CostOptimizer,Approved,2024-12-02 00:00:00,Completed,No,
WFB5F26020,EVTC04CC4A4,VendorAnalyzer,Reviewed,2024-11-14 00:00:00,Completed,No,
WF828566EA,EVTBC4D0678,ProcurementBot,Assigned,2024-02-03 00:00:00,Completed,No,
WF9C2CD7A8,EVT29C0F6A3,InventoryOptimizer,Escalated,2024-06-18 00:00:00,Completed,Yes,2024-06-18 01:00:00
WF6979B140,EVT4B3C6985,VendorAnalyzer,Escalated,2024-04-21 00:00:00,Completed,No,
WF520B05DD,EVT138D7143,InventoryOptimizer,Completed,2024-01-16 00:00:00,Completed,No,
WF57C7059E,EVTBDA4860E,DeliveryTracker,Updated,2024-09-20 00:00:00,Completed,No,
WF6C13C346,EVT22858A0A,ApprovalEngine,Initiated,2024-02-11 00:00:00,Completed,No,
WFCBD34A1A,EVT78854CEA,InventoryOptimizer,Escalated,2024-01-15 00:00:00,Completed,Yes,2024-01-15 17:00:00
WF807CEB47,EVTD35AB54E,InventoryOptimizer,Completed,2024-01-01 00:00:00,In Progress,No,
WFA7050838,EVT012688EB,VendorAnalyzer,Initiated,2024-02-16 00:00:00,Completed,No,
WF75A5959D,EVT6152B861,VendorAnalyzer,Updated,2024-01-09 00:00:00,Completed,No,
WFD36C1C40,EVTFCC0D3B3,CostOptimizer,Completed,2024-03-23 00:00:00,Completed,Yes,2024-03-23 10:00:00
WFEB5F3BAF,EVT98C8CED8,ProcurementBot,Updated,2024-12-02 00:00:00,Completed,No,
WFE1D90176,EVT8AD67168,InventoryOptimizer,Reviewed,2024-06-15 00:00:00,Failed,No,
WF3BDEE10C,EVT0564BE52,RiskAssessment,Initiated,2024-04-21 00:00:00,In Progress,Yes,2024-04-21 08:00:00
WF1E4ECD14,EVTDD02B5F8,ProcurementBot,Reviewed,2024-05-03 00:00:00,In Progress,No,
WF2A63EBCE,EVT6CF685A7,RiskAssessment,Approved,2024-07-10 00:00:00,Completed,No,
WF4F5691A8,EVT40A76F99,CostOptimizer,Updated,2024-01-11 00:00:00,Completed,Yes,2024-01-11 11:00:00
WF4D2F8CEA,EVTF17A8506,RiskAssessment,Assigned,2024-04-02 00:00:00,Completed,Yes,2024-04-02 08:00:00
WFEBB0780A,EVT751073A6,ProcurementBot,Assigned,2024-03-12 00:00:00,In Progress,No,
WF50AD726B,EVT265F9E67,ProcurementBot,Approved,2024-09-09 00:00:00,Completed,Yes,2024-09-09 04:00:00
WFBDA41E88,EVTDF0C8F56,ApprovalEngine,Escalated,2024-10-25 00:00:00,In Progress,No,
WF2ECFAD46,EVT36E9EA87,IncidentResponder,Reviewed,2024-07-29 00:00:00,Completed,No,
WF2C1744AE,EVT371DB310,VendorAnalyzer,Rejected,2024-08-02 00:00:00,Failed,Yes,2024-08-02 16:00:00
WF9D41E8B4,EVT6ACADB41,VendorAnalyzer,Rejected,2024-04-06 00:00:00,In Progress,No,
WFB569A431,EVTEB49A796,InventoryOptimizer,Escalated,2024-11-19 00:00:00,Completed,No,
WF82A7CBD2,EVTBD530F0D,VendorAnalyzer,Updated,2024-07-26 00:00:00,Completed,No,
WFCC064EA6,EVT15E26BAA,DeliveryTracker,Assigned,2024-03-11 00:00:00,Completed,Yes,2024-03-11 05:00:00
WFC5B6E003,EVTB8D62FA4,RiskAssessment,Assigned,2024-05-24 00:00:00,Completed,Yes,2024-05-24 15:00:00
WF74F6C160,EVT9F45E33D,InventoryOptimizer,Escalated,2024-04-13 00:00:00,Completed,Yes,2024-04-13 07:00:00
WF692E0CE4,EVT952DE8D0,RiskAssessment,Escalated,2024-10-18 00:00:00,Completed,Yes,2024-10-18 09:00:00
WFC6F4050F,EVT9EEA2157,ApprovalEngine,Rejected,2024-12-07 00:00:00,Completed,No,
WFB8A11CE8,EVTD634FFDC,CostOptimizer,Approved,2024-04-29 00:00:00,Completed,No,
WFAB0EE2D3,EVTD470F2F2,InventoryOptimizer,Initiated,2024-08-23 00:00:00,Completed,Yes,2024-08-23 19:00:00
WF6E797367,EVTC2F0227C,CostOptimizer,Completed,2024-12-25 00:00:00,Completed,Yes,2024-12-25 05:00:00
WFF2EA24EE,EVT08C34A97,IncidentResponder,Escalated,2024-06-26 00:00:00,Completed,Yes,2024-06-26 10:00:00
WF23F25979,EVTA3BBB712,ProcurementBot,Initiated,2024-01-22 00:00:00,Completed,Yes,2024-01-22 14:00:00
WFB19B3252,EVT070B9D6A,DeliveryTracker,Escalated,2024-05-25 00:00:00,Completed,No,
WFF6302AC3,EVT0C12544F,RiskAssessment,Approved,2024-10-05 00:00:00,Completed,No,
WFD49EF324,EVT2B61AF9A,IncidentResponder,Completed,2024-08-04 00:00:00,In Progress,No,
WF1D6F0674,EVT83AEE1F0,VendorAnalyzer,Escalated,2024-12-21 00:00:00,Completed,No,
WF3BB9F910,EVTD0B93376,VendorAnalyzer,Escalated,2024-05-04 00:00:00,Completed,No,
WFE5249FF4,EVTB7D3F3BB,RiskAssessment,Completed,2024-09-04 00:00:00,Failed,No,
WF75243C0F,EVTD9764923,ProcurementBot,Rejected,2024-08-10 00:00:00,Completed,No,
WFD6F08796,EVTB8BCE82F,VendorAnalyzer,Initiated,2024-07-02 00:00:00,Completed,No,
WFB5A2DFA2,EVTC41F071A,RiskAssessment,Approved,2024-08-21 00:00:00,In Progress,No,
WF4FF9CC31,EVT03A0AEB0,ProcurementBot,Updated,2024-06-25 00:00:00,Completed,Yes,2024-06-25 04:00:00
WF9708F333,EVTBAF59B71,InventoryOptimizer,Approved,2024-02-06 00:00:00,Completed,Yes,2024-02-06 21:00:00
WFB47E9CA5,EVT30F627FA,ProcurementBot,Updated,2024-09-08 00:00:00,Completed,No,
WFDDA15325,EVT38143942,IncidentResponder,Updated,2024-03-07 00:00:00,Completed,No,
WF941B547C,EVT304B84A9,DeliveryTracker,Approved,2024-03-28 00:00:00,Failed,Yes,2024-03-28 14:00:00
WFE6529EEE,EVT214979AB,ApprovalEngine,Updated,2024-04-06 00:00:00,Completed,No,
WF5E8A20AA,EVT0002E837,CostOptimizer,Initiated,2024-12-19 00:00:00,Completed,No,
WF59A87AE0,EVT65503D81,ProcurementBot,Completed,2024-09-01 00:00:00,Completed,No,
WF4C2F1FB0,EVT7D1B4072,ProcurementBot,Rejected,2024-03-20 00:00:00,In Progress,No,
WFF163A797,EVT2E649087,InventoryOptimizer,Reviewed,2024-02-29 00:00:00,Completed,No,
WF7E6B4E03,EVTB1DA6A68,RiskAssessment,Approved,2024-12-12 00:00:00,Completed,Yes,2024-12-12 16:00:00
WF6856852B,EVT6CD78925,VendorAnalyzer,Completed,2024-07-06 00:00:00,In Progress,No,
WF62CD7DA4,EVT9435B53D,IncidentResponder,Reviewed,2024-08-19 00:00:00,Completed,Yes,2024-08-19 15:00:00
WF35438B1F,EVTE8E531E4,InventoryOptimizer,Completed,2024-03-27 00:00:00,Completed,Yes,2024-03-27 12:00:00
WFFD073271,EVT7444B079,RiskAssessment,Updated,2024-07-08 00:00:00,Completed,No,
WF84178FBD,EVTEB51C22B,DeliveryTracker,Reviewed,2024-03-11 00:00:00,Completed,No,
WF76198BCC,EVT45B18814,VendorAnalyzer,Reviewed,2024-04-17 00:00:00,Completed,No,
WF7FA279E0,EVTC849F99D,DeliveryTracker,Escalated,2024-10-22 00:00:00,Completed,No,
WFCA565E39,EVT4E3A30BD,ApprovalEngine,Reviewed,2024-07-03 00:00:00,In Progress,No,
WF941C18AD,EVT051A45A4,ApprovalEngine,Assigned,2024-04-18 00:00:00,Completed,No,
WFDF85571A,EVT601A534F,CostOptimizer,Reviewed,2024-11-13 00:00:00,Completed,Yes,2024-11-13 06:00:00
WF84B0DAD5,EVT1AFF8AB3,DeliveryTracker,Escalated,2024-09-23 00:00:00,Completed,No,
WF3C019DBC,EVTF1640785,InventoryOptimizer,Completed,2024-03-08 00:00:00,Completed,No,
WFF5F4C01E,EVTC940DE96,InventoryOptimizer,Updated,2024-02-02 00:00:00,Completed,No,
WF2E551A6E,EVTB250BE3F,ApprovalEngine,Rejected,2024-10-28 00:00:00,Completed,No,
WF65B8AF6F,EVT60F2E504,InventoryOptimizer,Updated,2024-11-25 00:00:00,Failed,No,
WFC70AA214,EVT2CD70FB9,ProcurementBot,Completed,2024-05-24 00:00:00,In Progress,Yes,2024-05-24 01:00:00
WF736834D6,EVT3A25637F,DeliveryTracker,Completed,2024-03-01 00:00:00,Failed,No,
WFDC3393DF,EVT64B643D9,ApprovalEngine,Initiated,2024-11-22 00:00:00,Failed,No,
WF326768D5,EVT74FC8265,ApprovalEngine,Updated,2024-07-29 00:00:00,Completed,No,
WF4E566E39,EVT782C6DFF,InventoryOptimizer,Initiated,2024-11-12 00:00:00,Completed,No,
WF1DFF20F5,EVT5279D5CA,VendorAnalyzer,Approved,2024-04-01 00:00:00,Failed,No,
WF5C14AD30,EVT8F79C02B,ProcurementBot,Escalated,2024-01-14 00:00:00,In Progress,No,
WFC6DC1740,EVT4FBA4A90,VendorAnalyzer,Reviewed,2024-09-20 00:00:00,Completed,No,
WF44FA6983,EVT17123472,CostOptimizer,Updated,2024-01-31 00:00:00,Completed,No,
WFF84BE4E2,EVT0359EC61,ProcurementBot,Reviewed,2024-04-07 00:00:00,Completed,No,
WF2386699E,EVT5289F880,RiskAssessment,Completed,2024-04-04 00:00:00,Completed,Yes,2024-04-04 12:00:00
WF691D90BF,EVT67AFCF5A,CostOptimizer,Approved,2024-10-25 00:00:00,Completed,No,
WFCB84DFFF,EVTF65BAACD,InventoryOptimizer,Completed,2024-01-16 00:00:00,In Progress,Yes,2024-01-16 04:00:00
WF0D5CEEEC,EVTDF0FF73A,InventoryOptimizer,Approved,2024-12-31 00:00:00,Completed,No,
WFE92E58F4,EVT95B1F094,RiskAssessment,Initiated,2024-07-01 00:00:00,Completed,Yes,2024-07-01 09:00:00
WF4662034F,EVT0E5FFB75,IncidentResponder,Escalated,2024-11-10 00:00:00,In Progress,No,
WF1C89D9E0,EVT53C6B4F5,ProcurementBot,Updated,2024-05-17 00:00:00,Completed,Yes,2024-05-17 06:00:00
WF87474810,EVT5795A0EA,CostOptimizer,Updated,2024-05-06 00:00:00,Completed,Yes,2024-05-06 18:00:00
WFEDD665BD,EVT58129487,IncidentResponder,Escalated,2024-03-11 00:00:00,Completed,Yes,2024-03-11 11:00:00
WF192785A3,EVTE4D18CD1,InventoryOptimizer,Rejected,2024-02-01 00:00:00,Failed,Yes,2024-02-01 19:00:00
WF92A4D612,EVT8B2F8682,IncidentResponder,Updated,2024-09-02 00:00:00,Completed,No,
WFE1D22772,EVT0FA06C55,ProcurementBot,Reviewed,2024-10-03 00:00:00,Completed,No,
WF1CF9AB63,EVTEC0B191A,IncidentResponder,Rejected,2024-03-01 00:00:00,Failed,No,
WF7DDDBB9D,EVT104ED151,CostOptimizer,Updated,2024-01-26 00:00:00,In Progress,Yes,2024-01-26 14:00:00
WFB6013440,EVT4952B9F8,RiskAssessment,Updated,2024-05-20 00:00:00,Completed,No,
WF850A54A9,EVT6350FCF3,VendorAnalyzer,Updated,2024-06-28 00:00:00,Completed,Yes,2024-06-28 16:00:00
WF0173522E,EVTB48731AF,VendorAnalyzer,Approved,2024-06-22 00:00:00,Completed,No,
WF5E1CA2CF,EVTA6D74926,ProcurementBot,Approved,2024-03-17 00:00:00,Failed,No,
WFB33A9A90,EVT87526165,ProcurementBot,Completed,2024-09-03 00:00:00,Completed,No,
WF9F4BD09F,EVT55BB1856,CostOptimizer,Reviewed,2024-11-23 00:00:00,Completed,Yes,2024-11-23 04:00:00
WF9164AB23,EVT9DB81AD8,DeliveryTracker,Rejected,2024-08-25 00:00:00,Completed,Yes,2024-08-25 17:00:00
WF751C6257,EVT42870017,ApprovalEngine,Approved,2024-02-26 00:00:00,Completed,Yes,2024-02-26 02:00:00
WFBCCCBEDE,EVT9C8FB205,InventoryOptimizer,Updated,2024-10-19 00:00:00,Failed,No,
WF77328F0F,EVTBD530F0D,VendorAnalyzer,Initiated,2024-06-30 00:00:00,In Progress,Yes,2024-06-30 15:00:00
WF6FC38D92,EVT90E8D2A5,IncidentResponder,Approved,2024-09-11 00:00:00,Failed,No,
WFDA440A6A,EVTFD1A8B5F,RiskAssessment,Approved,2024-10-23 00:00:00,Completed,No,
WF3D83A855,EVT2114DD4B,VendorAnalyzer,Initiated,2024-04-13 00:00:00,In Progress,No,
WF1017C426,EVT3780B05A,ProcurementBot,Initiated,2024-05-08 00:00:00,Completed,Yes,2024-05-08 07:00:00
WFF1288943,EVTB90DEF63,VendorAnalyzer,Completed,2024-04-16 00:00:00,Completed,Yes,2024-04-16 03:00:00
WFB5D1EED6,EVT314372E7,VendorAnalyzer,Updated,2024-04-21 00:00:00,Completed,Yes,2024-04-21 22:00:00
WF127731AA,EVTE189CD79,ProcurementBot,Assigned,2024-11-23 00:00:00,Failed,No,
WF95B5B194,EVTB4A79F7E,ApprovalEngine,Initiated,2024-03-10 00:00:00,In Progress,Yes,2024-03-10 08:00:00
WF2531CDB1,EVTD73BF763,IncidentResponder,Escalated,2024-09-01 00:00:00,Completed,Yes,2024-09-01 21:00:00
WFDF951A8B,EVTE40FD408,IncidentResponder,Updated,2024-08-01 00:00:00,Completed,Yes,2024-08-01 06:00:00
WF2A394595,EVTB9088749,VendorAnalyzer,Reviewed,2024-02-16 00:00:00,Failed,Yes,2024-02-16 10:00:00
WFFF3E4F9E,EVT100E2B35,ProcurementBot,Rejected,2024-08-06 00:00:00,Completed,Yes,2024-08-06 05:00:00
WF21B6DCB1,EVTBF5E26EE,RiskAssessment,Approved,2024-05-30 00:00:00,Completed,Yes,2024-05-30 16:00:00
WF475B64CF,EVT6AE3010E,IncidentResponder,Updated,2024-04-30 00:00:00,Completed,No,
WFCDD90BBF,EVT5F2C9AC8,DeliveryTracker,Reviewed,2024-02-05 00:00:00,Completed,No,
WF5BB04F46,EVT9C65B882,InventoryOptimizer,Reviewed,2024-10-27 00:00:00,In Progress,Yes,2024-10-27 11:00:00
WF946B13A8,EVT23F7953C,ApprovalEngine,Rejected,2024-05-01 00:00:00,Completed,No,
WFC2AA11E7,EVTC25F5726,IncidentResponder,Escalated,2024-06-01 00:00:00,Completed,Yes,2024-06-01 18:00:00
WFB97D9FB6,EVT58129487,IncidentResponder,Updated,2024-02-13 00:00:00,Completed,Yes,2024-02-13 08:00:00
WF94107D7A,EVT594E39CF,RiskAssessment,Initiated,2024-04-28 00:00:00,Completed,No,
WFF7CEEA74,EVT0BC63E8A,RiskAssessment,Approved,2024-10-20 00:00:00,Completed,No,
WF28854C34,EVT4BFE149C,VendorAnalyzer,Approved,2024-11-30 00:00:00,Completed,Yes,2024-11-30 18:00:00
WF380B17D1,EVT3A8FFE47,InventoryOptimizer,Rejected,2024-12-29 00:00:00,Completed,No,
WF5E48374F,EVT5AD6CEAA,DeliveryTracker,Escalated,2024-07-26 00:00:00,Completed,No,
WFA8683698,EVT51399D6E,CostOptimizer,Escalated,2024-09-28 00:00:00,Completed,No,
WF06596990,EVT47EAF7E4,RiskAssessment,Completed,2024-10-24 00:00:00,Completed,No,
WFC34E5E29,EVTB50684E9,InventoryOptimizer,Updated,2024-02-18 00:00:00,Completed,No,
WF4F01815E,EVTECC802D1,IncidentResponder,Escalated,2024-03-25 00:00:00,In Progress,Yes,2024-03-25 08:00:00
WF4FBD6217,EVT34817714,CostOptimizer,Completed,2024-10-21 00:00:00,Completed,Yes,2024-10-21 02:00:00
WF2B82E49F,EVT5969EA98,RiskAssessment,Rejected,2024-09-03 00:00:00,Failed,No,
WFD900D464,EVTE17E41F1,IncidentResponder,Updated,2024-11-27 00:00:00,In Progress,No,
WF07279503,EVT41929530,CostOptimizer,Approved,2024-02-02 00:00:00,Completed,No,
WFD61E7D3E,EVTCF5AB24E,InventoryOptimizer,Assigned,2024-12-15 00:00:00,Completed,No,
WFB70274A6,EVT499C84B8,CostOptimizer,Reviewed,2024-05-21 00:00:00,Completed,Yes,2024-05-21 08:00:00
WF02A16CF2,EVT7AFB89DB,DeliveryTracker,Approved,2024-09-14 00:00:00,Completed,No,
WF10ED22A9,EVTFCE40980,InventoryOptimizer,Reviewed,2024-02-07 00:00:00,Completed,Yes,2024-02-07 20:00:00
WFFEE34BA8,EVTDFE7294D,ApprovalEngine,Escalated,2024-06-10 00:00:00,Completed,No,
WF7410F934,EVT6D79DD77,CostOptimizer,Rejected,2024-04-10 00:00:00,Completed,No,
WF43E4D31F,EVTA5D585C0,DeliveryTracker,Escalated,2024-08-19 00:00:00,Completed,No,
WF8D086291,EVT9ED5AD7A,IncidentResponder,Updated,2024-12-09 00:00:00,Failed,No,
WF7DE4FA64,EVT5FDF582D,ProcurementBot,Updated,2024-07-22 00:00:00,Completed,No,
WF95A1FF51,EVTBB6FB7F7,InventoryOptimizer,Assigned,2024-02-21 00:00:00,In Progress,No,
WFA9B1C595,EVT88B58AE3,IncidentResponder,Rejected,2024-02-08 00:00:00,Completed,Yes,2024-02-08 03:00:00
WFC0D69258,EVT5C2EBCC7,DeliveryTracker,Rejected,2024-01-10 00:00:00,In Progress,Yes,2024-01-10 21:00:00
WF21CC22DF,EVTC8B21F07,RiskAssessment,Rejected,2024-06-18 00:00:00,Completed,Yes,2024-06-18 06:00:00
WF3690DB95,EVTAA328359,VendorAnalyzer,Rejected,2024-05-18 00:00:00,Failed,Yes,2024-05-18 07:00:00
WFA1AA89A9,EVTE79FAE0A,IncidentResponder,Completed,2024-04-09 00:00:00,Completed,Yes,2024-04-09 04:00:00
WF578AC37E,EVTCC0ACC3B,InventoryOptimizer,Assigned,2024-04-21 00:00:00,Completed,No,
WF0E91C95A,EVT577F987D,ApprovalEngine,Completed,2024-02-02 00:00:00,Completed,Yes,2024-02-02 23:00:00
WF427EFAF2,EVT50061939,VendorAnalyzer,Updated,2024-09-14 00:00:00,In Progress,No,
WF544835DD,EVT691D1D1B,RiskAssessment,Rejected,2024-10-08 00:00:00,Completed,No,
WF1E8F37B8,EVTED1C63C9,ApprovalEngine,Escalated,2024-05-20 00:00:00,Completed,Yes,2024-05-20 06:00:00
WF3B0AE8EE,EVTD73BF763,ProcurementBot,Reviewed,2024-12-17 00:00:00,Failed,Yes,2024-12-17 13:00:00
WFC15D055E,EVTCFE0F21B,IncidentResponder,Completed,2024-07-13 00:00:00,Completed,No,
WF1F6CBB31,EVT60F52B54,DeliveryTracker,Completed,2024-10-17 00:00:00,Completed,No,
WFDF3AC8D0,EVT2FCF17F1,CostOptimizer,Initiated,2024-11-20 00:00:00,Completed,No,
WF09781AE1,EVT2B769879,RiskAssessment,Initiated,2024-01-29 00:00:00,Completed,No,
WF716FE5E9,EVT6E8638F4,DeliveryTracker,Approved,2024-03-18 00:00:00,In Progress,No,
WF06CB98A8,EVTB69B2C9C,IncidentResponder,Initiated,2024-04-01 00:00:00,Completed,Yes,2024-04-01 05:00:00
WF5E5071BE,EVT903CBE6B,VendorAnalyzer,Initiated,2024-01-23 00:00:00,Completed,Yes,2024-01-23 16:00:00
WFEA6D8636,EVT4A91EDEE,RiskAssessment,Completed,2024-08-13 00:00:00,Failed,Yes,2024-08-13 06:00:00
WF16C0C555,EVT26A1BFE1,InventoryOptimizer,Completed,2024-10-19 00:00:00,Completed,No,
WFF01CBB85,EVT301C280D,ApprovalEngine,Escalated,2024-08-22 00:00:00,Completed,No,
WF6F2F4548,EVT2131BF1A,ProcurementBot,Assigned,2024-03-09 00:00:00,In Progress,No,
WF57CFA9D1,EVT043F5775,CostOptimizer,Completed,2024-06-22 00:00:00,Completed,No,
WF59224F12,EVT9C0C145E,DeliveryTracker,Rejected,2024-12-27 00:00:00,Completed,Yes,2024-12-27 06:00:00
WFEFDFA714,EVTA46F600F,VendorAnalyzer,Initiated,2024-01-24 00:00:00,Completed,No,
WFF5709407,EVT244D0921,InventoryOptimizer,Completed,2024-01-19 00:00:00,In Progress,No,
WFD419B981,EVTD9C27918,CostOptimizer,Updated,2024-10-03 00:00:00,In Progress,No,
WFBF9645E1,EVT847875BD,IncidentResponder,Escalated,2024-01-20 00:00:00,Completed,Yes,2024-01-20 12:00:00
WF21CC1484,EVTA2CF43E9,IncidentResponder,Escalated,2024-04-15 00:00:00,Completed,No,
WFC18C988A,EVT28BB3790,CostOptimizer,Assigned,2024-12-31 00:00:00,Completed,Yes,2024-12-31 21:00:00
WF9050C2DA,EVT2775BE5B,IncidentResponder,Assigned,2024-01-18 00:00:00,Completed,Yes,2024-01-18 02:00:00
WFCB4A2B39,EVTE09DA5DF,InventoryOptimizer,Updated,2024-12-20 00:00:00,Failed,Yes,2024-12-20 15:00:00
WF008F3018,EVT14E9ED39,ProcurementBot,Initiated,2024-12-03 00:00:00,Completed,No,
WF1DC657B5,EVT93924673,DeliveryTracker,Assigned,2024-08-14 00:00:00,Completed,No,
WF7568A6BE,EVT97B6730D,InventoryOptimizer,Updated,2024-09-04 00:00:00,Completed,No,
WF7126499E,EVT935965A1,IncidentResponder,Assigned,2024-08-04 00:00:00,Completed,No,
WFBBC4824A,EVTE3AFDFAE,CostOptimizer,Reviewed,2024-10-04 00:00:00,Completed,No,
WFA58F1D0B,EVT94C64511,IncidentResponder,Escalated,2024-04-16 00:00:00,Completed,No,
WF96177456,EVT868A26D9,RiskAssessment,Rejected,2024-11-27 00:00:00,Completed,No,
WFE442A769,EVT3935B3C6,CostOptimizer,Rejected,2024-09-16 00:00:00,Completed,Yes,2024-09-16 16:00:00
WF62FB1E23,EVTCCE4303C,RiskAssessment,Escalated,2024-11-12 00:00:00,Completed,No,
WF39274A36,EVT0872A9D5,ApprovalEngine,Reviewed,2024-07-06 00:00:00,Completed,Yes,2024-07-06 13:00:00
WF78114C68,EVT4678AB9E,ProcurementBot,Approved,2024-07-25 00:00:00,Completed,Yes,2024-07-25 02:00:00
WF018FBAC8,EVT2E94B33E,ApprovalEngine,Assigned,2024-05-23 00:00:00,Completed,No,
WF43BE6BE9,EVT25A3A981,VendorAnalyzer,Reviewed,2024-10-24 00:00:00,Completed,Yes,2024-10-24 23:00:00
WF18399299,EVTB5021595,DeliveryTracker,Assigned,2024-11-18 00:00:00,Completed,No,
WF0B16C9AB,EVT8EBF49BC,CostOptimizer,Completed,2024-06-18 00:00:00,Completed,No,
WF9B37B7A4,EVTF4B12F8C,InventoryOptimizer,Approved,2024-03-08 00:00:00,In Progress,Yes,2024-03-08 09:00:00
WF2C8B915E,EVT1A1B18CE,IncidentResponder,Assigned,2024-11-16 00:00:00,Failed,No,
WF7F8C902B,EVT7D800143,VendorAnalyzer,Rejected,2024-02-07 00:00:00,Completed,No,
WFAB4E97C3,EVTA05C39E6,InventoryOptimizer,Escalated,2024-11-23 00:00:00,Completed,No,
WFE734E65A,EVT24FDB3BB,ApprovalEngine,Rejected,2024-02-02 00:00:00,Completed,No,
WFD5CEB058,EVT68A548DA,ProcurementBot,Reviewed,2024-09-01 00:00:00,Completed,Yes,2024-09-01 20:00:00
WFE6E62F89,EVTF0BEB8F2,CostOptimizer,Approved,2024-06-25 00:00:00,Completed,Yes,2024-06-25 17:00:00
WFFE96E05D,EVT9F7ABA66,CostOptimizer,Completed,2024-10-17 00:00:00,Completed,Yes,2024-10-17 23:00:00
WF80B46D16,EVT391CCBFA,ApprovalEngine,Initiated,2024-06-03 00:00:00,Completed,Yes,2024-06-03 09:00:00
WFD73DB1D9,EVTCFAB26DD,RiskAssessment,Assigned,2024-02-18 00:00:00,In Progress,No,
WF87D0C2E0,EVT35C38579,VendorAnalyzer,Completed,2024-10-06 00:00:00,Completed,No,
WFE8C56E31,EVT5FE59106,InventoryOptimizer,Approved,2024-10-08 00:00:00,Completed,Yes,2024-10-08 23:00:00
WF9E00C530,EVTEF30579E,DeliveryTracker,Reviewed,2024-10-25 00:00:00,Completed,Yes,2024-10-25 11:00:00
WFAC6306AB,EVTEDC74635,IncidentResponder,Approved,2024-05-06 00:00:00,Completed,No,
WFF900DED4,EVT4BFB27CE,CostOptimizer,Completed,2024-11-19 00:00:00,Completed,No,
WF7E503B10,EVT64367358,IncidentResponder,Initiated,2024-11-27 00:00:00,Completed,No,
WF292EF38D,EVT429E7906,ApprovalEngine,Initiated,2024-11-05 00:00:00,Completed,No,
WFC16927AF,EVT88449836,ProcurementBot,Approved,2024-09-27 00:00:00,Failed,Yes,2024-09-27 19:00:00
WFC0BE717E,EVTB8D104C9,CostOptimizer,Approved,2024-04-07 00:00:00,Completed,No,
WF4E42F864,EVTE1B557A8,RiskAssessment,Assigned,2024-10-31 00:00:00,Completed,No,
WFB440FB86,EVT1F984466,IncidentResponder,Escalated,2024-01-01 00:00:00,In Progress,Yes,2024-01-01 12:00:00
WF57F24899,EVTEB1B96CE,RiskAssessment,Approved,2024-05-17 00:00:00,Completed,No,
WFC80070E9,EVTB2B8CD4E,DeliveryTracker,Rejected,2024-10-03 00:00:00,Completed,No,
WFADEBBA95,EVT90CEA34E,ProcurementBot,Initiated,2024-04-08 00:00:00,Completed,Yes,2024-04-08 02:00:00
WFE6723F86,EVT64B643D9,IncidentResponder,Escalated,2024-04-23 00:00:00,Failed,Yes,2024-04-23 08:00:00
WFBA490699,EVT8FA8D20A,CostOptimizer,Escalated,2024-02-19 00:00:00,In Progress,Yes,2024-02-19 06:00:00
WFEC8D1C17,EVT05B79BDE,CostOptimizer,Escalated,2024-11-22 00:00:00,Failed,Yes,2024-11-22 03:00:00
WFF3C48D4A,EVT546E9B9D,ProcurementBot,Escalated,2024-08-23 00:00:00,Completed,Yes,2024-08-23 09:00:00
WF78381FC8,EVT109C80C0,DeliveryTracker,Assigned,2024-12-20 00:00:00,Completed,No,
WF97ABBE18,EVT73384B4E,CostOptimizer,Assigned,2024-05-23 00:00:00,Completed,Yes,2024-05-23 21:00:00
WFCD583587,EVT9BB950AC,ApprovalEngine,Initiated,2024-01-06 00:00:00,Completed,No,
WF18DA6719,EVTBC77FAD1,RiskAssessment,Completed,2024-09-24 00:00:00,Failed,No,
WFD4C45936,EVT661FC1FB,CostOptimizer,Completed,2024-06-21 00:00:00,Completed,No,
WF8A156E65,EVT3E3DDF25,RiskAssessment,Rejected,2024-09-24 00:00:00,In Progress,No,
WF6C02F7D4,EVT2CD70FB9,IncidentResponder,Escalated,2024-05-29 00:00:00,Completed,Yes,2024-05-29 05:00:00
WFBE621B2D,EVT3CA130D2,InventoryOptimizer,Completed,2024-09-29 00:00:00,Completed,Yes,2024-09-29 05:00:00
WF12A7A3B8,EVT46B94FB4,InventoryOptimizer,Assigned,2024-08-23 00:00:00,Completed,Yes,2024-08-23 03:00:00
WF4B55C345,EVTFDED44C1,DeliveryTracker,Escalated,2024-08-13 00:00:00,Completed,No,
WFF1474117,EVTCEEA00CC,ApprovalEngine,Rejected,2024-03-03 00:00:00,In Progress,No,
WF1C284085,EVT18234850,ProcurementBot,Completed,2024-02-19 00:00:00,Failed,Yes,2024-02-19 09:00:00
WFB8114A6E,EVTEC262461,RiskAssessment,Updated,2024-07-21 00:00:00,Completed,Yes,2024-07-21 12:00:00
WF280E41F1,EVTA9FE6328,InventoryOptimizer,Initiated,2024-07-11 00:00:00,In Progress,No,
WFA0379F24,EVTDE891F56,RiskAssessment,Completed,2024-08-03 00:00:00,Failed,No,
WF90171A8C,EVT5A8974E7,VendorAnalyzer,Approved,2024-07-03 00:00:00,In Progress,No,
WF510D505C,EVTBA355CB3,CostOptimizer,Completed,2024-12-28 00:00:00,Completed,Yes,2024-12-28 02:00:00
WF13AADA66,EVT7507AF35,IncidentResponder,Reviewed,2024-12-25 00:00:00,In Progress,No,
WF8BED991B,EVT15E470BD,VendorAnalyzer,Approved,2024-10-31 00:00:00,Completed,Yes,2024-11-01 00:00:00
WFC690BB4D,EVTB37F6523,VendorAnalyzer,Reviewed,2024-02-15 00:00:00,Completed,No,
WFA533EE56,EVTF793CE28,ProcurementBot,Updated,2024-04-17 00:00:00,Completed,Yes,2024-04-17 04:00:00
WF22F2EEF3,EVT8713C763,DeliveryTracker,Assigned,2024-11-04 00:00:00,Completed,No,
WF30B0A640,EVT955D4F12,InventoryOptimizer,Updated,2024-09-30 00:00:00,In Progress,No,
WF5606B0FF,EVTC74A04E1,ApprovalEngine,Completed,2024-02-25 00:00:00,Completed,Yes,2024-02-25 02:00:00
WFCD16F215,EVT6123FB6D,DeliveryTracker,Assigned,2024-01-05 00:00:00,Completed,No,
WFFC8A3FCD,EVT256B5F5B,VendorAnalyzer,Rejected,2024-11-09 00:00:00,Completed,No,
WF7ED8FE61,EVT06FFD9A1,CostOptimizer,Initiated,2024-08-29 00:00:00,Completed,No,
WF55D4BDE1,EVT8095CF84,CostOptimizer,Updated,2024-09-08 00:00:00,Completed,Yes,2024-09-08 02:00:00
WF311F38E2,EVT0B02B755,DeliveryTracker,Approved,2024-05-10 00:00:00,Completed,No,
WF103AA24A,EVT9AE8C98C,ProcurementBot,Approved,2024-08-27 00:00:00,Completed,No,
WFCC9909C9,EVTB0CD19E2,DeliveryTracker,Reviewed,2024-09-30 00:00:00,Completed,No,
WFAF2A8C69,EVT8D3AA25F,IncidentResponder,Rejected,2024-05-02 00:00:00,In Progress,No,
WF474B34BE,EVT34E23C82,RiskAssessment,Reviewed,2024-12-28 00:00:00,Completed,Yes,2024-12-28 02:00:00
WF457A42D0,EVTF0386594,VendorAnalyzer,Rejected,2024-10-08 00:00:00,Completed,No,
WFD403B48D,EVT7C70A450,RiskAssessment,Completed,2024-03-17 00:00:00,Completed,Yes,2024-03-17 08:00:00
WF0DE2750B,EVT2E94B33E,ApprovalEngine,Assigned,2024-12-26 00:00:00,Completed,No,
WF52FED226,EVT2E83E82C,CostOptimizer,Rejected,2024-05-16 00:00:00,Completed,Yes,2024-05-16 07:00:00
WFB8A3EF74,EVT817C0D2A,ProcurementBot,Approved,2024-05-04 00:00:00,In Progress,Yes,2024-05-04 16:00:00
WF0AAD0B02,EVT161EFFB4,IncidentResponder,Updated,2024-08-13 00:00:00,Completed,Yes,2024-08-13 12:00:00
WF12CAC625,EVTEAE5447B,CostOptimizer,Updated,2024-02-08 00:00:00,Completed,Yes,2024-02-08 04:00:00
WF7CCCDC87,EVT065D79D7,RiskAssessment,Updated,2024-04-24 00:00:00,Completed,No,
WFCE42E92E,EVTA1CE0AB8,ProcurementBot,Completed,2024-05-17 00:00:00,Completed,Yes,2024-05-17 06:00:00
WF05E8A819,EVT835F19D7,DeliveryTracker,Updated,2024-10-12 00:00:00,Completed,No,
WF72999EB5,EVT20DD3186,ProcurementBot,Assigned,2024-04-20 00:00:00,In Progress,Yes,2024-04-20 21:00:00
WFE3C4B8B1,EVT42C22E20,ApprovalEngine,Completed,2024-12-02 00:00:00,Completed,No,
WF3A0C3712,EVT9C3BEFD8,RiskAssessment,Completed,2024-05-01 00:00:00,Failed,No,
WF311789D6,EVT2A6C59CA,RiskAssessment,Escalated,2024-01-02 00:00:00,Completed,No,
WF9262193C,EVTFFD998A2,ProcurementBot,Escalated,2024-04-09 00:00:00,Completed,No,
WF31F1BC12,EVTF1C6B51E,DeliveryTracker,Rejected,2024-12-17 00:00:00,Completed,Yes,2024-12-17 08:00:00
WF20E8AAB6,EVT534D8113,RiskAssessment,Completed,2024-05-05 00:00:00,Failed,No,
WFD88DBEB8,EVT2881952A,VendorAnalyzer,Initiated,2024-06-13 00:00:00,Completed,No,
WF9DD92248,EVTFB12E8C3,CostOptimizer,Escalated,2024-05-21 00:00:00,In Progress,No,
WF9FE90C81,EVTF4690B50,InventoryOptimizer,Reviewed,2024-08-02 00:00:00,Completed,Yes,2024-08-02 19:00:00
WFD5947E29,EVTCB5FC51F,VendorAnalyzer,Initiated,2024-09-27 00:00:00,Completed,No,
WFC19007AA,EVT6DD5C955,RiskAssessment,Rejected,2024-05-29 00:00:00,Completed,No,
WFC7C44842,EVTA7077453,DeliveryTracker,Escalated,2024-10-01 00:00:00,Completed,No,
WF99A195A3,EVTF1E6C566,DeliveryTracker,Approved,2024-05-18 00:00:00,Completed,Yes,2024-05-18 06:00:00
WF09C023A9,EVT430B3BD1,VendorAnalyzer,Completed,2024-12-11 00:00:00,In Progress,No,
WF2A451B26,EVT8F04684E,ProcurementBot,Rejected,2024-07-01 00:00:00,Completed,No,
WF51233026,EVT0CB327B9,DeliveryTracker,Escalated,2024-07-09 00:00:00,Completed,Yes,2024-07-09 06:00:00
WF233E4EEA,EVTC9A91A67,ProcurementBot,Initiated,2024-05-03 00:00:00,In Progress,Yes,2024-05-03 20:00:00
WF96D0B593,EVTF9982AE7,IncidentResponder,Escalated,2024-06-23 00:00:00,Completed,No,
WF87961CEF,EVT4F12C8AB,DeliveryTracker,Approved,2024-03-30 00:00:00,Completed,No,
WF72B06637,EVT55F49E03,DeliveryTracker,Reviewed,2024-03-27 00:00:00,In Progress,No,
WF6693F4AA,EVT15883082,ApprovalEngine,Completed,2024-09-08 00:00:00,Completed,Yes,2024-09-08 15:00:00
WF0D16928E,EVT30F627FA,RiskAssessment,Completed,2024-05-01 00:00:00,In Progress,No,
WF9591A256,EVT1EB4A5D2,ApprovalEngine,Reviewed,2024-12-28 00:00:00,Failed,Yes,2024-12-28 21:00:00
WF7A8AE6CF,EVT95126367,ProcurementBot,Rejected,2024-10-30 00:00:00,Completed,Yes,2024-10-30 22:00:00
WF1DB790C1,EVT304B84A9,IncidentResponder,Escalated,2024-10-17 00:00:00,In Progress,No,
WFA7427575,EVT564D55F7,DeliveryTracker,Reviewed,2024-08-19 00:00:00,In Progress,No,
WFFF0B3F9E,EVTF65BAACD,IncidentResponder,Approved,2024-01-30 00:00:00,In Progress,Yes,2024-01-30 21:00:00
WF9FCBEA14,EVTA17540AE,RiskAssessment,Escalated,2024-04-09 00:00:00,Completed,Yes,2024-04-09 12:00:00
WF6BECCAFE,EVT37D2208E,InventoryOptimizer,Assigned,2024-11-23 00:00:00,In Progress,No,
WFAD0DB76F,EVTBD9F4A4B,ProcurementBot,Initiated,2024-09-25 00:00:00,Completed,Yes,2024-09-25 22:00:00
WFA6E63204,EVTD49DD628,IncidentResponder,Assigned,2024-04-08 00:00:00,Completed,Yes,2024-04-08 06:00:00
WF566AE3B9,EVT042EA28A,CostOptimizer,Assigned,2024-12-05 00:00:00,Completed,Yes,2024-12-05 15:00:00
WF2CC49335,EVT55723880,ApprovalEngine,Initiated,2024-01-30 00:00:00,Completed,No,
WF8277165D,EVT4DD5DBD7,IncidentResponder,Escalated,2024-03-31 00:00:00,Completed,No,
WF83C4C6F7,EVTDD11F1DE,ApprovalEngine,Approved,2024-06-21 00:00:00,In Progress,Yes,2024-06-21 22:00:00
WF6D570187,EVTED272F8C,IncidentResponder,Assigned,2024-07-15 00:00:00,In Progress,No,
WFCEC968CB,EVT69C1C57F,ProcurementBot,Rejected,2024-05-10 00:00:00,Completed,No,
WF4CDBA754,EVTDA036826,CostOptimizer,Completed,2024-06-19 00:00:00,Completed,Yes,2024-06-19 04:00:00
WF7108E8F5,EVTC3BCF768,CostOptimizer,Rejected,2024-07-02 00:00:00,Completed,Yes,2024-07-02 22:00:00
WFA1387F3C,EVT9DB81AD8,IncidentResponder,Reviewed,2024-01-13 00:00:00,Completed,No,
WFDE2D3BED,EVT17FFCB47,RiskAssessment,Rejected,2024-06-12 00:00:00,Failed,Yes,2024-06-12 01:00:00
WFDE765A5E,EVT1A4AAC98,RiskAssessment,Initiated,2024-06-23 00:00:00,Completed,No,
WF60B1E480,EVT60ECF9E2,CostOptimizer,Updated,2024-03-29 00:00:00,Completed,No,
WF2BCA231F,EVTD46375A1,VendorAnalyzer,Rejected,2024-02-10 00:00:00,Completed,Yes,2024-02-10 04:00:00
WF434A9DC5,EVTB9998DBA,RiskAssessment,Updated,2024-09-20 00:00:00,Completed,No,
WF6C2ED3FB,EVTCD6F42F8,RiskAssessment,Reviewed,2024-05-26 00:00:00,Completed,No,
WF8240D53D,EVT8D0A9293,VendorAnalyzer,Completed,2024-01-17 00:00:00,Failed,No,
WF5E7C9C8F,EVT57631092,ApprovalEngine,Assigned,2024-11-21 00:00:00,Completed,No,
WFA23BDCB7,EVTC95869BF,IncidentResponder,Rejected,2024-02-09 00:00:00,Completed,No,
WF4D0AF087,EVT9F45E33D,InventoryOptimizer,Reviewed,2024-10-20 00:00:00,Completed,No,
WFDD4BD081,EVT3B953C2B,DeliveryTracker,Assigned,2024-03-08 00:00:00,Completed,No,
WF34FE1BB0,EVT947871C8,CostOptimizer,Reviewed,2024-08-07 00:00:00,Completed,Yes,2024-08-07 19:00:00
WF187C3DC2,EVTCE06FCB0,DeliveryTracker,Reviewed,2024-10-19 00:00:00,Completed,No,
WFC16D1C55,EVTD581989A,ProcurementBot,Completed,2024-12-27 00:00:00,In Progress,No,
WF75F1B362,EVT70D36783,CostOptimizer,Completed,2024-12-23 00:00:00,Completed,No,
WFACA1E4A8,EVTB890595D,CostOptimizer,Approved,2024-05-23 00:00:00,Completed,No,
WF159822D1,EVT2C006089,VendorAnalyzer,Rejected,2024-10-06 00:00:00,Completed,Yes,2024-10-06 16:00:00
WF3E233779,EVTB066CC3F,IncidentResponder,Assigned,2024-08-27 00:00:00,Completed,No,
WFC1BD8E8F,EVT96425D84,DeliveryTracker,Reviewed,2024-05-20 00:00:00,Completed,Yes,2024-05-20 08:00:00
WF98DFDABE,EVT81E9C0B9,InventoryOptimizer,Updated,2024-04-05 00:00:00,Completed,No,
WF780C1E72,EVTC315D39A,VendorAnalyzer,Updated,2024-08-25 00:00:00,Failed,Yes,2024-08-25 17:00:00
WFF38FFBAF,EVTF42D7D85,CostOptimizer,Updated,2024-03-12 00:00:00,Completed,Yes,2024-03-12 18:00:00
WFD94685AA,EVT5A82D6B6,ProcurementBot,Completed,2024-11-16 00:00:00,Completed,No,
WF25D1090A,EVTF20A47B6,InventoryOptimizer,Reviewed,2024-03-04 00:00:00,In Progress,Yes,2024-03-04 23:00:00
WF80D3698C,EVTEF3BBD8F,RiskAssessment,Completed,2024-08-04 00:00:00,Completed,No,
WF333E948D,EVTCF5E9352,InventoryOptimizer,Completed,2024-06-03 00:00:00,In Progress,No,
WF5606ED40,EVT82058C1B,VendorAnalyzer,Escalated,2024-12-26 00:00:00,Completed,Yes,2024-12-26 14:00:00
WFF14740C4,EVTD951BDD5,ProcurementBot,Approved,2024-08-31 00:00:00,Completed,No,
WF892C6E41,EVT9EBFED08,DeliveryTracker,Updated,2024-07-12 00:00:00,Completed,No,
WF5098B7B7,EVT2F6D0B90,RiskAssessment,Approved,2024-02-06 00:00:00,In Progress,Yes,2024-02-06 07:00:00
WFD741E108,EVT314372E7,ApprovalEngine,Approved,2024-07-03 00:00:00,Completed,No,
WFFAFB88D8,EVT2A6C59CA,ProcurementBot,Rejected,2024-04-15 00:00:00,Completed,Yes,2024-04-15 10:00:00
WF4F002403,EVT81169BA1,ProcurementBot,Initiated,2024-09-02 00:00:00,Failed,No,
WF54AFD309,EVTA2F954E4,VendorAnalyzer,Escalated,2024-11-27 00:00:00,Completed,No,
WF7066C0F4,EVT1A4AAC98,ApprovalEngine,Initiated,2024-05-26 00:00:00,Completed,No,
WF6AD49A86,EVT993554A4,CostOptimizer,Assigned,2024-07-02 00:00:00,Completed,Yes,2024-07-02 11:00:00
WF095B31F9,EVT68A548DA,ApprovalEngine,Approved,2024-03-31 00:00:00,Failed,No,
WF7AF18F3D,EVTC749925F,VendorAnalyzer,Completed,2024-01-17 00:00:00,Completed,No,
WF564B4AFE,EVT1535FE1D,ApprovalEngine,Initiated,2024-03-06 00:00:00,Completed,Yes,2024-03-06 02:00:00
WF636F9008,EVT68A548DA,DeliveryTracker,Assigned,2024-06-01 00:00:00,Completed,No,
WF1858A376,EVTFD8C83C7,InventoryOptimizer,Rejected,2024-01-02 00:00:00,Completed,Yes,2024-01-02 01:00:00
WF54D65D5B,EVT7D4A5639,ApprovalEngine,Rejected,2024-07-16 00:00:00,Completed,No,
WF5B499E8D,EVT41E5F23B,ApprovalEngine,Rejected,2024-02-17 00:00:00,Completed,Yes,2024-02-17 20:00:00
WF990BDC50,EVT89FB67D7,CostOptimizer,Completed,2024-12-19 00:00:00,Completed,Yes,2024-12-19 19:00:00
WFDC284278,EVT215FA96B,DeliveryTracker,Completed,2024-08-05 00:00:00,Completed,No,
WF87485655,EVTC18146E3,DeliveryTracker,Assigned,2024-04-17 00:00:00,Completed,No,
WFE2463A92,EVT7E1FC6C8,ApprovalEngine,Completed,2024-03-11 00:00:00,Completed,No,
WF69CB3010,EVTEF1CAB46,DeliveryTracker,Updated,2024-10-01 00:00:00,Completed,Yes,2024-10-01 07:00:00
WFA673AA92,EVTD55F3B0D,InventoryOptimizer,Escalated,2024-06-24 00:00:00,Completed,Yes,2024-06-24 13:00:00
WF19598F83,EVT82C4E0F0,ProcurementBot,Escalated,2024-07-15 00:00:00,In Progress,Yes,2024-07-15 05:00:00
WF6C6C255C,EVT3305DDAC,DeliveryTracker,Approved,2024-09-01 00:00:00,Completed,No,
WF23BE51C8,EVTB26C2087,VendorAnalyzer,Assigned,2024-07-01 00:00:00,Completed,No,
WF0B80A971,EVT38CC57B8,VendorAnalyzer,Rejected,2024-03-21 00:00:00,In Progress,No,
WF72D40D13,EVT1FDF56CE,ApprovalEngine,Updated,2024-03-26 00:00:00,In Progress,Yes,2024-03-26 09:00:00
WF520E6873,EVT39D3B62C,DeliveryTracker,Approved,2024-07-14 00:00:00,Completed,No,
WF6E3009FB,EVT6E7459C2,CostOptimizer,Approved,2024-06-14 00:00:00,Completed,Yes,2024-06-14 16:00:00
WF8D268D39,EVTDC8DD9C0,CostOptimizer,Initiated,2024-08-06 00:00:00,Completed,No,
WF83685224,EVTCD3EB60C,VendorAnalyzer,Updated,2024-11-26 00:00:00,Completed,Yes,2024-11-26 01:00:00
WF482FF7F1,EVT100EF3CA,ApprovalEngine,Initiated,2024-01-24 00:00:00,Completed,Yes,2024-01-24 11:00:00
WFE6741A9F,EVT51CF7682,CostOptimizer,Escalated,2024-07-10 00:00:00,Completed,No,
WFA256F32E,EVTCD6F42F8,IncidentResponder,Reviewed,2024-11-03 00:00:00,Completed,No,
WF114CAD2F,EVT5648AEFC,ApprovalEngine,Rejected,2024-02-05 00:00:00,Failed,Yes,2024-02-05 06:00:00
WFCE62A8EF,EVTCBF94456,CostOptimizer,Assigned,2024-11-22 00:00:00,Completed,Yes,2024-11-22 16:00:00
WF9DBC7516,EVTDD02B5F8,IncidentResponder,Reviewed,2024-06-17 00:00:00,Completed,Yes,2024-06-17 20:00:00
WFFB3F5244,EVT30275BC5,InventoryOptimizer,Reviewed,2024-07-08 00:00:00,In Progress,No,
WFB98FFF3B,EVTF9FC0464,ApprovalEngine,Initiated,2024-03-23 00:00:00,Failed,No,
WFA0DAE6D1,EVT2CEE16A8,ApprovalEngine,Updated,2024-12-05 00:00:00,In Progress,No,
WF0FB6A13D,EVTE3932734,IncidentResponder,Updated,2024-07-06 00:00:00,Completed,No,
WF1064DC8F,EVT136D1AFD,ApprovalEngine,Approved,2024-11-07 00:00:00,Completed,No,
WFB03DC217,EVTDEC8BCE9,ProcurementBot,Escalated,2024-03-17 00:00:00,Completed,Yes,2024-03-17 23:00:00
WFB1C07E2B,EVTBDD9DD4B,ProcurementBot,Approved,2024-06-15 00:00:00,Completed,No,
WF9D9EC36D,EVT08DDA840,CostOptimizer,Updated,2024-03-24 00:00:00,Completed,No,
WF83DD43A4,EVT9DBCA58C,InventoryOptimizer,Reviewed,2024-01-31 00:00:00,Completed,No,
WF3E47E731,EVTFE67424E,IncidentResponder,Initiated,2024-05-08 00:00:00,Completed,Yes,2024-05-08 12:00:00
WF907942FC,EVTAEE53531,DeliveryTracker,Rejected,2024-12-09 00:00:00,Completed,No,
WF47DE9BA5,EVTEA07F808,ProcurementBot,Updated,2024-02-23 00:00:00,Completed,No,
WFD1CF7EDB,EVT15E26BAA,IncidentResponder,Reviewed,2024-05-10 00:00:00,Completed,No,
WF7E9B1374,EVT82017977,InventoryOptimizer,Updated,2024-02-14 00:00:00,Completed,No,
WF2A29D200,EVTF9A1DD86,IncidentResponder,Updated,2024-03-16 00:00:00,Completed,No,
WF09D0D026,EVTE075F602,ApprovalEngine,Approved,2024-05-14 00:00:00,Completed,No,
WF4BBF8BD0,EVT2D8EF467,ProcurementBot,Assigned,2024-11-09 00:00:00,In Progress,Yes,2024-11-09 18:00:00
WFCDF753E6,EVTD50F385A,IncidentResponder,Completed,2024-02-09 00:00:00,Completed,No,
WF0DA9FEE2,EVT77FD2FB9,ApprovalEngine,Rejected,2024-12-18 00:00:00,Failed,No,
WF521586AE,EVT82017977,RiskAssessment,Updated,2024-05-14 00:00:00,Failed,Yes,2024-05-14 14:00:00
WF11C9E203,EVTD00735EC,RiskAssessment,Assigned,2024-10-07 00:00:00,Completed,No,
WFBE469556,EVTB728176A,InventoryOptimizer,Completed,2024-06-14 00:00:00,Completed,Yes,2024-06-14 09:00:00
WF3BC0B65A,EVTB279696A,ProcurementBot,Approved,2024-03-11 00:00:00,Completed,Yes,2024-03-11 04:00:00
WFFDA1B53D,EVT95528261,CostOptimizer,Approved,2024-12-28 00:00:00,Completed,No,
WF0E023427,EVT3E2751DE,DeliveryTracker,Updated,2024-04-27 00:00:00,Completed,Yes,2024-04-27 04:00:00
WFDF161CD9,EVT004FB1E9,DeliveryTracker,Rejected,2024-01-02 00:00:00,Completed,No,
WF1E6A41A1,EVTB9998DBA,RiskAssessment,Reviewed,2024-11-11 00:00:00,Completed,No,
WFB2269412,EVTF8B509C5,InventoryOptimizer,Rejected,2024-04-06 00:00:00,Completed,Yes,2024-04-06 01:00:00
WF30164C5C,EVTCB23A4DF,RiskAssessment,Updated,2024-02-28 00:00:00,Completed,No,
WF1B424373,EVTE93EE6BD,RiskAssessment,Approved,2024-09-05 00:00:00,Completed,No,
WF470BC13D,EVT69B891C9,CostOptimizer,Initiated,2024-01-25 00:00:00,In Progress,Yes,2024-01-25 08:00:00
WF09AE6D90,EVT314372E7,InventoryOptimizer,Escalated,2024-06-18 00:00:00,Completed,No,
WF44FDE0F7,EVT4A91EDEE,InventoryOptimizer,Initiated,2024-05-07 00:00:00,Completed,Yes,2024-05-07 19:00:00
WF7763DFF9,EVTA3BBB712,DeliveryTracker,Completed,2024-02-17 00:00:00,Completed,No,
WF798C9573,EVT3299FC86,ApprovalEngine,Completed,2024-10-11 00:00:00,Completed,Yes,2024-10-11 22:00:00
WFB0BF6ACA,EVT6FFFE123,CostOptimizer,Initiated,2024-09-09 00:00:00,Completed,Yes,2024-09-09 11:00:00
WFBC041DB6,EVTFE23B9F2,InventoryOptimizer,Reviewed,2024-02-25 00:00:00,Completed,Yes,2024-02-25 05:00:00
WFAF7BA63B,EVTBAF4E4DB,IncidentResponder,Updated,2024-09-03 00:00:00,Completed,No,
WFE795A2F1,EVTCDE6CCB8,ProcurementBot,Initiated,2024-04-02 00:00:00,Completed,Yes,2024-04-02 05:00:00
WFA3CF1CA4,EVTF478296F,ProcurementBot,Assigned,2024-10-17 00:00:00,Completed,No,
WF5F49FE80,EVTF092F577,ApprovalEngine,Reviewed,2024-08-27 00:00:00,Completed,Yes,2024-08-27 12:00:00
WFAF7A81D1,EVT2131BF1A,IncidentResponder,Assigned,2024-11-23 00:00:00,Completed,Yes,2024-11-23 04:00:00
WFC3D9F14D,EVTAE836A53,DeliveryTracker,Updated,2024-10-25 00:00:00,Completed,Yes,2024-10-25 16:00:00
WF64DDDB63,EVTA8193B79,ApprovalEngine,Initiated,2024-04-07 00:00:00,Completed,Yes,2024-04-08 00:00:00
WF04552EBD,EVT78875811,ProcurementBot,Reviewed,2024-11-21 00:00:00,Completed,No,
WF684A0E4B,EVTD320F7D3,ProcurementBot,Updated,2024-07-14 00:00:00,Completed,No,
WF4CE95F1D,EVT7134A011,VendorAnalyzer,Assigned,2024-03-03 00:00:00,Completed,No,
WF44BA616A,EVT1467DB27,CostOptimizer,Assigned,2024-11-21 00:00:00,Completed,No,
WF96E34749,EVT2A474D95,DeliveryTracker,Initiated,2024-10-20 00:00:00,Completed,No,
WFBAD2D93E,EVT9368ED88,ProcurementBot,Reviewed,2024-02-07 00:00:00,Completed,No,
WF95A8DD37,EVT180A9250,CostOptimizer,Assigned,2024-01-29 00:00:00,Completed,No,
WFD37BE5A4,EVT2507CECE,ApprovalEngine,Updated,2024-04-06 00:00:00,In Progress,Yes,2024-04-06 19:00:00
WFD66A16EA,EVT0CF3A626,RiskAssessment,Reviewed,2024-08-19 00:00:00,Completed,Yes,2024-08-19 20:00:00
WFD7A52F60,EVT782E4975,VendorAnalyzer,Assigned,2024-07-13 00:00:00,Completed,No,
WFC80CC308,EVTB20CA7EA,ApprovalEngine,Rejected,2024-02-12 00:00:00,In Progress,No,
WF0F24E095,EVT502E0A38,ApprovalEngine,Initiated,2024-09-17 00:00:00,In Progress,No,
WF9F110A4C,EVT293CA5A3,ProcurementBot,Reviewed,2024-10-19 00:00:00,Completed,No,
WF77014C20,EVT46B686FA,CostOptimizer,Approved,2024-12-26 00:00:00,Completed,No,
WF0F39CC1F,EVT6B310A27,RiskAssessment,Assigned,2024-09-03 00:00:00,Completed,No,
WF86D98DAD,EVTC95869BF,IncidentResponder,Reviewed,2024-07-01 00:00:00,Completed,No,
WFFCAFF8B2,EVT2B5FDF1A,CostOptimizer,Rejected,2024-11-08 00:00:00,Completed,No,
WF61C31066,EVTB43B4C18,CostOptimizer,Escalated,2024-03-12 00:00:00,Completed,Yes,2024-03-12 23:00:00
WF31730701,EVT95528261,DeliveryTracker,Assigned,2024-02-14 00:00:00,Completed,Yes,2024-02-15 00:00:00
WFC6BBB055,EVTAB9459BE,RiskAssessment,Reviewed,2024-05-20 00:00:00,Completed,Yes,2024-05-21 00:00:00
WF97B698D2,EVT4B3C6985,RiskAssessment,Reviewed,2024-07-05 00:00:00,Completed,No,
WF1590983F,EVTFE4372B3,DeliveryTracker,Completed,2024-03-08 00:00:00,In Progress,Yes,2024-03-08 19:00:00
WF38284C14,EVT02D1B8FB,InventoryOptimizer,Initiated,2024-05-01 00:00:00,Failed,Yes,2024-05-01 23:00:00
WFE98163AF,EVT0359EC61,CostOptimizer,Rejected,2024-05-03 00:00:00,Completed,Yes,2024-05-03 20:00:00
WF94AD58C8,EVT7391FF39,DeliveryTracker,Approved,2024-07-05 00:00:00,Completed,Yes,2024-07-05 13:00:00
WF6FE3CE40,EVTC19F69C8,VendorAnalyzer,Assigned,2024-01-10 00:00:00,Completed,No,
WF2F80427F,EVTDF0AD043,VendorAnalyzer,Initiated,2024-12-08 00:00:00,Completed,Yes,2024-12-08 06:00:00
WF2FD8EF88,EVTA5CA2A78,DeliveryTracker,Assigned,2024-03-14 00:00:00,Completed,No,
WF1B83F569,EVTD1B9C734,CostOptimizer,Completed,2024-07-20 00:00:00,Completed,No,
WF57597032,EVTED9A28DC,CostOptimizer,Assigned,2024-05-05 00:00:00,Failed,No,
WFA8F189CF,EVTC2BB7F15,VendorAnalyzer,Reviewed,2024-07-21 00:00:00,Completed,No,
WFD1558DD9,EVT9DAFED69,InventoryOptimizer,Reviewed,2024-10-31 00:00:00,Completed,Yes,2024-10-31 19:00:00
WF5BF51118,EVT4B7A2993,DeliveryTracker,Approved,2024-05-24 00:00:00,Completed,No,
WFA233F036,EVT424A5759,IncidentResponder,Rejected,2024-08-11 00:00:00,Failed,No,
WF35DE204F,EVT821197FD,InventoryOptimizer,Completed,2024-05-01 00:00:00,Completed,No,
WFD46E9AC3,EVTE9A1526A,ProcurementBot,Initiated,2024-10-29 00:00:00,Completed,No,
WF7F34864F,EVT755150E7,CostOptimizer,Assigned,2024-07-03 00:00:00,Completed,No,
WF39DAEA91,EVT2296EE52,RiskAssessment,Updated,2024-03-28 00:00:00,Completed,No,
WF815B6A33,EVT8E3391CB,ProcurementBot,Initiated,2024-01-02 00:00:00,Completed,Yes,2024-01-02 01:00:00
WF2CAEB3A5,EVT1C32EBA3,VendorAnalyzer,Escalated,2024-01-20 00:00:00,Completed,No,
WF53445868,EVT677BB40B,VendorAnalyzer,Assigned,2024-01-06 00:00:00,In Progress,No,
WF50929FE8,EVT7D800143,ProcurementBot,Assigned,2024-05-22 00:00:00,In Progress,Yes,2024-05-22 09:00:00
WFF1407779,EVTC4E63A48,IncidentResponder,Initiated,2024-12-20 00:00:00,Failed,No,
WF0E2759D8,EVT0359EC61,InventoryOptimizer,Assigned,2024-03-04 00:00:00,Completed,No,
WF34FAB022,EVT1CD47EAA,ApprovalEngine,Updated,2024-10-11 00:00:00,Completed,No,
WF6BD8B56B,EVT711FD550,VendorAnalyzer,Updated,2024-08-16 00:00:00,Failed,Yes,2024-08-16 11:00:00
WFD49F6C0A,EVT56DD2553,VendorAnalyzer,Assigned,2024-08-12 00:00:00,Failed,No,
WF601B81B7,EVT901CA4AF,DeliveryTracker,Approved,2024-01-12 00:00:00,In Progress,No,
WF7B01E2AC,EVT2964710D,IncidentResponder,Assigned,2024-11-12 00:00:00,Completed,No,
WF2E965FDC,EVT9563E1F0,ProcurementBot,Assigned,2024-12-21 00:00:00,Completed,Yes,2024-12-22 00:00:00
WF051A8B2F,EVT1D1DF0A5,ApprovalEngine,Assigned,2024-12-01 00:00:00,Completed,No,
WF10085877,EVT56861793,IncidentResponder,Assigned,2024-11-13 00:00:00,Completed,No,
WF56B74AFB,EVT3C923D12,CostOptimizer,Assigned,2024-06-02 00:00:00,Completed,No,
WF1809642A,EVT1288A716,InventoryOptimizer,Rejected,2024-06-17 00:00:00,In Progress,Yes,2024-06-17 08:00:00
WFF39EFD27,EVTD32AC3AD,DeliveryTracker,Rejected,2024-03-15 00:00:00,Completed,Yes,2024-03-15 05:00:00
WF9DC12F93,EVTAAC28C4B,CostOptimizer,Approved,2024-07-15 00:00:00,Completed,No,
WFE400766B,EVTAA13C3CF,VendorAnalyzer,Updated,2024-05-26 00:00:00,In Progress,No,
WFF4137FFD,EVTD8C43D27,VendorAnalyzer,Escalated,2024-08-14 00:00:00,Completed,Yes,2024-08-14 11:00:00
WFA4FEB6EB,EVT874B88F8,VendorAnalyzer,Approved,2024-05-06 00:00:00,Completed,Yes,2024-05-06 10:00:00
WF1C7FE746,EVTB48731AF,InventoryOptimizer,Completed,2024-06-07 00:00:00,Failed,No,
WF09881FC2,EVTB0EC9290,InventoryOptimizer,Assigned,2024-08-23 00:00:00,Completed,No,
WFA0BB785B,EVTBA17F51E,IncidentResponder,Completed,2024-08-31 00:00:00,Completed,No,
WF3D4043A1,EVTB496A0EB,RiskAssessment,Reviewed,2024-03-11 00:00:00,Completed,Yes,2024-03-11 17:00:00
WF83A4E171,EVT868A26D9,IncidentResponder,Updated,2024-09-17 00:00:00,Completed,Yes,2024-09-17 07:00:00
WF5175605C,EVTBB5B4679,RiskAssessment,Approved,2024-06-04 00:00:00,Completed,Yes,2024-06-04 04:00:00
WF1EDE05B7,EVT2247B995,IncidentResponder,Escalated,2024-11-22 00:00:00,Completed,No,
WF1D807D58,EVTA3C83D88,ProcurementBot,Approved,2024-04-06 00:00:00,Completed,No,
WF67CCE94A,EVT68B4304A,InventoryOptimizer,Updated,2024-04-28 00:00:00,Completed,No,
WFF60EB42F,EVTF478296F,ApprovalEngine,Approved,2024-04-30 00:00:00,Completed,Yes,2024-04-30 04:00:00
WF61046035,EVTB10FC93A,RiskAssessment,Initiated,2024-04-08 00:00:00,Completed,No,
WFB9F1D290,EVT11A411EE,InventoryOptimizer,Escalated,2024-11-27 00:00:00,Completed,No,
WF2CD12D19,EVTED7AC308,InventoryOptimizer,Updated,2024-10-25 00:00:00,Completed,No,
WF9903340F,EVT9742D2FB,CostOptimizer,Completed,2024-10-20 00:00:00,Completed,Yes,2024-10-20 17:00:00
WF1C66FE09,EVT53934673,IncidentResponder,Approved,2024-05-07 00:00:00,Completed,Yes,2024-05-07 09:00:00
WF69CE3DF2,EVT18BEC370,InventoryOptimizer,Initiated,2024-11-03 00:00:00,In Progress,No,
WF4F8340A2,EVT1576C9D6,InventoryOptimizer,Initiated,2024-05-09 00:00:00,In Progress,No,
WFAFA62A03,EVT8ABACC03,DeliveryTracker,Approved,2024-04-17 00:00:00,Failed,No,
WF1DAE2B61,EVT8D72F1B7,IncidentResponder,Updated,2024-01-11 00:00:00,Failed,No,
WF79A72795,EVT5E05131A,DeliveryTracker,Initiated,2024-03-29 00:00:00,Completed,No,
WF56FC8750,EVTE075F602,CostOptimizer,Approved,2024-10-22 00:00:00,Completed,Yes,2024-10-22 09:00:00
WF1C54F7D0,EVT5BC1EB97,CostOptimizer,Completed,2024-08-08 00:00:00,In Progress,Yes,2024-08-08 08:00:00
WFDDDFF7BA,EVT321BE452,InventoryOptimizer,Approved,2024-09-17 00:00:00,Completed,No,
WFB76AC792,EVT2114DD4B,IncidentResponder,Updated,2024-01-31 00:00:00,Failed,No,
WFE811A7B0,EVTE798784A,ProcurementBot,Reviewed,2024-08-07 00:00:00,Completed,No,
WF2C12555C,EVT50240713,InventoryOptimizer,Rejected,2024-01-27 00:00:00,Completed,No,
WFED62397A,EVT32E73A1C,ApprovalEngine,Escalated,2024-11-11 00:00:00,Completed,No,
WFCFE8130E,EVTC4DD8DB5,CostOptimizer,Reviewed,2024-09-29 00:00:00,In Progress,No,
WF179058DA,EVT6FE4C2F2,VendorAnalyzer,Initiated,2024-04-21 00:00:00,In Progress,No,
WF38BB0017,EVT109C80C0,CostOptimizer,Rejected,2024-06-05 00:00:00,Completed,Yes,2024-06-05 23:00:00
WF040210EC,EVTCE11337A,InventoryOptimizer,Assigned,2024-04-11 00:00:00,Completed,No,
WF7BD096FD,EVT4B7A2993,InventoryOptimizer,Approved,2024-06-13 00:00:00,Completed,No,
WF064E5760,EVT3299FC86,VendorAnalyzer,Updated,2024-05-22 00:00:00,In Progress,No,
WF6B8645C4,EVT20C20EA8,RiskAssessment,Completed,2024-01-29 00:00:00,Completed,No,
WF9586200A,EVT2557FBE1,CostOptimizer,Updated,2024-07-23 00:00:00,In Progress,No,
WFDFEC9823,EVT02D1B8FB,VendorAnalyzer,Completed,2024-02-16 00:00:00,Completed,Yes,2024-02-16 23:00:00
WF7B833604,EVT6FCB42D4,CostOptimizer,Approved,2024-12-09 00:00:00,Completed,Yes,2024-12-09 01:00:00
WF3D2EE4B1,EVT155C8DD8,RiskAssessment,Reviewed,2024-06-01 00:00:00,Completed,No,
WF4790EEE1,EVT9B165459,InventoryOptimizer,Completed,2024-05-06 00:00:00,Completed,No,
WF329FD872,EVT191B2189,VendorAnalyzer,Rejected,2024-10-06 00:00:00,Completed,No,
WF78E3FDF3,EVT3C5D882C,VendorAnalyzer,Updated,2024-01-22 00:00:00,Completed,Yes,2024-01-22 05:00:00
WFEB07C4A8,EVT5E05131A,ApprovalEngine,Rejected,2024-08-15 00:00:00,Completed,No,
WF27A01CD9,EVTCB63AAAA,ApprovalEngine,Updated,2024-09-13 00:00:00,Completed,Yes,2024-09-13 02:00:00
WFA3B10387,EVT15E470BD,ProcurementBot,Approved,2024-05-09 00:00:00,Completed,Yes,2024-05-09 04:00:00
WF7AA391B1,EVT136D1AFD,ProcurementBot,Rejected,2024-03-13 00:00:00,In Progress,No,
WFFCF6FB35,EVT7D5D5409,VendorAnalyzer,Rejected,2024-02-10 00:00:00,Completed,No,
WFE0576B32,EVT3B6407F0,ProcurementBot,Approved,2024-12-04 00:00:00,Completed,Yes,2024-12-04 22:00:00
WF52CAD368,EVT2A6B0651,ApprovalEngine,Completed,2024-03-08 00:00:00,Failed,Yes,2024-03-09 00:00:00
WF879ED370,EVT333432B0,IncidentResponder,Escalated,2024-09-13 00:00:00,In Progress,No,
WFD3776CC3,EVT5B2D2B16,InventoryOptimizer,Initiated,2024-11-20 00:00:00,Completed,No,
WFB8821727,EVT38A4D343,CostOptimizer,Completed,2024-11-18 00:00:00,Completed,Yes,2024-11-18 12:00:00
WF8FA11A11,EVT4B7A2993,DeliveryTracker,Reviewed,2024-12-02 00:00:00,Failed,No,
WF8EE4D021,EVT06CF02FA,CostOptimizer,Reviewed,2024-05-05 00:00:00,Completed,Yes,2024-05-05 21:00:00
WFD032C322,EVT8AD67168,DeliveryTracker,Updated,2024-01-29 00:00:00,In Progress,Yes,2024-01-29 01:00:00
WF8D454257,EVT7F63052B,RiskAssessment,Assigned,2024-06-25 00:00:00,Completed,Yes,2024-06-25 11:00:00
WFE7743992,EVT682F049A,DeliveryTracker,Approved,2024-12-16 00:00:00,Completed,Yes,2024-12-16 03:00:00
WF199E9B25,EVT81891BEA,VendorAnalyzer,Updated,2024-01-06 00:00:00,Completed,Yes,2024-01-06 18:00:00
WF7D809EDE,EVT552DDD33,IncidentResponder,Completed,2024-10-10 00:00:00,Completed,No,
WF17D9AC25,EVT3F4E5BB7,VendorAnalyzer,Escalated,2024-03-21 00:00:00,Completed,No,
WFBF13878E,EVTD6A63016,VendorAnalyzer,Completed,2024-05-14 00:00:00,In Progress,Yes,2024-05-14 08:00:00
WFF1703184,EVTED5F2D1E,DeliveryTracker,Completed,2024-03-18 00:00:00,Completed,No,
WF3FC9E163,EVT8E8DC042,InventoryOptimizer,Initiated,2024-04-02 00:00:00,Completed,No,
WFE537EC2A,EVTC5195F52,DeliveryTracker,Approved,2024-07-09 00:00:00,In Progress,No,
WFC18267C7,EVT9254CEC1,RiskAssessment,Reviewed,2024-11-16 00:00:00,Completed,No,
WF41D6A756,EVTEAC2EDFF,RiskAssessment,Rejected,2024-12-27 00:00:00,Completed,No,
WF94945802,EVT00F74608,CostOptimizer,Rejected,2024-08-04 00:00:00,Completed,No,
WF79D849D8,EVT9A25A3D8,CostOptimizer,Assigned,2024-01-16 00:00:00,Failed,No,
WF7043195E,EVT45CF60CD,IncidentResponder,Approved,2024-06-28 00:00:00,Completed,No,
WFBD34EA27,EVT21724138,InventoryOptimizer,Reviewed,2024-11-14 00:00:00,Completed,Yes,2024-11-14 22:00:00
WF356447A2,EVT7BEE0A27,IncidentResponder,Approved,2024-01-31 00:00:00,Failed,Yes,2024-01-31 16:00:00
WF126B7B37,EVTA80E4C24,InventoryOptimizer,Approved,2024-11-11 00:00:00,Completed,No,
WF4783636C,EVTC65B0B52,ProcurementBot,Escalated,2024-10-17 00:00:00,Completed,Yes,2024-10-17 10:00:00
WF6422B5E5,EVT8AA381CF,ProcurementBot,Rejected,2024-11-08 00:00:00,Completed,Yes,2024-11-08 14:00:00
WF4549FA49,EVTC3BCF768,IncidentResponder,Reviewed,2024-07-12 00:00:00,Completed,Yes,2024-07-12 01:00:00
WF1B259B7C,EVTFD09BF6B,CostOptimizer,Reviewed,2024-07-08 00:00:00,Completed,No,
WFC0BB106B,EVT4152DA8E,ProcurementBot,Reviewed,2024-06-28 00:00:00,Completed,No,
WFB8608993,EVT439C07AC,VendorAnalyzer,Reviewed,2024-10-30 00:00:00,Completed,Yes,2024-10-30 08:00:00
WFBF24BA4B,EVTCBDD3D5D,ProcurementBot,Assigned,2024-09-21 00:00:00,In Progress,No,
WF6D7BE5D6,EVTA5EF09D5,VendorAnalyzer,Escalated,2024-06-14 00:00:00,Completed,Yes,2024-06-14 14:00:00
WF96F33A23,EVTC74A04E1,CostOptimizer,Escalated,2024-08-10 00:00:00,Completed,No,
WF20BCCB4C,EVTA4081F4A,IncidentResponder,Initiated,2024-01-09 00:00:00,Completed,No,
WFEBE0CB80,EVTB3E21FCC,ProcurementBot,Completed,2024-12-31 00:00:00,Completed,No,
WFE42166FD,EVTF927E7B3,InventoryOptimizer,Initiated,2024-06-24 00:00:00,Completed,No,
WF0BE01B98,EVT4DBF8420,DeliveryTracker,Assigned,2024-06-21 00:00:00,Completed,Yes,2024-06-21 06:00:00
WF444CC69B,EVT1AC0F229,RiskAssessment,Completed,2024-02-07 00:00:00,Completed,No,
WF5FD2CCBA,EVT3305DDAC,ProcurementBot,Assigned,2024-12-25 00:00:00,Completed,Yes,2024-12-25 05:00:00
WF0E8BBA09,EVTD00735EC,ApprovalEngine,Approved,2024-04-16 00:00:00,Failed,Yes,2024-04-16 07:00:00
WF71A7FBAD,EVT84F37A0E,RiskAssessment,Assigned,2024-02-25 00:00:00,In Progress,No,
WF7F40811C,EVT68A548DA,VendorAnalyzer,Initiated,2024-09-04 00:00:00,Completed,No,
WFEDA68BFB,EVT9E659660,ApprovalEngine,Rejected,2024-11-18 00:00:00,Completed,No,
WF9FC30D52,EVTDFC07F96,DeliveryTracker,Assigned,2024-03-28 00:00:00,Completed,No,
WFA56C84BC,EVT290E1162,VendorAnalyzer,Assigned,2024-01-18 00:00:00,Completed,No,
WF34337D3B,EVTA357774E,ProcurementBot,Updated,2024-04-22 00:00:00,Completed,Yes,2024-04-22 07:00:00
WF1A979657,EVTF2CAF6C6,InventoryOptimizer,Updated,2024-04-22 00:00:00,Completed,Yes,2024-04-22 17:00:00
WFD7413DAB,EVTC1FCC06C,InventoryOptimizer,Updated,2024-04-25 00:00:00,Completed,Yes,2024-04-25 04:00:00
WFC2E72505,EVTE5A6EE80,RiskAssessment,Escalated,2024-09-26 00:00:00,Completed,No,
WF4FBCDEB2,EVT9DD3133C,ProcurementBot,Updated,2024-05-04 00:00:00,Completed,No,
WF52DB7607,EVT1D325178,IncidentResponder,Updated,2024-04-28 00:00:00,In Progress,No,
WF5E9A25DD,EVT227EFD6E,DeliveryTracker,Completed,2024-09-18 00:00:00,Failed,No,
WFC85E11AE,EVT88449836,ApprovalEngine,Reviewed,2024-02-15 00:00:00,Completed,No,
WFC127908D,EVT72947E9C,VendorAnalyzer,Initiated,2024-01-20 00:00:00,Completed,Yes,2024-01-20 12:00:00
WFC66AE363,EVT5FDF582D,RiskAssessment,Updated,2024-10-22 00:00:00,Completed,Yes,2024-10-22 20:00:00
WF46FBECC0,EVT89A55455,InventoryOptimizer,Assigned,2024-11-09 00:00:00,In Progress,No,
WF16CAF682,EVT524F3CD4,IncidentResponder,Rejected,2024-09-23 00:00:00,Failed,No,
WFDA1DA2F8,EVT1A738619,VendorAnalyzer,Reviewed,2024-09-10 00:00:00,Completed,No,
WF8C23D267,EVT861A243A,ApprovalEngine,Approved,2024-03-28 00:00:00,Completed,No,
WFEEED60B8,EVT6907A365,IncidentResponder,Completed,2024-05-25 00:00:00,Completed,No,
WFD62A25FF,EVT36E832B7,CostOptimizer,Escalated,2024-06-12 00:00:00,In Progress,No,
WF85599217,EVT7B66725B,DeliveryTracker,Updated,2024-05-17 00:00:00,Failed,No,
WF81D58557,EVT012688EB,RiskAssessment,Initiated,2024-09-02 00:00:00,Completed,Yes,2024-09-02 17:00:00
WF92322B40,EVT778511C5,InventoryOptimizer,Updated,2024-07-15 00:00:00,Completed,No,
WF018D84BC,EVT9A0ABB56,InventoryOptimizer,Reviewed,2024-06-18 00:00:00,In Progress,No,
WFBB2C1D30,EVT5D510D5E,IncidentResponder,Updated,2024-01-15 00:00:00,In Progress,No,
WF9E8E1106,EVTA2D38533,ApprovalEngine,Approved,2024-10-05 00:00:00,In Progress,Yes,2024-10-05 19:00:00
WF3C630DD6,EVTE80F2E8F,IncidentResponder,Completed,2024-03-13 00:00:00,Completed,No,
WFB9212D3D,EVT692CFECB,ProcurementBot,Escalated,2024-06-03 00:00:00,In Progress,Yes,2024-06-03 05:00:00
WF2702D670,EVT6799960B,RiskAssessment,Completed,2024-07-21 00:00:00,Completed,Yes,2024-07-21 17:00:00
WF49225742,EVT1F2CFCE9,ProcurementBot,Updated,2024-03-07 00:00:00,Failed,Yes,2024-03-07 20:00:00
WF36B768A8,EVT1AF45ECA,RiskAssessment,Assigned,2024-10-04 00:00:00,Completed,Yes,2024-10-04 04:00:00
WFE0EAB91C,EVT5B28D09F,IncidentResponder,Completed,2024-02-01 00:00:00,Completed,Yes,2024-02-01 03:00:00
WF8AC368F4,EVTED46AD11,VendorAnalyzer,Updated,2024-05-25 00:00:00,Completed,Yes,2024-05-25 02:00:00
WF4DF38665,EVT89172726,ApprovalEngine,Reviewed,2024-01-04 00:00:00,Completed,No,
WF72691F0F,EVTAFC74679,IncidentResponder,Escalated,2024-10-13 00:00:00,In Progress,No,
WF8A067835,EVT62E00199,InventoryOptimizer,Assigned,2024-09-03 00:00:00,Completed,No,
WF72F65477,EVT1FF5924B,VendorAnalyzer,Reviewed,2024-07-17 00:00:00,Completed,Yes,2024-07-17 08:00:00
WF32A08571,EVTCCA91E1A,RiskAssessment,Updated,2024-11-25 00:00:00,Failed,No,
WF22F4C45E,EVT371DB310,ProcurementBot,Completed,2024-09-05 00:00:00,In Progress,No,
WFD97BE92E,EVTA60FCAC8,ApprovalEngine,Assigned,2024-05-20 00:00:00,Completed,Yes,2024-05-20 13:00:00
WF38EFAC22,EVT20AA2BFE,ApprovalEngine,Completed,2024-11-05 00:00:00,In Progress,Yes,2024-11-05 19:00:00
WF43719D51,EVTFA97CD71,ApprovalEngine,Updated,2024-09-30 00:00:00,Completed,Yes,2024-09-30 18:00:00
WFB0D457EE,EVTDF0FF73A,IncidentResponder,Assigned,2024-04-04 00:00:00,Completed,No,
WF96B91879,EVTBCF14EFC,IncidentResponder,Approved,2024-11-28 00:00:00,Completed,No,
WF05B3D38E,EVT030E86A9,InventoryOptimizer,Assigned,2024-12-13 00:00:00,Completed,Yes,2024-12-13 05:00:00
WF45BE0D35,EVTE188EA69,ProcurementBot,Initiated,2024-08-17 00:00:00,Completed,Yes,2024-08-17 07:00:00
WFF8B45934,EVTF2FB5BFB,DeliveryTracker,Escalated,2024-09-27 00:00:00,Completed,No,
WF9DCAB558,EVT0D0FB018,InventoryOptimizer,Updated,2024-07-21 00:00:00,Completed,No,
WF05A3BDCE,EVT601A534F,IncidentResponder,Assigned,2024-11-15 00:00:00,Completed,No,
WF52F765B4,EVTF5289888,InventoryOptimizer,Completed,2024-12-18 00:00:00,Completed,Yes,2024-12-18 17:00:00
WF38F5A64E,EVT5E8AE4CD,VendorAnalyzer,Approved,2024-12-04 00:00:00,Failed,No,
WF9A71FF44,EVTA512AF61,InventoryOptimizer,Updated,2024-03-04 00:00:00,Completed,No,
WF5E3D37F9,EVTFD1A8B5F,ApprovalEngine,Updated,2024-08-27 00:00:00,Completed,Yes,2024-08-27 21:00:00
WF79F2704D,EVT435EF5CE,InventoryOptimizer,Approved,2024-09-09 00:00:00,Failed,No,
WF2D24157A,EVTB71E17EE,RiskAssessment,Reviewed,2024-11-24 00:00:00,Completed,No,
WFC58DFBF0,EVT0ACE380F,ApprovalEngine,Escalated,2024-04-12 00:00:00,Completed,No,
WFB10BD44F,EVT11816A99,ApprovalEngine,Reviewed,2024-12-30 00:00:00,Completed,No,
WF6180E055,EVT547E3BD4,RiskAssessment,Assigned,2024-08-21 00:00:00,Completed,Yes,2024-08-21 04:00:00
WF313A095D,EVTE9EFE04E,VendorAnalyzer,Reviewed,2024-08-09 00:00:00,Completed,No,
WF61218D8B,EVT26A1BFE1,ProcurementBot,Initiated,2024-07-02 00:00:00,Completed,Yes,2024-07-02 10:00:00
WF75035FBB,EVT9DD3133C,ApprovalEngine,Reviewed,2024-07-02 00:00:00,Completed,No,
WFCC232BA7,EVTEE71EE3D,CostOptimizer,Completed,2024-06-04 00:00:00,Completed,No,
WF9D3DAEDF,EVTEFDF5716,ProcurementBot,Updated,2024-11-02 00:00:00,Completed,Yes,2024-11-02 05:00:00
WFA89D2889,EVTA3C83D88,CostOptimizer,Approved,2024-09-08 00:00:00,Completed,No,
WF84141FD5,EVTB513FB09,VendorAnalyzer,Completed,2024-11-03 00:00:00,Completed,No,
WF8A5AF1EF,EVTDF64936F,DeliveryTracker,Updated,2024-07-20 00:00:00,Completed,Yes,2024-07-20 03:00:00
WF7F7BCC47,EVT8A2D3E56,CostOptimizer,Reviewed,2024-12-15 00:00:00,Completed,No,
WFE6177090,EVT391CCBFA,CostOptimizer,Reviewed,2024-09-04 00:00:00,Completed,No,
WF6AA465DC,EVT93924673,VendorAnalyzer,Assigned,2024-06-02 00:00:00,Completed,No,
WFA5B5FA62,EVTF7DF323B,ProcurementBot,Approved,2024-03-28 00:00:00,Failed,No,
WF515D789B,EVT6E1C79DF,VendorAnalyzer,Initiated,2024-05-17 00:00:00,Completed,No,
WFB5D2ED7F,EVTE8BCCC6A,RiskAssessment,Approved,2024-03-29 00:00:00,In Progress,Yes,2024-03-29 13:00:00
WF34CB68A7,EVT7999F78F,IncidentResponder,Reviewed,2024-07-03 00:00:00,Completed,No,
WF1C7C677E,EVT7444B079,VendorAnalyzer,Updated,2024-11-07 00:00:00,Completed,Yes,2024-11-07 10:00:00
WF43972260,EVTEDEBE248,RiskAssessment,Approved,2024-06-07 00:00:00,Failed,No,
WFEC90715E,EVTC3401A38,ProcurementBot,Initiated,2024-01-16 00:00:00,Completed,Yes,2024-01-17 00:00:00
WF410E2A38,EVT3F3F852E,InventoryOptimizer,Rejected,2024-09-21 00:00:00,Completed,No,
WFFA43E0FE,EVT29D5923B,DeliveryTracker,Approved,2024-10-23 00:00:00,Completed,No,
WF8E77301F,EVTA19299A3,DeliveryTracker,Approved,2024-01-22 00:00:00,Completed,No,
WFA5E81D13,EVTD8B9E79F,DeliveryTracker,Initiated,2024-03-01 00:00:00,In Progress,Yes,2024-03-01 02:00:00
WF4650748C,EVTBFD0D56E,VendorAnalyzer,Escalated,2024-01-25 00:00:00,Completed,Yes,2024-01-25 06:00:00
WF7F0836C7,EVT1078F28D,CostOptimizer,Rejected,2024-04-20 00:00:00,Completed,Yes,2024-04-20 21:00:00
WF9B6922F6,EVT51F30D75,InventoryOptimizer,Initiated,2024-11-09 00:00:00,Completed,No,
WFB280BA69,EVT029472B4,ApprovalEngine,Escalated,2024-05-22 00:00:00,Completed,No,
WF8997B17D,EVTF23C71C2,CostOptimizer,Assigned,2024-10-26 00:00:00,Completed,Yes,2024-10-26 10:00:00
WF715F138F,EVT81FE3D82,ApprovalEngine,Completed,2024-08-08 00:00:00,Completed,No,
WFB08FBA82,EVT56449568,IncidentResponder,Approved,2024-06-21 00:00:00,Completed,Yes,2024-06-21 01:00:00
WFBC44A1CE,EVT9CF13317,ProcurementBot,Approved,2024-12-16 00:00:00,Failed,Yes,2024-12-16 07:00:00
WF93E744F9,EVTA897B861,InventoryOptimizer,Reviewed,2024-09-12 00:00:00,Completed,No,
WFCB8E0A8D,EVTA91C8D67,VendorAnalyzer,Rejected,2024-11-11 00:00:00,Failed,No,
WFF2BEA646,EVT9EBFED08,CostOptimizer,Updated,2024-08-21 00:00:00,In Progress,No,
WF6C068F70,EVT9BEC8A61,CostOptimizer,Updated,2024-05-05 00:00:00,Completed,No,
WF90186F8E,EVTF3C6F033,IncidentResponder,Approved,2024-12-28 00:00:00,Completed,No,
WF9BBE0915,EVT5CC332B3,IncidentResponder,Approved,2024-04-22 00:00:00,Completed,No,
WFBBB1549F,EVTA0248686,IncidentResponder,Reviewed,2024-07-30 00:00:00,Completed,Yes,2024-07-30 23:00:00
WFC5FE0DA7,EVT9CF13317,CostOptimizer,Rejected,2024-09-09 00:00:00,Completed,No,
WF36738BE8,EVTFB986F08,RiskAssessment,Approved,2024-03-23 00:00:00,Completed,Yes,2024-03-23 23:00:00
WF35D7E7B8,EVTFFD998A2,IncidentResponder,Completed,2024-10-11 00:00:00,Completed,Yes,2024-10-11 17:00:00
WF77963AEC,EVT11A411EE,IncidentResponder,Assigned,2024-05-28 00:00:00,Completed,Yes,2024-05-28 01:00:00
WF075AE780,EVT28BC159A,VendorAnalyzer,Approved,2024-03-09 00:00:00,Completed,Yes,2024-03-09 06:00:00
WF4538A46F,EVTE94526A1,IncidentResponder,Escalated,2024-04-10 00:00:00,Completed,No,
WFC2635B2F,EVT0F9C8C26,IncidentResponder,Approved,2024-06-02 00:00:00,Completed,Yes,2024-06-02 11:00:00
WF6D7E98CB,EVTD5F307E0,IncidentResponder,Completed,2024-04-05 00:00:00,Completed,No,
WFC0228032,EVTBE94E6E4,ProcurementBot,Reviewed,2024-03-08 00:00:00,Completed,No,
WF180018E9,EVTFC580636,IncidentResponder,Escalated,2024-08-21 00:00:00,In Progress,Yes,2024-08-21 16:00:00
WF4693215F,EVTDA79E807,VendorAnalyzer,Rejected,2024-12-08 00:00:00,Completed,Yes,2024-12-08 04:00:00
WFCEA9A067,EVTC8455809,IncidentResponder,Escalated,2024-11-11 00:00:00,Completed,No,
WF81233CD1,EVTB69B2C9C,RiskAssessment,Updated,2024-11-28 00:00:00,Completed,Yes,2024-11-28 06:00:00
WFC94497C8,EVT06B49780,CostOptimizer,Reviewed,2024-11-11 00:00:00,Completed,No,
WF8A49AD83,EVT2B5FDF1A,VendorAnalyzer,Completed,2024-04-30 00:00:00,In Progress,No,
WF9323EF43,EVT775ACC5F,CostOptimizer,Completed,2024-02-28 00:00:00,Completed,No,
WF2039EDA4,EVT5875DDDB,CostOptimizer,Initiated,2024-02-14 00:00:00,Completed,Yes,2024-02-14 19:00:00
WF85BAFE3B,EVT9482CB9F,DeliveryTracker,Rejected,2024-10-06 00:00:00,Failed,No,
WF1BA6435D,EVT3BAB781B,IncidentResponder,Rejected,2024-05-31 00:00:00,Completed,No,
WF70AEFB2C,EVTB9AD9AC8,DeliveryTracker,Escalated,2024-06-30 00:00:00,Completed,Yes,2024-06-30 11:00:00
WF8F45ED3F,EVT2C006089,ProcurementBot,Reviewed,2024-12-29 00:00:00,Completed,No,
WF1E6D017D,EVTC9F020A5,RiskAssessment,Approved,2024-08-15 00:00:00,Completed,No,
WFB4959D50,EVTAED0A88C,CostOptimizer,Escalated,2024-05-05 00:00:00,In Progress,Yes,2024-05-05 03:00:00
WFE08AB30B,EVT23880FAC,CostOptimizer,Initiated,2024-12-07 00:00:00,Completed,Yes,2024-12-07 22:00:00
WF1C8D0A39,EVT0E5BF37A,VendorAnalyzer,Reviewed,2024-06-03 00:00:00,Completed,No,
WF5FBC3483,EVT7507AF35,IncidentResponder,Initiated,2024-07-16 00:00:00,Completed,Yes,2024-07-16 15:00:00
WF73FBED1E,EVT7305A552,DeliveryTracker,Escalated,2024-09-12 00:00:00,Completed,Yes,2024-09-12 15:00:00
WF17DAD96D,EVTC19F69C8,VendorAnalyzer,Rejected,2024-03-13 00:00:00,Completed,No,
WF45DF3C7F,EVT1948687D,CostOptimizer,Rejected,2024-05-04 00:00:00,Completed,Yes,2024-05-04 07:00:00
WF550BDC5F,EVT3531F1E8,InventoryOptimizer,Initiated,2024-06-28 00:00:00,Completed,Yes,2024-06-28 04:00:00
WF8CFF771C,EVT6DD5C955,ApprovalEngine,Escalated,2024-10-14 00:00:00,Completed,No,
WF77781B79,EVT15918E3F,DeliveryTracker,Escalated,2024-02-19 00:00:00,Completed,No,
WF42A8095F,EVT2F9942D3,InventoryOptimizer,Initiated,2024-07-14 00:00:00,Completed,No,
WF4D524BB8,EVT911953C9,CostOptimizer,Reviewed,2024-01-24 00:00:00,Completed,Yes,2024-01-24 19:00:00
WF832608F9,EVT7816697A,RiskAssessment,Completed,2024-05-06 00:00:00,Completed,No,
WFC6F1EEAA,EVTF9EB71D4,ApprovalEngine,Escalated,2024-03-27 00:00:00,Completed,No,
WFA52C8B3F,EVT874B88F8,CostOptimizer,Escalated,2024-08-09 00:00:00,Failed,No,
WFEE0C7010,EVTD7B4E083,InventoryOptimizer,Escalated,2024-08-18 00:00:00,Completed,No,
WF863213AD,EVTE8E273A0,DeliveryTracker,Updated,2024-08-15 00:00:00,Completed,Yes,2024-08-15 07:00:00
WFD9E4E51A,EVT0C548E65,VendorAnalyzer,Rejected,2024-10-21 00:00:00,Completed,Yes,2024-10-21 16:00:00
WFFBB2A3C7,EVTEAAF9D16,ApprovalEngine,Updated,2024-06-08 00:00:00,Failed,No,
WFEA2F1E29,EVTBB0C1A1B,CostOptimizer,Updated,2024-11-27 00:00:00,Completed,No,
WF0437FC57,EVTF49F9FD9,DeliveryTracker,Initiated,2024-10-24 00:00:00,Completed,Yes,2024-10-24 10:00:00
WF089AE42C,EVTBB6F9ADF,ApprovalEngine,Completed,2024-11-10 00:00:00,Completed,No,
WFEB2FAB92,EVT57AC86EE,InventoryOptimizer,Rejected,2024-02-08 00:00:00,Failed,Yes,2024-02-08 19:00:00
WF1496A0D0,EVT84F37A0E,ProcurementBot,Assigned,2024-03-28 00:00:00,Completed,Yes,2024-03-28 08:00:00
WFDAC7DCCF,EVTB9FAA96B,DeliveryTracker,Initiated,2024-02-17 00:00:00,Completed,No,
WFD0BBD978,EVT9D5D130A,DeliveryTracker,Completed,2024-05-21 00:00:00,Completed,No,
WF5E105325,EVTCA666779,IncidentResponder,Updated,2024-03-13 00:00:00,Completed,Yes,2024-03-13 16:00:00
WF27DBDF81,EVT49DDE493,DeliveryTracker,Initiated,2024-05-20 00:00:00,Completed,Yes,2024-05-20 15:00:00
WF05294A29,EVT93924673,RiskAssessment,Completed,2024-05-27 00:00:00,Completed,Yes,2024-05-27 15:00:00
WFCE80E6F7,EVTDEE2BCB0,ProcurementBot,Rejected,2024-06-30 00:00:00,Completed,Yes,2024-06-30 13:00:00
WFA73AB4C1,EVT31FBFC69,ApprovalEngine,Reviewed,2024-01-10 00:00:00,In Progress,Yes,2024-01-10 19:00:00
WF67E4F432,EVT8F88C3A2,ProcurementBot,Rejected,2024-09-25 00:00:00,Completed,No,
WFE151A21C,EVTEF801D85,InventoryOptimizer,Escalated,2024-01-02 00:00:00,Completed,No,
WFCBC72A39,EVTAEF629C8,DeliveryTracker,Updated,2024-09-22 00:00:00,Completed,Yes,2024-09-22 14:00:00
WF601B088A,EVT2D019FAB,VendorAnalyzer,Completed,2024-07-15 00:00:00,Completed,No,
WF0ED0E189,EVTDF64936F,ApprovalEngine,Completed,2024-11-12 00:00:00,In Progress,No,
WFCB7FB4B3,EVTCAC856F2,IncidentResponder,Initiated,2024-06-04 00:00:00,In Progress,No,
WFA0992762,EVT033B5956,ProcurementBot,Updated,2024-11-19 00:00:00,In Progress,Yes,2024-11-19 04:00:00
WF918994AB,EVT9DD3133C,VendorAnalyzer,Initiated,2024-04-08 00:00:00,Completed,No,
WFA63E96B6,EVT054F629F,ApprovalEngine,Rejected,2024-01-31 00:00:00,Completed,Yes,2024-01-31 01:00:00
WF01F8D4E0,EVTE64C1171,IncidentResponder,Assigned,2024-02-04 00:00:00,Completed,No,
WFA0CCBF4A,EVT2BB366C5,CostOptimizer,Completed,2024-04-07 00:00:00,Completed,No,
WFC6D86628,EVT38A4D343,ApprovalEngine,Rejected,2024-05-19 00:00:00,Failed,No,
WF9E6A5586,EVT4A02D357,DeliveryTracker,Approved,2024-01-11 00:00:00,Completed,No,
WFE03C33E3,EVT7B3E72B0,RiskAssessment,Initiated,2024-10-11 00:00:00,Completed,No,
WF6EE60C0C,EVT221BF3E5,ProcurementBot,Assigned,2024-12-11 00:00:00,Completed,No,
WF537CE770,EVTEFBBFBC1,VendorAnalyzer,Updated,2024-02-12 00:00:00,Failed,No,
WFBE1EC2CB,EVT7E541AA8,VendorAnalyzer,Assigned,2024-02-07 00:00:00,Completed,Yes,2024-02-07 11:00:00
WF6E059774,EVT7DF7873F,VendorAnalyzer,Initiated,2024-06-27 00:00:00,Completed,No,
WF8B5FF2C7,EVTF3626324,CostOptimizer,Approved,2024-10-28 00:00:00,Completed,No,
WFDE757CAB,EVT8EE87852,VendorAnalyzer,Initiated,2024-04-10 00:00:00,Completed,No,
WFAC5AA04E,EVT66BA765D,ApprovalEngine,Initiated,2024-06-13 00:00:00,Completed,Yes,2024-06-13 08:00:00
WF4F754860,EVT775ACC5F,CostOptimizer,Rejected,2024-01-19 00:00:00,Completed,No,
WF10A717DE,EVTBB6FB7F7,RiskAssessment,Approved,2024-02-20 00:00:00,Completed,No,
WFD008B145,EVT28BC159A,DeliveryTracker,Escalated,2024-11-22 00:00:00,In Progress,No,
WF600A5F74,EVTDD11F1DE,CostOptimizer,Initiated,2024-09-03 00:00:00,Failed,No,
WF3A38709A,EVT52F8A14E,ProcurementBot,Approved,2024-09-05 00:00:00,Failed,No,
WFC1540567,EVTADC57A82,IncidentResponder,Escalated,2024-10-31 00:00:00,Completed,Yes,2024-10-31 17:00:00
WFA9C5E9CB,EVT8596A778,RiskAssessment,Escalated,2024-10-23 00:00:00,Completed,Yes,2024-10-23 08:00:00
WF8A6EA6B4,EVT472739FE,ApprovalEngine,Updated,2024-05-31 00:00:00,Completed,No,
WFE55B93C5,EVTB19CBA4B,IncidentResponder,Rejected,2024-11-04 00:00:00,In Progress,Yes,2024-11-04 09:00:00
WF05CB7537,EVT4A54B051,VendorAnalyzer,Escalated,2024-09-17 00:00:00,Completed,No,
WF869A4E58,EVT6E1C79DF,DeliveryTracker,Assigned,2024-01-17 00:00:00,Completed,No,
WFC703E50C,EVT68FF2967,DeliveryTracker,Initiated,2024-02-08 00:00:00,Completed,No,
WF057F72F3,EVTAC45CE22,RiskAssessment,Approved,2024-10-05 00:00:00,Completed,No,
WF74C03761,EVT711C69A4,InventoryOptimizer,Initiated,2024-11-18 00:00:00,Completed,Yes,2024-11-18 11:00:00
WF55C8D332,EVTF1605B08,CostOptimizer,Initiated,2024-03-31 00:00:00,Completed,Yes,2024-03-31 07:00:00
WF26C025B3,EVT78512D0B,ApprovalEngine,Reviewed,2024-12-15 00:00:00,Completed,Yes,2024-12-15 18:00:00
WF6505D613,EVT104ED151,VendorAnalyzer,Completed,2024-01-21 00:00:00,Failed,Yes,2024-01-21 06:00:00
WF55CE2FF7,EVT76B517E7,VendorAnalyzer,Updated,2024-10-16 00:00:00,Completed,Yes,2024-10-16 05:00:00
WFB2491C26,EVT88B606CE,IncidentResponder,Assigned,2024-09-29 00:00:00,In Progress,Yes,2024-09-29 08:00:00
WFC8FE2464,EVTA291C783,IncidentResponder,Initiated,2024-04-09 00:00:00,Completed,Yes,2024-04-09 12:00:00
WF23D2AFC9,EVTC10B5556,ApprovalEngine,Updated,2024-03-27 00:00:00,Completed,No,
WFB6A3FAE6,EVT4B97E321,ProcurementBot,Completed,2024-07-12 00:00:00,Completed,Yes,2024-07-12 11:00:00
WF9EE52887,EVTB52F63C3,DeliveryTracker,Updated,2024-05-31 00:00:00,Completed,Yes,2024-05-31 13:00:00
WFDD8268D2,EVT67AFCF5A,ProcurementBot,Escalated,2024-03-02 00:00:00,Completed,No,
WF8D28AF93,EVT696F79D5,ApprovalEngine,Completed,2024-01-19 00:00:00,Completed,Yes,2024-01-19 23:00:00
WFB2E98C81,EVT4D4C2AD8,InventoryOptimizer,Assigned,2024-06-07 00:00:00,Completed,No,
WFBEE68C4C,EVTD0BB15C3,InventoryOptimizer,Initiated,2024-01-22 00:00:00,In Progress,Yes,2024-01-22 15:00:00
WFA6EF344C,EVT7507AF35,CostOptimizer,Assigned,2024-07-22 00:00:00,In Progress,Yes,2024-07-22 09:00:00
WFEFE14BE0,EVTA9153C24,IncidentResponder,Initiated,2024-03-24 00:00:00,Completed,Yes,2024-03-24 17:00:00
WF0CD07A0C,EVT2427E1D6,RiskAssessment,Rejected,2024-10-02 00:00:00,Failed,No,
WFF32C6F10,EVT1A72700F,DeliveryTracker,Reviewed,2024-09-18 00:00:00,In Progress,Yes,2024-09-18 18:00:00
WF836B6479,EVTC83E3C9E,InventoryOptimizer,Assigned,2024-05-26 00:00:00,Completed,Yes,2024-05-26 22:00:00
WF7F7A98A6,EVT8D69D81D,CostOptimizer,Reviewed,2024-08-12 00:00:00,Completed,No,
WF7EC4E100,EVT947871C8,InventoryOptimizer,Initiated,2024-03-13 00:00:00,In Progress,No,
WF0D917449,EVTACD0848B,ApprovalEngine,Rejected,2024-10-12 00:00:00,In Progress,No,
WF7454A1B5,EVT7D8A8C71,CostOptimizer,Assigned,2024-07-11 00:00:00,Completed,No,
WF7BDB4B18,EVTFC983958,IncidentResponder,Escalated,2024-02-25 00:00:00,Completed,Yes,2024-02-25 04:00:00
WF12FADF2C,EVT0592891A,CostOptimizer,Initiated,2024-09-18 00:00:00,Completed,No,
WF388A5D77,EVT4483B4C3,InventoryOptimizer,Approved,2024-12-14 00:00:00,Completed,No,
WFA44CE465,EVT835F19D7,ApprovalEngine,Reviewed,2024-12-27 00:00:00,Failed,No,
WFFB1C500E,EVT014CDBAF,ApprovalEngine,Escalated,2024-05-10 00:00:00,Completed,No,
WFDBA2C34E,EVT8166C2C4,DeliveryTracker,Completed,2024-11-19 00:00:00,Completed,No,
WFDD2B6638,EVT846D181F,CostOptimizer,Assigned,2024-07-10 00:00:00,Completed,Yes,2024-07-10 11:00:00
WF2C5FF421,EVT4C84FCF1,DeliveryTracker,Completed,2024-07-27 00:00:00,Completed,Yes,2024-07-27 11:00:00
WF87593179,EVTF17BCA38,RiskAssessment,Assigned,2024-04-05 00:00:00,Completed,Yes,2024-04-05 21:00:00
WFBBB3099C,EVT0C732615,RiskAssessment,Rejected,2024-11-27 00:00:00,Completed,Yes,2024-11-27 15:00:00
WF677AF97B,EVT8DEB37C0,RiskAssessment,Reviewed,2024-10-02 00:00:00,Completed,Yes,2024-10-02 06:00:00
WF766ABC45,EVTB9B8D94D,ApprovalEngine,Reviewed,2024-07-10 00:00:00,Completed,No,
WF1A839BE7,EVT69AB59D1,IncidentResponder,Escalated,2024-08-01 00:00:00,In Progress,No,
WFF7E30B3C,EVTD70503D8,VendorAnalyzer,Escalated,2024-03-17 00:00:00,Failed,No,
WF4F5140F2,EVT57552EBB,IncidentResponder,Completed,2024-04-09 00:00:00,In Progress,No,
WF71779145,EVT279ABEE0,CostOptimizer,Approved,2024-03-10 00:00:00,Completed,No,
WF7A80A2B1,EVTEE46618A,DeliveryTracker,Initiated,2024-05-19 00:00:00,Completed,No,
WF406D7A3C,EVT076FBB1B,InventoryOptimizer,Updated,2024-04-05 00:00:00,In Progress,No,
WF6C8C80F6,EVTD1048F73,InventoryOptimizer,Rejected,2024-11-15 00:00:00,Completed,No,
WFFB2E01AB,EVTDD995A43,DeliveryTracker,Approved,2024-02-18 00:00:00,Completed,No,
WF179F0EE2,EVT13936B0C,RiskAssessment,Rejected,2024-05-21 00:00:00,Completed,No,
WFCC0E9DA1,EVT8D3AA25F,VendorAnalyzer,Assigned,2024-04-24 00:00:00,In Progress,No,
WF741A3BF2,EVTA05C39E6,IncidentResponder,Completed,2024-04-02 00:00:00,Completed,No,
WF7F097D57,EVT1E14AB2B,InventoryOptimizer,Escalated,2024-04-11 00:00:00,Completed,No,
WFAE885297,EVTA19299A3,RiskAssessment,Initiated,2024-04-18 00:00:00,Completed,No,
WFE7F79E28,EVTA610C3F0,DeliveryTracker,Rejected,2024-06-06 00:00:00,Completed,No,
WFE82B2E51,EVT1C1BAB0C,InventoryOptimizer,Escalated,2024-06-11 00:00:00,In Progress,Yes,2024-06-11 12:00:00
WFBD39914D,EVTB6FEC118,DeliveryTracker,Updated,2024-11-04 00:00:00,Completed,No,
WFBD5A262F,EVTD5D5B418,CostOptimizer,Initiated,2024-12-03 00:00:00,Completed,Yes,2024-12-03 09:00:00
WFD22B5C9D,EVT6F7B290F,ProcurementBot,Reviewed,2024-09-02 00:00:00,Completed,Yes,2024-09-03 00:00:00
WF556D24B6,EVT2BD8EF23,VendorAnalyzer,Reviewed,2024-03-15 00:00:00,Failed,Yes,2024-03-15 20:00:00
WFCBA34F1C,EVT4E3A30BD,ApprovalEngine,Completed,2024-11-23 00:00:00,Completed,No,
WFB45EB22A,EVT2AFBEC02,InventoryOptimizer,Reviewed,2024-11-26 00:00:00,In Progress,Yes,2024-11-26 13:00:00
WFAC945D88,EVT19DC666B,VendorAnalyzer,Reviewed,2024-01-26 00:00:00,In Progress,Yes,2024-01-26 15:00:00
WFF0A55AE4,EVT6A7490C3,IncidentResponder,Initiated,2024-10-12 00:00:00,Completed,No,
WFA358BF81,EVT34D61186,VendorAnalyzer,Approved,2024-04-16 00:00:00,Completed,No,
WF73F65411,EVT8D3AA25F,ProcurementBot,Escalated,2024-07-20 00:00:00,In Progress,No,
WF8A90491C,EVT68078366,VendorAnalyzer,Initiated,2024-11-24 00:00:00,Completed,Yes,2024-11-24 14:00:00
WF5870F359,EVT42C60DF4,CostOptimizer,Rejected,2024-04-17 00:00:00,Completed,Yes,2024-04-17 01:00:00
WFD566B6C7,EVT5990C30F,IncidentResponder,Updated,2024-12-21 00:00:00,Completed,No,
WF5F16FDAD,EVT94E86267,ProcurementBot,Updated,2024-09-01 00:00:00,Completed,No,
WFBFF63E88,EVT76577604,CostOptimizer,Approved,2024-01-27 00:00:00,Completed,Yes,2024-01-27 13:00:00
WF66126BDE,EVT2F8198A0,IncidentResponder,Assigned,2024-11-07 00:00:00,In Progress,No,
WFCA5DB5E6,EVTA93E6366,IncidentResponder,Assigned,2024-08-16 00:00:00,Failed,No,
WF12AB2F51,EVTD37D5AC3,ProcurementBot,Initiated,2024-10-01 00:00:00,Completed,No,
WF71E83A6B,EVTF60B6ACF,ProcurementBot,Updated,2024-06-07 00:00:00,Completed,No,
WFFDC3749F,EVTD431CBD9,DeliveryTracker,Escalated,2024-02-23 00:00:00,In Progress,No,
WF685FA0F8,EVTD431CBD9,ApprovalEngine,Approved,2024-06-13 00:00:00,Completed,Yes,2024-06-13 22:00:00
WF087596D3,EVT7B4702C4,IncidentResponder,Escalated,2024-01-15 00:00:00,Completed,No,
WFD7D7D432,EVT72068A22,InventoryOptimizer,Completed,2024-07-07 00:00:00,Completed,Yes,2024-07-07 17:00:00
WF3D22955E,EVT300204AD,ApprovalEngine,Completed,2024-02-06 00:00:00,Completed,No,
WF2A877265,EVTEC0B191A,DeliveryTracker,Approved,2024-10-11 00:00:00,Completed,No,
WF795A782A,EVT0EAFEC6C,DeliveryTracker,Updated,2024-03-06 00:00:00,Completed,No,
WF938FDF1F,EVT1CF6CE74,DeliveryTracker,Updated,2024-07-20 00:00:00,Completed,No,
WFC1B98E9E,EVTB79603B5,DeliveryTracker,Assigned,2024-11-20 00:00:00,Completed,No,
WF69B7CBAE,EVT6F8FC1D3,IncidentResponder,Initiated,2024-09-16 00:00:00,Completed,No,
WF22C0DF49,EVTC465F967,ProcurementBot,Reviewed,2024-04-14 00:00:00,Completed,No,
WFD8F9AE0F,EVTF8FB0AAC,VendorAnalyzer,Initiated,2024-01-30 00:00:00,Completed,Yes,2024-01-30 02:00:00
WFCE1A17AA,EVTE9D2C64C,DeliveryTracker,Escalated,2024-10-16 00:00:00,Completed,No,
WF068B7563,EVT639ABF1B,CostOptimizer,Assigned,2024-09-07 00:00:00,Completed,Yes,2024-09-07 03:00:00
WF292BFFA9,EVTA3E4625D,RiskAssessment,Completed,2024-02-22 00:00:00,Completed,Yes,2024-02-22 09:00:00
WF397261D6,EVTB67C15DA,CostOptimizer,Initiated,2024-08-28 00:00:00,Completed,Yes,2024-08-28 13:00:00
WF825E25E9,EVT39464C9C,CostOptimizer,Reviewed,2024-04-07 00:00:00,Completed,No,
WFB94C5C1E,EVT28BC159A,CostOptimizer,Completed,2024-11-05 00:00:00,In Progress,Yes,2024-11-05 16:00:00
WFA0A738EB,EVT8AFEB59D,ApprovalEngine,Rejected,2024-06-25 00:00:00,Completed,No,
WFC3AEC9BE,EVT12630C45,DeliveryTracker,Rejected,2024-07-07 00:00:00,Completed,No,
WF0AA9ECB4,EVTDEE2BCB0,RiskAssessment,Reviewed,2024-04-26 00:00:00,Completed,Yes,2024-04-26 14:00:00
WFDE76DA09,EVT4D80407F,IncidentResponder,Initiated,2024-11-07 00:00:00,Completed,No,
WF2A3688D2,EVT3A25AC44,VendorAnalyzer,Escalated,2024-08-26 00:00:00,Completed,No,
WF92F90DA7,EVTBF09D65E,ApprovalEngine,Approved,2024-04-12 00:00:00,Failed,No,
WFC7311871,EVTE189CD79,VendorAnalyzer,Approved,2024-07-13 00:00:00,Completed,No,
WF76D48936,EVTA5713290,VendorAnalyzer,Reviewed,2024-02-23 00:00:00,Failed,No,
WF2462EE1E,EVTB003B6EE,InventoryOptimizer,Updated,2024-10-14 00:00:00,Completed,Yes,2024-10-14 17:00:00
WF7AFEBCE7,EVT262DC3C0,RiskAssessment,Updated,2024-10-13 00:00:00,Failed,Yes,2024-10-13 21:00:00
WF01801D9D,EVT34817714,RiskAssessment,Approved,2024-06-23 00:00:00,Completed,No,
WF4F8EE6E0,EVTA8044F10,DeliveryTracker,Assigned,2024-03-23 00:00:00,Completed,Yes,2024-03-23 09:00:00
WFCD252AAD,EVT8B1D604C,ApprovalEngine,Completed,2024-05-26 00:00:00,In Progress,No,
WF8BE6DE13,EVT775ACC5F,ApprovalEngine,Completed,2024-01-08 00:00:00,Completed,Yes,2024-01-08 04:00:00
WF147D75D9,EVT7A187F6C,ProcurementBot,Escalated,2024-06-04 00:00:00,Completed,Yes,2024-06-04 01:00:00
WF055C8CD0,EVT9C933C8C,InventoryOptimizer,Completed,2024-05-10 00:00:00,Completed,Yes,2024-05-10 02:00:00
WFC36D702B,EVTFFEC3AE5,VendorAnalyzer,Rejected,2024-04-28 00:00:00,In Progress,No,
WF0F2A13E7,EVT7D4A5639,InventoryOptimizer,Initiated,2024-07-08 00:00:00,Failed,No,
WF7F663B16,EVT182300EE,ProcurementBot,Assigned,2024-11-16 00:00:00,Completed,Yes,2024-11-16 04:00:00
WFE1FAEC77,EVTA610C3F0,ApprovalEngine,Updated,2024-05-15 00:00:00,Completed,No,
WFB7FDB114,EVT9742D2FB,ProcurementBot,Reviewed,2024-11-25 00:00:00,Completed,Yes,2024-11-25 09:00:00
WF4CFCBB13,EVT9435B53D,IncidentResponder,Updated,2024-02-18 00:00:00,Completed,Yes,2024-02-18 15:00:00
WFFD263A1C,EVTEF77B097,VendorAnalyzer,Assigned,2024-07-05 00:00:00,Completed,No,
WF7985DC3C,EVTA376C5B8,ProcurementBot,Initiated,2024-10-16 00:00:00,Completed,No,
WFF7230693,EVT1654B896,DeliveryTracker,Approved,2024-06-25 00:00:00,Completed,Yes,2024-06-25 23:00:00
WF77C80411,EVTFA081967,InventoryOptimizer,Rejected,2024-08-02 00:00:00,Completed,No,
WF4B6EF1BC,EVT8B30617E,ProcurementBot,Approved,2024-07-10 00:00:00,Completed,No,
WF75175FEE,EVTE062825C,CostOptimizer,Initiated,2024-05-23 00:00:00,Completed,No,
WFCE08EDDA,EVT56ED37AD,DeliveryTracker,Updated,2024-11-23 00:00:00,Completed,No,
WF7F417BB3,EVTF6D640A7,CostOptimizer,Rejected,2024-08-17 00:00:00,In Progress,Yes,2024-08-17 05:00:00
WFBB75D310,EVTFAE365F9,CostOptimizer,Updated,2024-04-01 00:00:00,Completed,No,
WFCDBAAB55,EVTD6AF766B,ApprovalEngine,Reviewed,2024-10-14 00:00:00,Completed,Yes,2024-10-14 15:00:00
WF3191E7C5,EVTF5D5CCB0,DeliveryTracker,Approved,2024-08-01 00:00:00,Completed,No,
WF78B45C17,EVTEDC1358A,IncidentResponder,Assigned,2024-01-28 00:00:00,Completed,No,
WF9B66583C,EVTF2F74A87,ApprovalEngine,Updated,2024-05-22 00:00:00,Completed,Yes,2024-05-22 14:00:00
WFD0587AA4,EVT5DA3C7B3,CostOptimizer,Assigned,2024-07-04 00:00:00,In Progress,Yes,2024-07-04 04:00:00
WFBF0C4C9D,EVTF0386594,RiskAssessment,Escalated,2024-05-05 00:00:00,Completed,No,
WF2BD5D1EB,EVTB6FEC118,IncidentResponder,Escalated,2024-10-07 00:00:00,Completed,Yes,2024-10-07 17:00:00
WF16240994,EVT189A40E7,RiskAssessment,Updated,2024-01-21 00:00:00,Completed,No,
WFCD158CCD,EVTEAE5447B,IncidentResponder,Reviewed,2024-07-10 00:00:00,In Progress,Yes,2024-07-10 17:00:00
WFA9835786,EVT9B3B2681,IncidentResponder,Assigned,2024-04-04 00:00:00,In Progress,No,
WF007E55A8,EVT23880FAC,CostOptimizer,Reviewed,2024-03-03 00:00:00,Completed,No,
WF4E9320BF,EVT4543417B,RiskAssessment,Initiated,2024-02-02 00:00:00,Completed,No,
WF1EA84CF2,EVT60DC094A,IncidentResponder,Escalated,2024-08-10 00:00:00,Completed,Yes,2024-08-10 13:00:00
WFA7B6489C,EVTD9F3568B,DeliveryTracker,Approved,2024-03-29 00:00:00,Completed,Yes,2024-03-29 17:00:00
WF69F1E8B5,EVT448558F7,ProcurementBot,Reviewed,2024-10-14 00:00:00,Completed,No,
WFE6FBEAFA,EVTA07F1485,CostOptimizer,Assigned,2024-09-18 00:00:00,Completed,No,
WFB64FC854,EVTCB56F750,CostOptimizer,Initiated,2024-01-13 00:00:00,Completed,No,
WF2390840C,EVTC8B21F07,VendorAnalyzer,Reviewed,2024-03-23 00:00:00,Completed,No,
WF820E961C,EVTDC2CBB79,RiskAssessment,Updated,2024-06-27 00:00:00,Completed,No,
WF8DE85BA9,EVTB3666AF0,RiskAssessment,Reviewed,2024-11-21 00:00:00,Completed,No,
WF143EA865,EVT7634ABEF,RiskAssessment,Reviewed,2024-04-18 00:00:00,Completed,No,
WFB748BAA7,EVTE65930EA,IncidentResponder,Escalated,2024-10-24 00:00:00,Completed,No,
WF3E070840,EVTA197E63A,RiskAssessment,Approved,2024-08-17 00:00:00,Completed,No,
WF8C0106F3,EVT57023949,ApprovalEngine,Assigned,2024-08-05 00:00:00,Completed,Yes,2024-08-05 02:00:00
WF2A477D73,EVTB45F92F7,CostOptimizer,Updated,2024-11-07 00:00:00,Completed,Yes,2024-11-07 17:00:00
WF2607E9F5,EVTFD0706C5,RiskAssessment,Approved,2024-11-17 00:00:00,Completed,No,
WFFA899AA1,EVT9B320DE9,ProcurementBot,Completed,2024-02-05 00:00:00,Completed,No,
WF66D435C3,EVT415DDDF7,CostOptimizer,Rejected,2024-01-22 00:00:00,Completed,No,
WFA85B9899,EVT7E6FB24F,RiskAssessment,Updated,2024-11-25 00:00:00,In Progress,No,
WF3CE94621,EVT0D34F501,ApprovalEngine,Escalated,2024-08-19 00:00:00,Completed,No,
WF31266324,EVT1AC36BD7,VendorAnalyzer,Assigned,2024-03-06 00:00:00,In Progress,No,
WFCE7DDF0A,EVT66F85E03,InventoryOptimizer,Assigned,2024-10-07 00:00:00,Completed,No,
WF289E530A,EVTD7CED80F,CostOptimizer,Updated,2024-05-23 00:00:00,In Progress,Yes,2024-05-23 21:00:00
WFD085D071,EVTFB60F0E9,ApprovalEngine,Approved,2024-10-17 00:00:00,Completed,Yes,2024-10-17 16:00:00
WFEAEAF8E1,EVTB48731AF,InventoryOptimizer,Reviewed,2024-06-24 00:00:00,Completed,No,
WF9294AF09,EVTE64C1171,DeliveryTracker,Approved,2024-05-27 00:00:00,In Progress,Yes,2024-05-27 19:00:00
WFED4BC050,EVT1AC502B4,VendorAnalyzer,Initiated,2024-05-23 00:00:00,In Progress,No,
WFDD0EC45D,EVT0CFA475A,ApprovalEngine,Rejected,2024-11-10 00:00:00,In Progress,No,
WF08F5DAA1,EVT1F27CF52,RiskAssessment,Completed,2024-10-11 00:00:00,In Progress,No,
WF4C3F25DF,EVT54DF7BB9,IncidentResponder,Approved,2024-04-10 00:00:00,Completed,No,
WFBA634AA3,EVTD7DCCA10,CostOptimizer,Approved,2024-11-26 00:00:00,Failed,Yes,2024-11-26 12:00:00
WFFAF475ED,EVTE9B86411,ApprovalEngine,Rejected,2024-11-17 00:00:00,Completed,Yes,2024-11-17 12:00:00
WF03DBB3FF,EVTD55F3B0D,InventoryOptimizer,Updated,2024-12-22 00:00:00,In Progress,Yes,2024-12-22 22:00:00
WF5006ACC2,EVT14E9ED39,IncidentResponder,Reviewed,2024-05-31 00:00:00,Completed,No,
WF89A7BD75,EVT78512D0B,RiskAssessment,Reviewed,2024-01-17 00:00:00,In Progress,No,
WFC873567F,EVTD5F307E0,ApprovalEngine,Assigned,2024-03-15 00:00:00,Completed,Yes,2024-03-15 02:00:00
WFF1E1DCCC,EVT98C8CED8,IncidentResponder,Completed,2024-12-17 00:00:00,In Progress,No,
WF68479111,EVT1C6FBE25,DeliveryTracker,Assigned,2024-06-30 00:00:00,Completed,Yes,2024-06-30 13:00:00
WF433E46E8,EVT157F72CD,DeliveryTracker,Completed,2024-06-15 00:00:00,Completed,Yes,2024-06-15 07:00:00
WF679E875C,EVT2F288809,VendorAnalyzer,Assigned,2024-12-28 00:00:00,Completed,No,
WF3A7BA5A5,EVT1E6A87CB,RiskAssessment,Assigned,2024-12-19 00:00:00,In Progress,Yes,2024-12-20 00:00:00
WFF708B74F,EVTB1D5E61E,ApprovalEngine,Reviewed,2024-05-05 00:00:00,In Progress,No,
WF52684A2E,EVT1637309F,DeliveryTracker,Assigned,2024-08-31 00:00:00,Completed,Yes,2024-09-01 00:00:00
WFE2107694,EVT68B4304A,VendorAnalyzer,Escalated,2024-02-08 00:00:00,Completed,No,
WFB8758BB4,EVTAD4E09DA,VendorAnalyzer,Initiated,2024-03-29 00:00:00,Completed,Yes,2024-03-29 23:00:00
WFD8405F3B,EVT755150E7,ProcurementBot,Completed,2024-04-14 00:00:00,Completed,No,
WF6AF2DBB6,EVT121A82E3,IncidentResponder,Completed,2024-11-03 00:00:00,Completed,No,
WFEE64B8B4,EVT91D61171,ApprovalEngine,Escalated,2024-11-14 00:00:00,Completed,No,
WF1DA75624,EVT5C2EBCC7,IncidentResponder,Rejected,2024-03-05 00:00:00,Completed,No,
WFF1D295A1,EVT2F80895F,VendorAnalyzer,Assigned,2024-06-18 00:00:00,Completed,Yes,2024-06-19 00:00:00
WF67132920,EVT4EE70CE9,DeliveryTracker,Escalated,2024-10-10 00:00:00,Completed,Yes,2024-10-10 01:00:00
WF727F24F2,EVTE64C1171,IncidentResponder,Completed,2024-02-01 00:00:00,Completed,No,
WF2829A9C3,EVT2F3722AD,DeliveryTracker,Rejected,2024-04-26 00:00:00,Completed,No,
WF1E8CDA38,EVTED152A44,CostOptimizer,Rejected,2024-04-12 00:00:00,Completed,No,
WFC40C9FCA,EVT250FF49B,ApprovalEngine,Approved,2024-01-03 00:00:00,Completed,Yes,2024-01-04 00:00:00
WF3D208DAE,EVT8FD280B0,ProcurementBot,Reviewed,2024-06-24 00:00:00,Completed,Yes,2024-06-24 19:00:00
WFA4894DD8,EVTFCE40980,ProcurementBot,Reviewed,2024-04-27 00:00:00,In Progress,Yes,2024-04-27 03:00:00
WF9CB2E005,EVT4F8C4FF8,ApprovalEngine,Reviewed,2024-03-24 00:00:00,Completed,Yes,2024-03-24 10:00:00
WF1903044B,EVT2D9E804C,InventoryOptimizer,Rejected,2024-05-08 00:00:00,Completed,No,
WF1AADD34E,EVTA08CF92E,InventoryOptimizer,Completed,2024-01-25 00:00:00,Completed,Yes,2024-01-25 15:00:00
WFB23579F6,EVTECCDB55A,InventoryOptimizer,Completed,2024-06-07 00:00:00,Completed,No,
WFF9783AAB,EVT88348378,ApprovalEngine,Approved,2024-06-23 00:00:00,In Progress,No,
WF727C7A0B,EVT95A9E3DD,ProcurementBot,Reviewed,2024-08-16 00:00:00,Failed,Yes,2024-08-16 21:00:00
WFDDB60B2A,EVTD65122F0,InventoryOptimizer,Approved,2024-04-03 00:00:00,Completed,Yes,2024-04-03 03:00:00
WF7FF35A11,EVT1487223F,CostOptimizer,Initiated,2024-02-05 00:00:00,Completed,No,
WF6240A869,EVT3E4EE628,CostOptimizer,Approved,2024-08-23 00:00:00,Failed,No,
WFACB37729,EVT5256C828,ProcurementBot,Assigned,2024-04-17 00:00:00,Completed,Yes,2024-04-17 21:00:00
WF11BD6695,EVT2A474D95,ApprovalEngine,Updated,2024-07-23 00:00:00,Completed,Yes,2024-07-23 12:00:00
WF7B9E475A,EVT769FF81C,ApprovalEngine,Initiated,2024-08-12 00:00:00,Completed,Yes,2024-08-12 08:00:00
WF1AB0AC88,EVT6123FB6D,DeliveryTracker,Rejected,2024-01-15 00:00:00,In Progress,Yes,2024-01-15 08:00:00
WFCD292E35,EVTCB97B828,CostOptimizer,Escalated,2024-03-28 00:00:00,Completed,No,
WF26E8AD45,EVT3CA130D2,VendorAnalyzer,Rejected,2024-10-10 00:00:00,Completed,No,
WF2EE99CB9,EVT7634ABEF,ProcurementBot,Escalated,2024-11-24 00:00:00,Completed,Yes,2024-11-24 06:00:00
WF7618CA9A,EVTF7304F21,IncidentResponder,Escalated,2024-08-12 00:00:00,Completed,No,
WFD374270C,EVT850CBE57,ProcurementBot,Rejected,2024-03-02 00:00:00,Completed,Yes,2024-03-02 12:00:00
WF10FBA2CB,EVT84BE0290,RiskAssessment,Assigned,2024-10-26 00:00:00,Completed,No,
WFE1139657,EVT009136C5,IncidentResponder,Initiated,2024-06-22 00:00:00,Completed,Yes,2024-06-22 10:00:00
WF2EC91781,EVT5E02BE0A,ProcurementBot,Updated,2024-07-07 00:00:00,In Progress,No,
WF7DA3399C,EVT199D87F7,IncidentResponder,Escalated,2024-10-12 00:00:00,Completed,Yes,2024-10-12 22:00:00
WF9CA687B7,EVT1654B896,DeliveryTracker,Reviewed,2024-07-22 00:00:00,Completed,Yes,2024-07-22 20:00:00
WF7AE51AC9,EVTB778183C,RiskAssessment,Escalated,2024-02-01 00:00:00,Completed,No,
WF46B3BF45,EVTDE891F56,DeliveryTracker,Rejected,2024-06-05 00:00:00,In Progress,No,
WF7B356037,EVTACBFCB4C,DeliveryTracker,Rejected,2024-12-06 00:00:00,Completed,No,
WF7D1F99F8,EVT08C480E4,DeliveryTracker,Completed,2024-01-11 00:00:00,Failed,Yes,2024-01-11 18:00:00
WF7C3CB4B6,EVT72ABB34E,IncidentResponder,Approved,2024-06-23 00:00:00,Completed,Yes,2024-06-23 22:00:00
WFFD61A4D5,EVT1B994A1B,IncidentResponder,Assigned,2024-12-12 00:00:00,Completed,No,
WFFCECA2FA,EVT9449AC59,ApprovalEngine,Assigned,2024-08-02 00:00:00,Completed,Yes,2024-08-02 03:00:00
WF80A5456C,EVT2D4EC267,RiskAssessment,Rejected,2024-12-03 00:00:00,Completed,No,
WF6D05D556,EVT3B8475BE,DeliveryTracker,Escalated,2024-03-14 00:00:00,Completed,No,
WF0540B560,EVT362BB2EF,RiskAssessment,Rejected,2024-06-30 00:00:00,Completed,Yes,2024-06-30 12:00:00
WFF7654D85,EVT4543417B,DeliveryTracker,Assigned,2024-09-23 00:00:00,In Progress,Yes,2024-09-23 17:00:00
WF28166A64,EVTBDD9DD4B,VendorAnalyzer,Reviewed,2024-10-29 00:00:00,Completed,No,
WFBB984736,EVT019953E8,InventoryOptimizer,Rejected,2024-06-16 00:00:00,In Progress,No,
WF2605D051,EVTA24A15D9,CostOptimizer,Completed,2024-08-14 00:00:00,Completed,No,
WFDA72A9A4,EVT34E23C82,InventoryOptimizer,Assigned,2024-01-16 00:00:00,Completed,No,
WFBC626C06,EVT395AEE85,IncidentResponder,Completed,2024-09-07 00:00:00,Completed,Yes,2024-09-07 15:00:00
WF2FCE2FD9,EVT5E6D1426,InventoryOptimizer,Completed,2024-09-23 00:00:00,In Progress,Yes,2024-09-23 23:00:00
WF4364B988,EVT0A3B1992,ApprovalEngine,Completed,2024-04-17 00:00:00,Completed,Yes,2024-04-17 06:00:00
WFCEB0CA6C,EVTD179A7A2,DeliveryTracker,Updated,2024-12-14 00:00:00,In Progress,Yes,2024-12-14 11:00:00
WF718A4D1F,EVT180A9250,DeliveryTracker,Completed,2024-10-19 00:00:00,Completed,No,
WF4A53EC8B,EVT28E149E8,ProcurementBot,Escalated,2024-12-01 00:00:00,Completed,No,
WFD8994933,EVT59EB122D,DeliveryTracker,Initiated,2024-09-19 00:00:00,Completed,Yes,2024-09-19 23:00:00
WF32441ACB,EVT28518CB2,CostOptimizer,Rejected,2024-08-31 00:00:00,Completed,Yes,2024-08-31 13:00:00
WFE569B34F,EVTD7872E5C,InventoryOptimizer,Assigned,2024-03-25 00:00:00,Completed,Yes,2024-03-26 00:00:00
WF56F5D465,EVT860C785B,RiskAssessment,Assigned,2024-11-22 00:00:00,Completed,No,
WF838837D6,EVT98C8CED8,InventoryOptimizer,Rejected,2024-12-30 00:00:00,Completed,Yes,2024-12-30 02:00:00
WFEBA7C6B0,EVT0D448F85,IncidentResponder,Rejected,2024-07-29 00:00:00,Completed,Yes,2024-07-29 04:00:00
WF4E250178,EVTB8816DBE,DeliveryTracker,Rejected,2024-09-07 00:00:00,In Progress,Yes,2024-09-07 11:00:00
WF194DB04F,EVT0B02B755,VendorAnalyzer,Approved,2024-04-07 00:00:00,Completed,No,
WFB04512C7,EVT1B0C59B0,InventoryOptimizer,Updated,2024-02-26 00:00:00,Completed,No,
WFE4EFA659,EVTB9998DBA,CostOptimizer,Completed,2024-08-09 00:00:00,Failed,No,
WFAFB64E42,EVT75EF0942,IncidentResponder,Initiated,2024-05-05 00:00:00,Completed,No,
WF283FCC40,EVT8168A16D,ProcurementBot,Escalated,2024-03-17 00:00:00,Completed,No,
WF3B876C6E,EVTE7BAB9E1,VendorAnalyzer,Initiated,2024-06-13 00:00:00,Completed,Yes,2024-06-13 21:00:00
WFFFB3DFE4,EVT5289F880,ApprovalEngine,Initiated,2024-01-23 00:00:00,Completed,Yes,2024-01-23 22:00:00
WFCC0C0F2D,EVTF7DA39A1,RiskAssessment,Approved,2024-04-28 00:00:00,Completed,Yes,2024-04-28 01:00:00
WF1DAFF230,EVT9B320DE9,DeliveryTracker,Reviewed,2024-01-13 00:00:00,Completed,Yes,2024-01-13 21:00:00
WFEAB65D71,EVTFF01A250,RiskAssessment,Assigned,2024-04-23 00:00:00,Completed,Yes,2024-04-23 20:00:00
WFC3AF694F,EVTE6C176D9,ProcurementBot,Escalated,2024-05-07 00:00:00,Completed,Yes,2024-05-07 13:00:00
WF7F994824,EVTF47C9CBB,VendorAnalyzer,Rejected,2024-01-02 00:00:00,Completed,No,
WF2BF96CA8,EVTECE81C26,InventoryOptimizer,Assigned,2024-07-23 00:00:00,Completed,Yes,2024-07-23 09:00:00
WF4B2ED5AF,EVT022E23A8,IncidentResponder,Escalated,2024-11-04 00:00:00,In Progress,Yes,2024-11-04 05:00:00
WF50E1D7A5,EVTECD0C295,IncidentResponder,Assigned,2024-03-21 00:00:00,Completed,Yes,2024-03-21 20:00:00
WF264BCAA5,EVT8688BCAC,VendorAnalyzer,Completed,2024-11-09 00:00:00,Completed,No,
WF87C73719,EVTB1EEF46F,DeliveryTracker,Completed,2024-08-21 00:00:00,Completed,No,
WFBCB15A7B,EVT65206A9B,CostOptimizer,Completed,2024-05-03 00:00:00,Completed,No,
WFB3A70B1F,EVTBD4114B6,InventoryOptimizer,Reviewed,2024-10-28 00:00:00,In Progress,Yes,2024-10-28 18:00:00
WF421E7011,EVT3D1CA44E,CostOptimizer,Initiated,2024-03-19 00:00:00,Completed,Yes,2024-03-19 05:00:00
WF74E9603D,EVT0B824AE1,DeliveryTracker,Completed,2024-10-21 00:00:00,Completed,Yes,2024-10-21 19:00:00
WFADA65E7F,EVT95DDE292,DeliveryTracker,Completed,2024-04-11 00:00:00,Completed,Yes,2024-04-11 13:00:00
WF7015A2D5,EVT5925AB28,ApprovalEngine,Rejected,2024-07-01 00:00:00,Completed,Yes,2024-07-01 10:00:00
WF2840DA8C,EVT8391EBEE,InventoryOptimizer,Rejected,2024-08-28 00:00:00,Completed,No,
WF33210AEA,EVT6123FB6D,ProcurementBot,Reviewed,2024-05-24 00:00:00,Failed,No,
WFC41D5E38,EVT594E39CF,VendorAnalyzer,Rejected,2024-09-30 00:00:00,Completed,No,
WF8CA78AA2,EVTECD0C295,InventoryOptimizer,Reviewed,2024-04-17 00:00:00,Completed,No,
WF3A315BC1,EVT42560935,ProcurementBot,Approved,2024-01-06 00:00:00,Completed,No,
WFAE41F1A5,EVTE3B30270,VendorAnalyzer,Completed,2024-04-23 00:00:00,Completed,No,
WF07DAF581,EVTA4FA88F7,CostOptimizer,Rejected,2024-02-01 00:00:00,Completed,No,
WFED66CB4B,EVT762F2B75,ApprovalEngine,Assigned,2024-07-17 00:00:00,Completed,Yes,2024-07-17 13:00:00
WFF6B8B6EA,EVT7ADD4116,IncidentResponder,Approved,2024-01-04 00:00:00,In Progress,No,
WFCAA2B770,EVTBB6FB7F7,InventoryOptimizer,Completed,2024-07-07 00:00:00,Completed,No,
WFCB3EEF67,EVTF14C182C,IncidentResponder,Reviewed,2024-05-05 00:00:00,Completed,No,
WF50BE51B0,EVT50435894,ProcurementBot,Rejected,2024-10-04 00:00:00,Completed,Yes,2024-10-04 04:00:00
WF90A72581,EVT65D552CF,IncidentResponder,Rejected,2024-11-30 00:00:00,Completed,No,
WFD05C95FA,EVTA46C6173,ProcurementBot,Updated,2024-03-25 00:00:00,Completed,Yes,2024-03-25 06:00:00
WF938F6340,EVTCD3EB60C,InventoryOptimizer,Updated,2024-10-31 00:00:00,Failed,No,
WF2C97956C,EVT08AE232D,DeliveryTracker,Initiated,2024-01-04 00:00:00,Completed,No,
WF0071DCC9,EVT7E4151FD,IncidentResponder,Initiated,2024-12-25 00:00:00,In Progress,No,
WF8848174A,EVTB319E560,ApprovalEngine,Completed,2024-11-04 00:00:00,Failed,Yes,2024-11-04 02:00:00
WF747A263C,EVT6B310A27,VendorAnalyzer,Escalated,2024-08-08 00:00:00,Failed,No,
WF6F7F5A7A,EVT98CA3582,DeliveryTracker,Assigned,2024-10-25 00:00:00,Completed,No,
WF270E1A66,EVT94E7B64A,IncidentResponder,Completed,2024-12-26 00:00:00,Completed,Yes,2024-12-26 23:00:00
WF397A1F28,EVTD2EEF994,InventoryOptimizer,Escalated,2024-04-07 00:00:00,Completed,Yes,2024-04-07 23:00:00
WF6BE33AE9,EVTFB273E18,DeliveryTracker,Assigned,2024-06-02 00:00:00,Completed,No,
WFFAE03A39,EVT3A25637F,ApprovalEngine,Initiated,2024-05-10 00:00:00,Failed,No,
WF71CA41FB,EVTF7304F21,ProcurementBot,Rejected,2024-09-23 00:00:00,Completed,No,
WF7036D046,EVT2940CA46,VendorAnalyzer,Assigned,2024-12-08 00:00:00,Completed,Yes,2024-12-08 21:00:00
WF04614DA3,EVTCF59D848,CostOptimizer,Reviewed,2024-06-05 00:00:00,Completed,Yes,2024-06-05 15:00:00
WF9FB99B61,EVTBE349A13,ApprovalEngine,Rejected,2024-03-23 00:00:00,Completed,Yes,2024-03-23 18:00:00
WF64069C0E,EVTC7E927BF,InventoryOptimizer,Reviewed,2024-06-25 00:00:00,Completed,No,
WF941130C2,EVTCF4D2241,VendorAnalyzer,Completed,2024-07-26 00:00:00,Completed,Yes,2024-07-26 05:00:00
WFFB108083,EVT03401171,ApprovalEngine,Approved,2024-11-15 00:00:00,Completed,Yes,2024-11-15 17:00:00
WF0C8A1FF2,EVTEC262461,DeliveryTracker,Initiated,2024-03-26 00:00:00,Completed,No,
WF78C3298A,EVTE1F93E22,ProcurementBot,Initiated,2024-01-10 00:00:00,Completed,No,
WFAB3F8FB3,EVT02D1B8FB,InventoryOptimizer,Updated,2024-11-08 00:00:00,Completed,Yes,2024-11-08 06:00:00
WF38613E4B,EVT73BE17E3,ProcurementBot,Assigned,2024-02-08 00:00:00,Completed,No,
WFFAAE5B85,EVT87FF7073,RiskAssessment,Assigned,2024-09-05 00:00:00,Completed,Yes,2024-09-05 22:00:00
WF850AC41B,EVT21692416,RiskAssessment,Assigned,2024-05-03 00:00:00,In Progress,Yes,2024-05-03 19:00:00
WFFD3D2AE9,EVTE03A0FEF,IncidentResponder,Updated,2024-10-28 00:00:00,Completed,No,
WFBC29C79C,EVT8D820505,CostOptimizer,Reviewed,2024-01-11 00:00:00,Completed,Yes,2024-01-11 11:00:00
WF1CF18B4F,EVTC14CC2B1,CostOptimizer,Rejected,2024-06-03 00:00:00,Completed,Yes,2024-06-03 13:00:00
WFB0224EDA,EVTA08CF92E,CostOptimizer,Completed,2024-09-09 00:00:00,Completed,No,
WFC29D579A,EVT5088FC67,RiskAssessment,Rejected,2024-05-03 00:00:00,Completed,Yes,2024-05-03 20:00:00
WF5672F49C,EVT146C9FA8,InventoryOptimizer,Completed,2024-05-03 00:00:00,Completed,No,
WF25EDCD15,EVTED66C373,VendorAnalyzer,Rejected,2024-09-26 00:00:00,In Progress,Yes,2024-09-26 13:00:00
WFCF91675A,EVT31A2B47B,ApprovalEngine,Reviewed,2024-10-23 00:00:00,Completed,Yes,2024-10-23 23:00:00
WF10B615EA,EVTCEEA00CC,CostOptimizer,Completed,2024-09-06 00:00:00,Completed,No,
WF117CAB3A,EVT15BFC44C,RiskAssessment,Completed,2024-05-28 00:00:00,Completed,No,
WF9645B06E,EVT39457F91,RiskAssessment,Completed,2024-05-14 00:00:00,Completed,Yes,2024-05-14 15:00:00
WF3DD24807,EVT975AC531,DeliveryTracker,Rejected,2024-03-11 00:00:00,Completed,No,
WFD965D0B2,EVT8DB033E3,DeliveryTracker,Assigned,2024-04-19 00:00:00,Completed,Yes,2024-04-19 02:00:00
WF7FA43A56,EVTD7457E49,IncidentResponder,Approved,2024-05-13 00:00:00,Completed,No,
WF1E71EA7B,EVTD9BD1987,VendorAnalyzer,Escalated,2024-02-09 00:00:00,Failed,Yes,2024-02-09 06:00:00
WF15BCBC35,EVT1B3D57EA,ApprovalEngine,Completed,2024-04-20 00:00:00,Failed,No,
WF8A6415F8,EVT97E57E98,IncidentResponder,Assigned,2024-12-05 00:00:00,In Progress,Yes,2024-12-05 19:00:00
WF17C27896,EVT49D32997,ApprovalEngine,Assigned,2024-11-01 00:00:00,Completed,No,
WFA4A15F80,EVT6E84422C,ProcurementBot,Reviewed,2024-03-17 00:00:00,In Progress,Yes,2024-03-17 16:00:00
WF19133493,EVT874B88F8,InventoryOptimizer,Rejected,2024-05-08 00:00:00,Completed,No,
WF37A0BC2A,EVT7A9B604C,ProcurementBot,Updated,2024-01-23 00:00:00,In Progress,No,
WFFACB173D,EVTE4FDCC7F,VendorAnalyzer,Rejected,2024-11-06 00:00:00,Completed,Yes,2024-11-06 22:00:00
WF57558F77,EVTCE005311,DeliveryTracker,Rejected,2024-03-01 00:00:00,Completed,Yes,2024-03-01 18:00:00
WF6A57CF2E,EVT33AD1E7C,CostOptimizer,Reviewed,2024-08-20 00:00:00,In Progress,No,
WF94F39A40,EVTD61DFB34,CostOptimizer,Escalated,2024-03-23 00:00:00,Completed,No,
WF6C182657,EVT3334E996,ApprovalEngine,Escalated,2024-11-20 00:00:00,Completed,No,
WFC8D9F9A2,EVT49D32997,VendorAnalyzer,Rejected,2024-07-26 00:00:00,Completed,No,
WFBA642EAC,EVT94BED574,RiskAssessment,Approved,2024-09-02 00:00:00,In Progress,No,
WFC1D9CB59,EVTC14CC2B1,InventoryOptimizer,Assigned,2024-08-03 00:00:00,Completed,No,
WF6AE9ED1A,EVT9F56EBBE,DeliveryTracker,Rejected,2024-05-18 00:00:00,Completed,No,
WF0BE88E0B,EVTE3B30270,CostOptimizer,Assigned,2024-12-04 00:00:00,Completed,Yes,2024-12-04 20:00:00
WF05ADC82B,EVTAC3B1D3C,RiskAssessment,Reviewed,2024-09-06 00:00:00,Completed,No,
WFCE3392DC,EVT27D07267,ProcurementBot,Completed,2024-11-17 00:00:00,Completed,Yes,2024-11-17 08:00:00
WF9A35146C,EVT80E8D350,RiskAssessment,Assigned,2024-04-03 00:00:00,Failed,Yes,2024-04-03 17:00:00
WF950EEF37,EVT7C474309,ProcurementBot,Approved,2024-09-23 00:00:00,Completed,Yes,2024-09-23 01:00:00
WF18234492,EVT56E448A7,DeliveryTracker,Initiated,2024-07-25 00:00:00,Completed,Yes,2024-07-25 13:00:00
WFB2291AF7,EVT00A72509,IncidentResponder,Rejected,2024-04-13 00:00:00,Completed,No,
WFBB73A3F2,EVTDAEAC267,InventoryOptimizer,Approved,2024-01-31 00:00:00,In Progress,Yes,2024-01-31 20:00:00
WF0C548B43,EVT569D8AA3,ProcurementBot,Escalated,2024-08-21 00:00:00,Completed,No,
WF7A193F40,EVT3A427A59,RiskAssessment,Completed,2024-12-08 00:00:00,In Progress,No,
WF3749EC68,EVT7E4151FD,ApprovalEngine,Initiated,2024-09-11 00:00:00,Completed,No,
WF7A0C5AFB,EVTD4F865D9,IncidentResponder,Updated,2024-07-26 00:00:00,Completed,No,
WFD70DE6CB,EVTE48C79FF,VendorAnalyzer,Reviewed,2024-04-09 00:00:00,Completed,No,
WF2700D511,EVT3F3F852E,InventoryOptimizer,Updated,2024-09-24 00:00:00,Completed,No,
WFA5B9BEDC,EVTD89F206F,InventoryOptimizer,Assigned,2024-06-03 00:00:00,Completed,Yes,2024-06-03 03:00:00
WFD7FC9C3F,EVTD082C2B4,VendorAnalyzer,Assigned,2024-01-18 00:00:00,In Progress,No,
WF700B6D20,EVT5F78C16C,DeliveryTracker,Completed,2024-11-02 00:00:00,Completed,Yes,2024-11-02 21:00:00
WF8DD86C6D,EVTED46AD11,DeliveryTracker,Reviewed,2024-12-12 00:00:00,Completed,Yes,2024-12-12 10:00:00
WFE3EACBC1,EVT5344F631,IncidentResponder,Escalated,2024-02-05 00:00:00,Failed,Yes,2024-02-05 05:00:00
WFE225AC8C,EVTB003B6EE,CostOptimizer,Approved,2024-09-24 00:00:00,Completed,No,
WFD5A67B27,EVT15E470BD,IncidentResponder,Initiated,2024-02-07 00:00:00,Completed,No,
WF8FD184BC,EVT144F06FD,ApprovalEngine,Approved,2024-01-28 00:00:00,Completed,No,
WF45522079,EVTFD8F54F9,InventoryOptimizer,Updated,2024-06-09 00:00:00,Completed,Yes,2024-06-09 20:00:00
WF6091C86C,EVT35C5D004,ApprovalEngine,Updated,2024-11-11 00:00:00,Completed,No,
WF9A25B061,EVTD9BD1987,ProcurementBot,Updated,2024-03-22 00:00:00,Completed,No,
WF31019CD5,EVT8C186791,InventoryOptimizer,Updated,2024-08-20 00:00:00,Failed,Yes,2024-08-20 13:00:00
WF19CF6109,EVTC4C9256A,ProcurementBot,Escalated,2024-10-15 00:00:00,Completed,No,
WF13BA19E3,EVTE7373B9D,IncidentResponder,Assigned,2024-05-24 00:00:00,Completed,No,
WF409AB3F4,EVT55A3522F,ApprovalEngine,Reviewed,2024-07-10 00:00:00,Completed,Yes,2024-07-10 13:00:00
WF5A0F06FB,EVT7516431F,InventoryOptimizer,Completed,2024-08-06 00:00:00,Completed,No,
WF4944658A,EVT0EDC5A49,ApprovalEngine,Assigned,2024-02-29 00:00:00,Completed,No,
WF93511981,EVTDB753155,VendorAnalyzer,Assigned,2024-02-09 00:00:00,Completed,No,
WFB4B57936,EVTCD3EB60C,ProcurementBot,Completed,2024-02-21 00:00:00,Completed,Yes,2024-02-21 15:00:00
WFE0E9FCCB,EVT7D8A8C71,ProcurementBot,Initiated,2024-11-17 00:00:00,Completed,Yes,2024-11-17 05:00:00
WF68EAB53F,EVT63B153EB,VendorAnalyzer,Completed,2024-10-27 00:00:00,In Progress,No,
WFA16003E1,EVT76E0F33B,CostOptimizer,Updated,2024-01-27 00:00:00,Completed,Yes,2024-01-27 04:00:00
WF7CC02700,EVT547CCEE3,VendorAnalyzer,Updated,2024-11-25 00:00:00,Completed,Yes,2024-11-25 20:00:00
WF08FA0C13,EVT7468801B,ApprovalEngine,Reviewed,2024-10-25 00:00:00,In Progress,Yes,2024-10-25 01:00:00
WFD806E147,EVT99EDF256,ProcurementBot,Escalated,2024-10-20 00:00:00,Completed,Yes,2024-10-20 20:00:00
WF01324647,EVTF461ABF4,DeliveryTracker,Updated,2024-02-27 00:00:00,Completed,No,
WF9CC80B7D,EVT09D2B3CD,IncidentResponder,Rejected,2024-04-04 00:00:00,Completed,Yes,2024-04-04 03:00:00
WF9F2869FD,EVTD428463A,DeliveryTracker,Escalated,2024-11-20 00:00:00,Completed,Yes,2024-11-20 15:00:00
WF38C2B081,EVT27AF21B7,IncidentResponder,Approved,2024-02-12 00:00:00,Completed,No,
WF29AF3FA5,EVT356D8088,DeliveryTracker,Reviewed,2024-04-03 00:00:00,Completed,Yes,2024-04-03 13:00:00
WFD66884CE,EVT4EBAF2B2,DeliveryTracker,Assigned,2024-10-16 00:00:00,Completed,No,
WFC041A21A,EVT2C76932F,InventoryOptimizer,Assigned,2024-03-05 00:00:00,Completed,Yes,2024-03-05 03:00:00
WFACB4F4E3,EVTBA17F51E,VendorAnalyzer,Completed,2024-06-27 00:00:00,Completed,Yes,2024-06-27 07:00:00
WF647A7C1A,EVTB315BC48,InventoryOptimizer,Initiated,2024-04-28 00:00:00,Completed,Yes,2024-04-28 08:00:00
WF9475E1CE,EVTBB0D4CBC,RiskAssessment,Completed,2024-09-23 00:00:00,In Progress,No,
WFCE8887F3,EVT7E1FC6C8,DeliveryTracker,Approved,2024-06-21 00:00:00,In Progress,No,
WFD4FBE285,EVTF91FCD30,ProcurementBot,Approved,2024-01-29 00:00:00,Completed,Yes,2024-01-29 23:00:00
WFD9E364DD,EVTA1B5A326,ProcurementBot,Rejected,2024-04-20 00:00:00,Completed,No,
WFDDFE567E,EVTE6ADAE9E,InventoryOptimizer,Reviewed,2024-06-10 00:00:00,Completed,Yes,2024-06-10 14:00:00
WF6FAACD39,EVTBAF59B71,InventoryOptimizer,Initiated,2024-10-25 00:00:00,Completed,No,
WFCC07B811,EVT8D8DD1EB,VendorAnalyzer,Reviewed,2024-03-24 00:00:00,Completed,Yes,2024-03-25 00:00:00
WF7E463542,EVT500ABF7F,RiskAssessment,Initiated,2024-05-11 00:00:00,Failed,Yes,2024-05-11 18:00:00
WF04A29F73,EVT957EC5DC,ProcurementBot,Initiated,2024-12-15 00:00:00,Completed,No,
WF76B5EFC9,EVT0AA7696E,IncidentResponder,Escalated,2024-05-01 00:00:00,Completed,No,
WFEDB758F9,EVT5E05EA17,CostOptimizer,Approved,2024-07-03 00:00:00,Completed,No,
WF5C7F9274,EVT175638B4,DeliveryTracker,Initiated,2024-06-01 00:00:00,Completed,No,
WF2D9981DB,EVT11E24D7B,CostOptimizer,Assigned,2024-03-03 00:00:00,Completed,No,
WFDD5EA095,EVT16BFABAD,CostOptimizer,Assigned,2024-04-22 00:00:00,Completed,Yes,2024-04-22 14:00:00
WFFE40E660,EVTA17540AE,ApprovalEngine,Rejected,2024-11-16 00:00:00,Completed,No,
WFCD5D5CD8,EVT3114F4C3,RiskAssessment,Escalated,2024-04-30 00:00:00,Completed,No,
WFC49FC733,EVT76E0F33B,IncidentResponder,Assigned,2024-11-24 00:00:00,Completed,Yes,2024-11-24 15:00:00
WF266ECDDA,EVTF8C78CDA,InventoryOptimizer,Approved,2024-10-04 00:00:00,Completed,No,
WF245A7FB2,EVT5E05EA17,ApprovalEngine,Rejected,2024-06-17 00:00:00,In Progress,No,
WFA91FE993,EVTE37BFACB,InventoryOptimizer,Rejected,2024-11-04 00:00:00,In Progress,Yes,2024-11-04 07:00:00
WF270759DA,EVT94BED574,ProcurementBot,Initiated,2024-08-07 00:00:00,In Progress,No,
WF4901071C,EVT947871C8,ProcurementBot,Rejected,2024-06-17 00:00:00,Completed,No,
WFCEAD2EA2,EVTF4E4E3A3,ProcurementBot,Assigned,2024-11-18 00:00:00,Completed,No,
WFD12A0B6E,EVTBB90838D,CostOptimizer,Reviewed,2024-02-25 00:00:00,Failed,No,
WF242887A7,EVT68078366,InventoryOptimizer,Approved,2024-12-11 00:00:00,Completed,Yes,2024-12-11 14:00:00
WF9F54B42F,EVTA8FDB60C,ProcurementBot,Escalated,2024-06-02 00:00:00,Completed,No,
WF4FF8ED51,EVT63DA9A00,DeliveryTracker,Rejected,2024-09-11 00:00:00,Completed,Yes,2024-09-11 03:00:00
WF4B2AE21E,EVT60824C0D,RiskAssessment,Approved,2024-08-07 00:00:00,Completed,Yes,2024-08-07 12:00:00
WFDA8EA57C,EVTEC8669A6,DeliveryTracker,Initiated,2024-06-17 00:00:00,In Progress,Yes,2024-06-18 00:00:00
WF575B2084,EVT97FB0948,IncidentResponder,Escalated,2024-04-02 00:00:00,Completed,No,
WF177161B2,EVTC9D85025,DeliveryTracker,Reviewed,2024-10-31 00:00:00,Completed,Yes,2024-10-31 06:00:00
WF39490900,EVTA3FDF9FE,DeliveryTracker,Updated,2024-12-17 00:00:00,In Progress,No,
WF22D16F08,EVTBF84182A,ApprovalEngine,Reviewed,2024-04-08 00:00:00,Completed,No,
WF90E02F7A,EVT8C7B7AF7,ApprovalEngine,Rejected,2024-12-10 00:00:00,In Progress,No,
WF40C66B5A,EVTEFD4F56B,VendorAnalyzer,Reviewed,2024-11-19 00:00:00,Completed,Yes,2024-11-19 02:00:00
WFE6717045,EVTA8958DDB,CostOptimizer,Escalated,2024-06-25 00:00:00,Completed,Yes,2024-06-25 04:00:00
WF56AB91A1,EVT0254AE57,InventoryOptimizer,Escalated,2024-04-23 00:00:00,Completed,No,
WF7A6C9D14,EVT83B9DE6A,ProcurementBot,Escalated,2024-08-04 00:00:00,Completed,No,
WF0029A27B,EVT730B7047,ProcurementBot,Reviewed,2024-07-19 00:00:00,Completed,No,
WF43649912,EVT552089E2,ProcurementBot,Approved,2024-12-28 00:00:00,Completed,Yes,2024-12-29 00:00:00
WF597DA5F9,EVT5C66C245,ProcurementBot,Approved,2024-05-15 00:00:00,In Progress,Yes,2024-05-15 01:00:00
WF37A2B117,EVTA80E4C24,InventoryOptimizer,Rejected,2024-12-20 00:00:00,Completed,No,
WF24E216EF,EVTEC262461,VendorAnalyzer,Completed,2024-06-01 00:00:00,Completed,No,
WFABC49205,EVT6B310A27,ProcurementBot,Rejected,2024-03-23 00:00:00,Completed,No,
WF38FB2C4C,EVTDFE7294D,DeliveryTracker,Reviewed,2024-09-10 00:00:00,Completed,No,
WFDC51DABD,EVT592DBA77,ApprovalEngine,Assigned,2024-03-12 00:00:00,Failed,Yes,2024-03-12 19:00:00
WFD89B2906,EVTA07F1485,RiskAssessment,Completed,2024-02-04 00:00:00,Completed,Yes,2024-02-04 22:00:00
WFA000A779,EVT0C12544F,ProcurementBot,Initiated,2024-12-01 00:00:00,Completed,Yes,2024-12-01 07:00:00
WFB578058D,EVT976AE462,RiskAssessment,Updated,2024-10-31 00:00:00,Completed,No,
WFF1E0050A,EVTAFE592CB,DeliveryTracker,Completed,2024-08-23 00:00:00,Completed,Yes,2024-08-23 18:00:00
WFF6EFA776,EVT45B07CF9,VendorAnalyzer,Escalated,2024-02-26 00:00:00,Completed,Yes,2024-02-26 17:00:00
WF3E7D11DC,EVT0592891A,IncidentResponder,Approved,2024-05-04 00:00:00,Failed,No,
WF6A5C4AAA,EVTB2DA4568,RiskAssessment,Approved,2024-12-03 00:00:00,In Progress,No,
WF75E09806,EVTEFDF5716,VendorAnalyzer,Completed,2024-07-01 00:00:00,Completed,Yes,2024-07-01 13:00:00
WFB8F716E7,EVTC59C892D,RiskAssessment,Updated,2024-08-04 00:00:00,Completed,No,
WF2914075C,EVT9EE4657A,VendorAnalyzer,Updated,2024-05-11 00:00:00,Completed,No,
WFE9F19E7C,EVT57FFCE32,IncidentResponder,Rejected,2024-06-25 00:00:00,Completed,Yes,2024-06-25 08:00:00
WFE9077ED9,EVT69737EDA,VendorAnalyzer,Escalated,2024-08-19 00:00:00,Completed,No,
WFC3FD8FBA,EVT56218185,ProcurementBot,Reviewed,2024-11-04 00:00:00,Failed,No,
WFD380BB9F,EVTEDC425B6,ApprovalEngine,Updated,2024-07-12 00:00:00,Completed,Yes,2024-07-12 18:00:00
WF67DD319D,EVTCF912C18,IncidentResponder,Updated,2024-04-20 00:00:00,Completed,No,
WF7C83C1D7,EVTB9B8D94D,IncidentResponder,Rejected,2024-06-11 00:00:00,Completed,Yes,2024-06-11 18:00:00
WF86792F0A,EVT2F80895F,ProcurementBot,Reviewed,2024-11-15 00:00:00,Completed,Yes,2024-11-15 10:00:00
WF2A68C3C2,EVT8AEB0C66,VendorAnalyzer,Approved,2024-12-13 00:00:00,In Progress,Yes,2024-12-13 13:00:00
WF8EC0DCE7,EVT1A72700F,IncidentResponder,Rejected,2024-11-24 00:00:00,In Progress,No,
WF9B29B86F,EVTB6FEC118,RiskAssessment,Rejected,2024-06-13 00:00:00,In Progress,No,
WFAB24A6E3,EVT1D8935B8,RiskAssessment,Approved,2024-08-18 00:00:00,In Progress,Yes,2024-08-19 00:00:00
WFE2BD16F1,EVT724982AB,ProcurementBot,Approved,2024-01-15 00:00:00,Completed,No,
WF2068F9AE,EVTB403C1E0,ProcurementBot,Assigned,2024-11-29 00:00:00,Completed,No,
WF05208063,EVT465BC5B6,ApprovalEngine,Assigned,2024-05-24 00:00:00,In Progress,Yes,2024-05-24 12:00:00
WF6855AF66,EVT29D49E59,ProcurementBot,Rejected,2024-10-04 00:00:00,Completed,No,
WFBC933F9F,EVTB6C166E2,RiskAssessment,Updated,2024-01-03 00:00:00,Completed,No,
WFEE27E825,EVT4F3225C3,IncidentResponder,Completed,2024-11-03 00:00:00,Completed,No,
WFEBFE1951,EVT0421EB16,CostOptimizer,Updated,2024-04-06 00:00:00,Completed,No,
WFB76BC92B,EVT91D61171,DeliveryTracker,Escalated,2024-05-16 00:00:00,Completed,No,
WFD3C5E9C2,EVT15C6E70B,DeliveryTracker,Rejected,2024-01-12 00:00:00,In Progress,No,
WF91327C85,EVT3EE9FC0C,VendorAnalyzer,Initiated,2024-04-19 00:00:00,Completed,Yes,2024-04-19 23:00:00
WF1B34112E,EVTECD95FC7,CostOptimizer,Escalated,2024-12-17 00:00:00,In Progress,Yes,2024-12-17 16:00:00
WFADCD4FEE,EVT2CD70FB9,VendorAnalyzer,Rejected,2024-06-26 00:00:00,Completed,No,
WF7B06E471,EVT84215EBB,IncidentResponder,Assigned,2024-01-14 00:00:00,Completed,No,
WF644EE92B,EVT6BE27FFC,IncidentResponder,Completed,2024-05-03 00:00:00,Failed,No,
WF979F67F9,EVT71FE2C88,ApprovalEngine,Rejected,2024-11-12 00:00:00,Completed,Yes,2024-11-12 21:00:00
WFDFBBDA89,EVTC04CC4A4,ApprovalEngine,Reviewed,2024-06-24 00:00:00,Completed,No,
WF8638ED6F,EVT146C9FA8,ProcurementBot,Rejected,2024-08-24 00:00:00,Completed,Yes,2024-08-25 00:00:00
WFB23ED75D,EVTA409546F,ProcurementBot,Initiated,2024-04-25 00:00:00,Completed,Yes,2024-04-25 22:00:00
WF55AB9DE3,EVT2E975ABC,VendorAnalyzer,Reviewed,2024-10-12 00:00:00,Completed,No,
WFD8B5AA27,EVT01D88BAD,ProcurementBot,Escalated,2024-04-10 00:00:00,Completed,Yes,2024-04-10 20:00:00
WF91EC237D,EVT5C49F706,VendorAnalyzer,Approved,2024-09-04 00:00:00,Completed,No,
WF384A98B5,EVTB1D5CA8B,ProcurementBot,Initiated,2024-09-17 00:00:00,Completed,No,
WF47E7549D,EVT4474D17C,RiskAssessment,Approved,2024-03-08 00:00:00,Completed,No,
WF2585D792,EVT36E9EA87,ProcurementBot,Assigned,2024-12-19 00:00:00,Completed,No,
WFF98F5321,EVTEE39C34F,RiskAssessment,Reviewed,2024-08-16 00:00:00,Completed,Yes,2024-08-16 16:00:00
WF705B9ECA,EVT05DA364D,CostOptimizer,Assigned,2024-10-26 00:00:00,Completed,Yes,2024-10-26 04:00:00
WFCDA57704,EVTBCF14EFC,VendorAnalyzer,Approved,2024-08-04 00:00:00,In Progress,No,
WF665081CC,EVT53934673,CostOptimizer,Assigned,2024-08-16 00:00:00,In Progress,No,
WFBE4556B4,EVT7D54771A,DeliveryTracker,Assigned,2024-12-14 00:00:00,Completed,Yes,2024-12-14 18:00:00
WF0D05C42A,EVT3AFE8FEE,DeliveryTracker,Approved,2024-08-29 00:00:00,Completed,No,
WF81464372,EVT36CE9589,RiskAssessment,Approved,2024-07-17 00:00:00,Completed,Yes,2024-07-17 06:00:00
WFC61BE14A,EVTE3932734,ApprovalEngine,Completed,2024-03-07 00:00:00,Completed,No,
WF5C7416DE,EVTDF9D5EE5,VendorAnalyzer,Rejected,2024-08-05 00:00:00,Completed,Yes,2024-08-06 00:00:00
WF4055C757,EVTBEA8D5FC,ApprovalEngine,Assigned,2024-09-21 00:00:00,Completed,No,
WF9D2706CE,EVT46FF0690,IncidentResponder,Completed,2024-10-04 00:00:00,Completed,Yes,2024-10-04 17:00:00
WF92A5A6CD,EVT681AC2FB,RiskAssessment,Reviewed,2024-02-09 00:00:00,Failed,Yes,2024-02-09 01:00:00
WF4021B7A4,EVTE03CC0A6,DeliveryTracker,Updated,2024-09-23 00:00:00,In Progress,No,
WF11C0CAEE,EVTA91C8D67,IncidentResponder,Reviewed,2024-01-03 00:00:00,Completed,No,
WF9E9440EE,EVT85842B23,InventoryOptimizer,Assigned,2024-12-04 00:00:00,Completed,Yes,2024-12-04 20:00:00
WF2C009850,EVT37A2C3DC,InventoryOptimizer,Updated,2024-09-17 00:00:00,Completed,No,
WF25A40B98,EVT857A453C,VendorAnalyzer,Initiated,2024-05-18 00:00:00,Completed,Yes,2024-05-18 10:00:00
WFD64F56CD,EVT88AE8008,IncidentResponder,Escalated,2024-09-27 00:00:00,Completed,No,
WFD087FFAC,EVT34D59FC1,ProcurementBot,Approved,2024-10-30 00:00:00,Completed,No,
WFA5C1568D,EVT9B58D147,InventoryOptimizer,Updated,2024-08-03 00:00:00,Completed,No,
WFB5030C2F,EVTEF2BCB22,DeliveryTracker,Rejected,2024-01-02 00:00:00,In Progress,Yes,2024-01-02 17:00:00
WFE8B838D4,EVTD1AEC91D,ProcurementBot,Rejected,2024-07-15 00:00:00,Completed,Yes,2024-07-16 00:00:00
WF7DF2B19C,EVT47B19DE1,ProcurementBot,Approved,2024-05-06 00:00:00,In Progress,Yes,2024-05-06 01:00:00
WFA896BD4F,EVTED0F8B79,ApprovalEngine,Approved,2024-12-27 00:00:00,Completed,No,
WF69C18298,EVTF0EBA0C7,DeliveryTracker,Assigned,2024-08-25 00:00:00,Completed,Yes,2024-08-25 15:00:00
WF25B1220D,EVTEC0B191A,RiskAssessment,Reviewed,2024-10-18 00:00:00,Completed,Yes,2024-10-18 10:00:00
WF0374D97F,EVT89D77582,IncidentResponder,Escalated,2024-09-04 00:00:00,Completed,No,
WFEBFF226F,EVT9404A71F,IncidentResponder,Approved,2024-01-25 00:00:00,Completed,No,
WFE0502A71,EVTB085BE38,VendorAnalyzer,Reviewed,2024-11-04 00:00:00,Completed,Yes,2024-11-04 09:00:00
WF703606DC,EVT30F627FA,RiskAssessment,Updated,2024-01-07 00:00:00,Completed,No,
WF6053CF0E,EVT163D77FD,ProcurementBot,Rejected,2024-01-11 00:00:00,Completed,Yes,2024-01-11 09:00:00
WFC47782FE,EVTCB19B908,DeliveryTracker,Initiated,2024-11-21 00:00:00,Completed,No,
WF7034AD39,EVT41929530,ProcurementBot,Assigned,2024-03-19 00:00:00,In Progress,No,
WFA189E236,EVT51BB1F12,VendorAnalyzer,Reviewed,2024-02-11 00:00:00,Completed,Yes,2024-02-11 05:00:00
WF7AC7D19B,EVT63553B7F,ProcurementBot,Assigned,2024-10-15 00:00:00,In Progress,No,
WF5CAE20DA,EVTD767330C,VendorAnalyzer,Approved,2024-04-15 00:00:00,In Progress,Yes,2024-04-15 19:00:00
WF38FA8C66,EVT3C923D12,DeliveryTracker,Reviewed,2024-09-24 00:00:00,Completed,No,
WFF6096C81,EVTCB63AAAA,InventoryOptimizer,Assigned,2024-12-18 00:00:00,Completed,Yes,2024-12-18 20:00:00
WF803E99AB,EVT56C607A8,VendorAnalyzer,Rejected,2024-12-13 00:00:00,Completed,Yes,2024-12-13 16:00:00
WF3BCEE0ED,EVT56E448A7,DeliveryTracker,Approved,2024-05-21 00:00:00,Completed,No,
WF35E3FE53,EVT839B8A0D,RiskAssessment,Assigned,2024-09-26 00:00:00,Completed,Yes,2024-09-27 00:00:00
WF644D39D4,EVT31B9955E,RiskAssessment,Approved,2024-07-20 00:00:00,Completed,No,
WF4B25AC43,EVT001A446B,DeliveryTracker,Assigned,2024-09-13 00:00:00,Failed,Yes,2024-09-13 17:00:00
WF98B8126C,EVTF18076A4,VendorAnalyzer,Escalated,2024-10-25 00:00:00,Completed,Yes,2024-10-25 22:00:00
WFF2083106,EVTDE007A91,DeliveryTracker,Escalated,2024-11-18 00:00:00,Completed,Yes,2024-11-18 01:00:00
WF676F36A2,EVT34DCE7F3,ApprovalEngine,Assigned,2024-01-16 00:00:00,Completed,No,
WF206D97D6,EVTB9B46346,ProcurementBot,Reviewed,2024-01-02 00:00:00,Completed,Yes,2024-01-02 06:00:00
WF6E93C507,EVTA0FF3537,ProcurementBot,Updated,2024-10-01 00:00:00,Completed,No,
WF3CE40DC9,EVT300BDB84,ProcurementBot,Updated,2024-10-07 00:00:00,Completed,Yes,2024-10-07 13:00:00
WFDC8D1E12,EVT9D098AF5,CostOptimizer,Rejected,2024-10-03 00:00:00,Completed,No,
WF0C5530B4,EVT31FFBE17,DeliveryTracker,Assigned,2024-03-24 00:00:00,Completed,No,
WFB7550197,EVT78EF69ED,IncidentResponder,Rejected,2024-07-27 00:00:00,Completed,Yes,2024-07-27 07:00:00
WFD7EF7A7A,EVTE37BFACB,ProcurementBot,Reviewed,2024-02-02 00:00:00,In Progress,No,
WF33F4F50A,EVTD4F865D9,RiskAssessment,Rejected,2024-11-02 00:00:00,Completed,No,
WFF34AAA69,EVTA4D16CCD,VendorAnalyzer,Escalated,2024-01-23 00:00:00,Completed,Yes,2024-01-23 15:00:00
WF0000FC16,EVTD9697F05,ApprovalEngine,Completed,2024-06-03 00:00:00,Completed,No,
WFF008CA35,EVT74FC8265,DeliveryTracker,Initiated,2024-11-16 00:00:00,Completed,No,
WF2CD846D2,EVT8A9B326E,VendorAnalyzer,Initiated,2024-05-06 00:00:00,Completed,Yes,2024-05-06 07:00:00
WFF4B5547C,EVTE9320D0D,VendorAnalyzer,Approved,2024-04-15 00:00:00,Completed,Yes,2024-04-15 08:00:00
WFC12E0BCF,EVTBBC04F90,DeliveryTracker,Completed,2024-06-04 00:00:00,In Progress,No,
WF7CB85A06,EVTA0AA62C8,IncidentResponder,Reviewed,2024-08-12 00:00:00,Completed,Yes,2024-08-12 10:00:00
WF27BE1350,EVT30F627FA,ProcurementBot,Reviewed,2024-01-08 00:00:00,In Progress,No,
WF909643B4,EVTA380AD28,ProcurementBot,Escalated,2024-08-15 00:00:00,Completed,Yes,2024-08-15 06:00:00
WFF92CEB88,EVTFCDAF4F8,ProcurementBot,Rejected,2024-04-03 00:00:00,Completed,Yes,2024-04-03 10:00:00
WF0D9F2B68,EVT255E714E,ApprovalEngine,Reviewed,2024-03-29 00:00:00,Completed,No,
WFE3651D15,EVT743CEE03,VendorAnalyzer,Updated,2024-12-02 00:00:00,Completed,Yes,2024-12-02 18:00:00
WF1641B903,EVTF9FC0464,CostOptimizer,Initiated,2024-07-31 00:00:00,Completed,No,
WF8A53A8CC,EVT026BE632,DeliveryTracker,Rejected,2024-06-25 00:00:00,Completed,No,
WF688F58DB,EVT4DB7FCCD,InventoryOptimizer,Completed,2024-06-08 00:00:00,Completed,No,
WF0B78477E,EVTB279696A,VendorAnalyzer,Completed,2024-12-06 00:00:00,Completed,Yes,2024-12-06 22:00:00
WFDF15D9EF,EVT245CBA04,DeliveryTracker,Assigned,2024-04-26 00:00:00,Completed,No,
WF839482FD,EVT7C82362E,IncidentResponder,Initiated,2024-09-28 00:00:00,Completed,Yes,2024-09-28 17:00:00
WF197AC544,EVT890F97CA,IncidentResponder,Completed,2024-05-26 00:00:00,Completed,No,
WF272B2E11,EVT6455BA6D,VendorAnalyzer,Initiated,2024-04-22 00:00:00,Completed,No,
WF65B3CB27,EVTE1FAC9A3,ProcurementBot,Updated,2024-07-28 00:00:00,Completed,No,
WFB79C0A3C,EVTD4FDCB8C,VendorAnalyzer,Updated,2024-04-27 00:00:00,Completed,No,
WF0C55B8A8,EVT2D2C7C5A,RiskAssessment,Approved,2024-06-07 00:00:00,Completed,No,
WFDFDFACC0,EVTFD8C83C7,InventoryOptimizer,Assigned,2024-11-30 00:00:00,Completed,No,
WF6F67EAC2,EVTE79FAE0A,InventoryOptimizer,Rejected,2024-11-08 00:00:00,In Progress,Yes,2024-11-08 22:00:00
WFEF51AEDB,EVTF8988CD2,ApprovalEngine,Completed,2024-10-18 00:00:00,Completed,Yes,2024-10-18 02:00:00
WF4DF5B70F,EVT440F52E8,DeliveryTracker,Reviewed,2024-06-29 00:00:00,In Progress,No,
WF4BB66D37,EVTBBDE7D0F,ProcurementBot,Initiated,2024-07-08 00:00:00,Completed,No,
WF48D12311,EVT332D3067,ApprovalEngine,Reviewed,2024-10-24 00:00:00,Completed,No,
WF56AB67E1,EVT6FB38461,IncidentResponder,Rejected,2024-12-05 00:00:00,Completed,No,
WF17C7FCC5,EVT950A68F8,CostOptimizer,Rejected,2024-11-18 00:00:00,Completed,Yes,2024-11-18 15:00:00
WF2803686A,EVT4E3195B5,IncidentResponder,Escalated,2024-11-09 00:00:00,In Progress,No,
WF00578D33,EVT23880FAC,IncidentResponder,Completed,2024-08-01 00:00:00,Failed,Yes,2024-08-01 19:00:00
WF40C6383D,EVT38A4D343,DeliveryTracker,Assigned,2024-04-22 00:00:00,Completed,No,
WF481AC71A,EVTF7304F21,InventoryOptimizer,Completed,2024-09-17 00:00:00,Completed,Yes,2024-09-18 00:00:00
WF1BD4CE51,EVT1FF5924B,ApprovalEngine,Initiated,2024-08-19 00:00:00,Completed,No,
WF88908033,EVTF7EBD49C,InventoryOptimizer,Completed,2024-02-14 00:00:00,Completed,No,
WFBA7C9EEA,EVT13BC2A01,ProcurementBot,Reviewed,2024-01-09 00:00:00,Completed,Yes,2024-01-09 10:00:00
WF328DE621,EVTF65BAACD,CostOptimizer,Assigned,2024-10-29 00:00:00,Completed,Yes,2024-10-29 01:00:00
WF36405855,EVT2A6C59CA,ApprovalEngine,Reviewed,2024-10-04 00:00:00,Completed,No,
WF0DF0D278,EVT24A0494B,InventoryOptimizer,Rejected,2024-03-10 00:00:00,Completed,No,
WFD62C9CAD,EVT3231A7E1,ApprovalEngine,Approved,2024-04-10 00:00:00,Completed,No,
WF3787C4BB,EVT932FB8E1,ProcurementBot,Assigned,2024-09-21 00:00:00,Completed,No,
WF62F23CC2,EVT8166C2C4,ProcurementBot,Assigned,2024-01-23 00:00:00,Completed,Yes,2024-01-23 19:00:00
WFADBCF77A,EVTDB5CCB16,ApprovalEngine,Initiated,2024-07-18 00:00:00,Completed,No,
WFBCFE5FC5,EVT3A427A59,InventoryOptimizer,Reviewed,2024-01-15 00:00:00,Completed,No,
WF66576A4E,EVTBB1180E4,RiskAssessment,Escalated,2024-09-05 00:00:00,Completed,Yes,2024-09-05 06:00:00
WFE446662B,EVT39457F91,ApprovalEngine,Rejected,2024-02-18 00:00:00,In Progress,No,
WF31EF3DF5,EVT215C6358,InventoryOptimizer,Completed,2024-11-16 00:00:00,Completed,No,
WFE500F06E,EVT78110FDB,VendorAnalyzer,Approved,2024-11-15 00:00:00,In Progress,Yes,2024-11-15 05:00:00
WFFEDBC004,EVT439C07AC,IncidentResponder,Rejected,2024-10-15 00:00:00,Completed,No,
WF4EA6D563,EVT3509FDAC,InventoryOptimizer,Escalated,2024-07-10 00:00:00,Completed,No,
WFA4182B62,EVTE93EE6BD,CostOptimizer,Reviewed,2024-05-18 00:00:00,Completed,Yes,2024-05-18 14:00:00
WFA8531F10,EVT7980648F,InventoryOptimizer,Initiated,2024-10-02 00:00:00,Completed,No,
WF69150810,EVTDE4BA519,ProcurementBot,Updated,2024-02-20 00:00:00,Completed,Yes,2024-02-20 22:00:00
WF5A1CBDD7,EVTE3057A9E,IncidentResponder,Reviewed,2024-02-21 00:00:00,Completed,No,
WF1DF566CC,EVTA1CE0AB8,ApprovalEngine,Initiated,2024-02-29 00:00:00,Completed,No,
WFE1900687,EVTBDA4860E,ProcurementBot,Reviewed,2024-03-01 00:00:00,In Progress,No,
WF0438BB0D,EVTAB8FFAF4,CostOptimizer,Assigned,2024-02-12 00:00:00,Completed,Yes,2024-02-12 02:00:00
WF28C5D801,EVTB9F29A0F,RiskAssessment,Updated,2024-10-04 00:00:00,Completed,Yes,2024-10-04 03:00:00
WFFD480D22,EVTB5A311F4,CostOptimizer,Completed,2024-02-10 00:00:00,Completed,No,
WF12ABD596,EVT66AC2901,CostOptimizer,Reviewed,2024-02-27 00:00:00,Completed,Yes,2024-02-27 09:00:00
WFF61150E5,EVTC10F186A,CostOptimizer,Completed,2024-10-03 00:00:00,Completed,No,
WFDD0938B9,EVTC2FD841E,ProcurementBot,Initiated,2024-04-04 00:00:00,Completed,Yes,2024-04-04 02:00:00
WFFFB012FB,EVTC51C5D77,ProcurementBot,Assigned,2024-10-14 00:00:00,Completed,Yes,2024-10-14 19:00:00
WF0FEF9AD7,EVTD152EFE6,InventoryOptimizer,Approved,2024-07-16 00:00:00,Completed,Yes,2024-07-16 08:00:00
WF10C7B8FA,EVT6E84422C,DeliveryTracker,Assigned,2024-05-01 00:00:00,Completed,No,
WFA4FC651B,EVTC3401A38,ApprovalEngine,Escalated,2024-01-27 00:00:00,In Progress,Yes,2024-01-27 21:00:00
WF3DDBD9CF,EVT834AC9BE,IncidentResponder,Updated,2024-05-25 00:00:00,Completed,No,
WFEC0C54B2,EVT702578CB,InventoryOptimizer,Rejected,2024-06-04 00:00:00,Failed,Yes,2024-06-04 03:00:00
WFD297347B,EVTBB28C004,InventoryOptimizer,Escalated,2024-11-26 00:00:00,Completed,Yes,2024-11-26 07:00:00
WF3E772B88,EVTF9BB9AC4,CostOptimizer,Reviewed,2024-09-18 00:00:00,Completed,Yes,2024-09-18 13:00:00
WF89E985C2,EVT0D448F85,IncidentResponder,Assigned,2024-03-31 00:00:00,Completed,No,
WF22BA3D02,EVT03F645E8,CostOptimizer,Completed,2024-07-07 00:00:00,Completed,No,
WF8CC7FF63,EVT535AF272,DeliveryTracker,Updated,2024-03-13 00:00:00,Failed,No,
WFF80A7D0E,EVT46742BBB,ProcurementBot,Approved,2024-11-05 00:00:00,Failed,Yes,2024-11-05 10:00:00
WF748B4208,EVT01330DB7,ProcurementBot,Completed,2024-08-13 00:00:00,Failed,Yes,2024-08-13 05:00:00
WF5CACD573,EVTF0849656,IncidentResponder,Approved,2024-12-31 00:00:00,Completed,No,
WF1D23CDA4,EVTDE043A53,InventoryOptimizer,Rejected,2024-01-05 00:00:00,Completed,No,
WFD96C5D7A,EVTC55A4E9B,DeliveryTracker,Updated,2024-12-24 00:00:00,Completed,No,
WF1DCF55C8,EVT72A93C16,ApprovalEngine,Updated,2024-05-05 00:00:00,Completed,Yes,2024-05-06 00:00:00
WF706A130B,EVT5C130408,RiskAssessment,Assigned,2024-04-26 00:00:00,Failed,Yes,2024-04-26 03:00:00
WFAC140C9E,EVT98646397,ProcurementBot,Completed,2024-07-06 00:00:00,Completed,No,
WF1352D1A9,EVT4181F16C,DeliveryTracker,Completed,2024-11-09 00:00:00,In Progress,No,
WFB3A2A700,EVT4FBA4A90,VendorAnalyzer,Initiated,2024-01-16 00:00:00,Completed,No,
WFC39D2A31,EVT91E5C8EA,RiskAssessment,Rejected,2024-12-28 00:00:00,Failed,No,
WFAAEEB390,EVT9B320DE9,ProcurementBot,Assigned,2024-04-04 00:00:00,Completed,No,
WF68C5BCD2,EVT402EF43E,RiskAssessment,Completed,2024-09-13 00:00:00,In Progress,No,
WFDFABEB04,EVT577F876A,ApprovalEngine,Initiated,2024-01-21 00:00:00,In Progress,No,
WF7A4A8532,EVT46B7F50C,CostOptimizer,Approved,2024-10-23 00:00:00,Completed,Yes,2024-10-23 12:00:00
WF7218E3E4,EVT78E0731B,VendorAnalyzer,Assigned,2024-12-25 00:00:00,Completed,Yes,2024-12-25 05:00:00
WFE0792656,EVT724982AB,VendorAnalyzer,Approved,2024-04-17 00:00:00,Completed,Yes,2024-04-17 16:00:00
WFE82E3924,EVT86510F5D,IncidentResponder,Completed,2024-02-12 00:00:00,In Progress,No,
WFD1FD4D67,EVTF49F9FD9,ApprovalEngine,Escalated,2024-02-04 00:00:00,Completed,No,
WF16D49862,EVT46B94FB4,IncidentResponder,Initiated,2024-12-04 00:00:00,Failed,No,
WFB6ACC35B,EVT911953C9,VendorAnalyzer,Updated,2024-01-11 00:00:00,Completed,No,
WF6DD97163,EVT1A984D90,ApprovalEngine,Assigned,2024-03-02 00:00:00,In Progress,No,
WFB909137A,EVT9F7ABA66,ProcurementBot,Reviewed,2024-04-07 00:00:00,Completed,Yes,2024-04-07 20:00:00
WFE4494CDE,EVT74D6A3B4,DeliveryTracker,Escalated,2024-07-26 00:00:00,Completed,Yes,2024-07-26 21:00:00
WFAE7026EF,EVT8168A16D,VendorAnalyzer,Reviewed,2024-04-04 00:00:00,Completed,Yes,2024-04-04 04:00:00
WF75C3AC90,EVTC2393173,DeliveryTracker,Escalated,2024-12-29 00:00:00,In Progress,Yes,2024-12-29 14:00:00
WFCD0F6D52,EVT75034521,IncidentResponder,Updated,2024-08-10 00:00:00,Completed,No,
WF296B71AC,EVTE020C3A0,ApprovalEngine,Approved,2024-03-05 00:00:00,In Progress,Yes,2024-03-05 21:00:00
WFCDB9F762,EVT8713C763,CostOptimizer,Reviewed,2024-04-23 00:00:00,Completed,No,
WF32FEFA0A,EVT5E56D7DF,RiskAssessment,Reviewed,2024-06-07 00:00:00,Completed,No,
WFAC0114F0,EVT5E56D7DF,InventoryOptimizer,Approved,2024-11-21 00:00:00,Completed,Yes,2024-11-21 10:00:00
WFDD9D7167,EVTB6BBC43F,ProcurementBot,Reviewed,2024-09-08 00:00:00,Completed,Yes,2024-09-08 06:00:00
WF95822711,EVT60ECF9E2,IncidentResponder,Completed,2024-11-17 00:00:00,Completed,No,
WF29017BF2,EVT215C6358,CostOptimizer,Initiated,2024-05-23 00:00:00,In Progress,Yes,2024-05-23 08:00:00
WF0A68A4DB,EVTF7DA39A1,InventoryOptimizer,Approved,2024-03-20 00:00:00,Completed,Yes,2024-03-20 05:00:00
WF6986BEC0,EVT0B28F80B,ApprovalEngine,Escalated,2024-02-11 00:00:00,Failed,No,
WF4C175502,EVT2026160F,InventoryOptimizer,Approved,2024-03-02 00:00:00,In Progress,No,
WF31831614,EVT11A411EE,VendorAnalyzer,Updated,2024-10-19 00:00:00,In Progress,No,
WF7729CE62,EVTFAC16C45,ApprovalEngine,Initiated,2024-03-08 00:00:00,Completed,Yes,2024-03-08 09:00:00
WFEB942CD9,EVT1AC36BD7,CostOptimizer,Rejected,2024-09-01 00:00:00,Completed,No,
WF9A1268F3,EVTB50EB6A0,IncidentResponder,Approved,2024-09-09 00:00:00,Completed,No,
WFA533862F,EVT36874401,CostOptimizer,Rejected,2024-01-23 00:00:00,Completed,Yes,2024-01-23 14:00:00
WF05609D6B,EVTCC636D73,ApprovalEngine,Completed,2024-01-01 00:00:00,Completed,Yes,2024-01-01 16:00:00
WF0761448C,EVT97FB0948,ProcurementBot,Initiated,2024-08-01 00:00:00,Completed,Yes,2024-08-01 04:00:00
WF7190FE7E,EVTFE23B9F2,VendorAnalyzer,Assigned,2024-11-25 00:00:00,Completed,No,
WF8352B921,EVT530C8702,ProcurementBot,Rejected,2024-08-02 00:00:00,Completed,Yes,2024-08-02 11:00:00
WFFFD2A1C9,EVT263AEA50,DeliveryTracker,Reviewed,2024-03-23 00:00:00,Completed,No,
WF14B3BBD3,EVT810E1E30,RiskAssessment,Escalated,2024-12-13 00:00:00,Completed,Yes,2024-12-13 04:00:00
WFBEB32361,EVTBF0D030A,CostOptimizer,Approved,2024-01-13 00:00:00,Completed,Yes,2024-01-14 00:00:00
WF83BFD824,EVTCB63AAAA,ProcurementBot,Approved,2024-06-15 00:00:00,Completed,Yes,2024-06-15 18:00:00
WF97D2F760,EVT601A534F,InventoryOptimizer,Assigned,2024-10-24 00:00:00,Failed,No,
WF29FD8FD7,EVT7B66AFF6,IncidentResponder,Updated,2024-03-15 00:00:00,Completed,No,
WF8DD899C5,EVTF87FC471,ProcurementBot,Updated,2024-11-17 00:00:00,In Progress,No,
WF709C48FA,EVTD49DD628,RiskAssessment,Updated,2024-07-25 00:00:00,In Progress,No,
WF925D5313,EVT93840050,ApprovalEngine,Approved,2024-12-20 00:00:00,Completed,Yes,2024-12-20 21:00:00
WF6CF3A024,EVT014776AA,InventoryOptimizer,Rejected,2024-04-30 00:00:00,Failed,No,
WF97EBCF40,EVT643E6994,IncidentResponder,Approved,2024-08-07 00:00:00,Completed,No,
WF8B1ED7C9,EVT5C1AC9EB,ApprovalEngine,Updated,2024-03-07 00:00:00,Failed,No,
WFFA9A15D4,EVT47B19DE1,ProcurementBot,Assigned,2024-10-11 00:00:00,Completed,No,
WFEC929F3C,EVTDE2073F5,InventoryOptimizer,Escalated,2024-10-13 00:00:00,Completed,Yes,2024-10-13 15:00:00
WF1CB02FE5,EVT03B3DC0D,IncidentResponder,Completed,2024-09-18 00:00:00,Completed,No,
WF293B478E,EVTD3336D3E,ApprovalEngine,Completed,2024-02-10 00:00:00,Completed,Yes,2024-02-10 21:00:00
WF3F4641B4,EVT652120E0,ProcurementBot,Reviewed,2024-09-26 00:00:00,Failed,Yes,2024-09-26 05:00:00
WFCE861D70,EVT5B761D3E,VendorAnalyzer,Escalated,2024-12-10 00:00:00,Completed,No,
WFB5439F11,EVTACD1B008,IncidentResponder,Approved,2024-10-04 00:00:00,Completed,Yes,2024-10-04 11:00:00
WFFC69C790,EVTED9A28DC,IncidentResponder,Reviewed,2024-09-09 00:00:00,Completed,Yes,2024-09-09 08:00:00
WF5F1C6F03,EVT631911B3,DeliveryTracker,Reviewed,2024-10-31 00:00:00,In Progress,No,
WFFFDB849D,EVT98CD926A,IncidentResponder,Escalated,2024-09-15 00:00:00,Completed,No,
WF9E72549D,EVTB0A438B0,InventoryOptimizer,Escalated,2024-03-12 00:00:00,Completed,Yes,2024-03-12 10:00:00
WF68389C35,EVTD4398ABA,InventoryOptimizer,Updated,2024-08-18 00:00:00,In Progress,Yes,2024-08-18 20:00:00
WF7823B8E4,EVTC2BB7F15,VendorAnalyzer,Escalated,2024-04-28 00:00:00,In Progress,No,
WFF634450C,EVTDFC07F96,RiskAssessment,Initiated,2024-01-19 00:00:00,In Progress,Yes,2024-01-19 17:00:00
WFB18F1D8C,EVT6C770F05,DeliveryTracker,Completed,2024-08-07 00:00:00,Completed,No,
WFE7F40A76,EVTEA34AD71,ApprovalEngine,Updated,2024-01-22 00:00:00,Failed,No,
WF53FC904D,EVTCFE0F21B,ProcurementBot,Reviewed,2024-11-12 00:00:00,Completed,No,
WFCD43ED81,EVT7E884412,InventoryOptimizer,Rejected,2024-04-07 00:00:00,Failed,No,
WF2D34A613,EVT5E30ADE5,RiskAssessment,Updated,2024-09-09 00:00:00,Failed,Yes,2024-09-09 09:00:00
WF92390631,EVT9064AFD0,VendorAnalyzer,Escalated,2024-03-24 00:00:00,Completed,No,
WF2F40531F,EVTA4AEB7FC,ApprovalEngine,Approved,2024-02-20 00:00:00,Completed,Yes,2024-02-20 08:00:00
WF520AA45C,EVTA610C3F0,ProcurementBot,Escalated,2024-10-31 00:00:00,Completed,No,
WF2313849C,EVT577F987D,RiskAssessment,Completed,2024-11-22 00:00:00,Completed,No,
WF74E25711,EVT012688EB,IncidentResponder,Updated,2024-12-30 00:00:00,Completed,Yes,2024-12-31 00:00:00
WFF4D82AEB,EVTE05ED782,DeliveryTracker,Reviewed,2024-04-11 00:00:00,In Progress,No,
WF23B8184E,EVT48271F54,DeliveryTracker,Approved,2024-09-12 00:00:00,Completed,No,
WF477A9A4B,EVT402EF43E,DeliveryTracker,Assigned,2024-08-29 00:00:00,Completed,No,
WF2AF9529F,EVT7ADD4116,VendorAnalyzer,Completed,2024-12-26 00:00:00,Completed,Yes,2024-12-26 14:00:00
WF28BEA387,EVT5A94F283,VendorAnalyzer,Assigned,2024-08-26 00:00:00,Completed,Yes,2024-08-26 10:00:00
WF8592EB80,EVTE9B377F2,CostOptimizer,Assigned,2024-09-29 00:00:00,Completed,No,
WF8871AA80,EVT0BB64C52,ProcurementBot,Assigned,2024-03-24 00:00:00,Completed,No,
WFFC6A47E5,EVTE189CD79,VendorAnalyzer,Initiated,2024-07-05 00:00:00,Completed,Yes,2024-07-06 00:00:00
WF99CA7587,EVT14461FA6,RiskAssessment,Updated,2024-02-14 00:00:00,Completed,No,
WF7D553B27,EVTB8D2AEB8,IncidentResponder,Approved,2024-05-30 00:00:00,Completed,Yes,2024-05-30 10:00:00
WF9AE63429,EVT2052324C,DeliveryTracker,Escalated,2024-06-14 00:00:00,Completed,Yes,2024-06-14 19:00:00
WFC0A46B0B,EVT0FE88389,ApprovalEngine,Assigned,2024-01-08 00:00:00,In Progress,No,
WFBC1394CF,EVT564F1A5C,RiskAssessment,Reviewed,2024-04-05 00:00:00,In Progress,No,
WF7A2DFAAA,EVT7580889B,RiskAssessment,Assigned,2024-09-11 00:00:00,Completed,No,
WF63BB80F0,EVT89D77582,VendorAnalyzer,Assigned,2024-12-26 00:00:00,Completed,No,
WF7351438C,EVT19DC666B,IncidentResponder,Approved,2024-07-02 00:00:00,In Progress,Yes,2024-07-02 15:00:00
WFC641B8F9,EVTD8B394C0,InventoryOptimizer,Rejected,2024-11-06 00:00:00,Completed,Yes,2024-11-06 23:00:00
WFAFF341E0,EVTF154E707,RiskAssessment,Updated,2024-12-19 00:00:00,Completed,Yes,2024-12-19 04:00:00
WF4ACCF53C,EVT7F40D0EC,RiskAssessment,Completed,2024-07-12 00:00:00,Completed,No,
WFD9725DE2,EVT74AF09EF,CostOptimizer,Completed,2024-03-13 00:00:00,Completed,Yes,2024-03-13 11:00:00
WFFB2668FA,EVT7516431F,RiskAssessment,Rejected,2024-03-22 00:00:00,Completed,Yes,2024-03-22 21:00:00
WF326AD4FF,EVT74A75A38,CostOptimizer,Completed,2024-06-05 00:00:00,Completed,Yes,2024-06-05 11:00:00
WF0E3B72F3,EVT8D8DD1EB,RiskAssessment,Escalated,2024-02-07 00:00:00,Completed,No,
WF6097304E,EVT3405F3A5,VendorAnalyzer,Approved,2024-12-16 00:00:00,Completed,Yes,2024-12-16 18:00:00
WFF725E6B2,EVTAB9BC0F7,ProcurementBot,Initiated,2024-09-24 00:00:00,Completed,Yes,2024-09-24 21:00:00
WF36513609,EVTE6ADAE9E,IncidentResponder,Assigned,2024-12-22 00:00:00,Failed,Yes,2024-12-22 15:00:00
WF68150B46,EVT9F7ABA66,DeliveryTracker,Assigned,2024-03-27 00:00:00,In Progress,No,
WF4467DAF3,EVT3231A7E1,InventoryOptimizer,Updated,2024-10-29 00:00:00,Completed,Yes,2024-10-29 14:00:00
WFA8DBD2C7,EVTF9FC0464,CostOptimizer,Approved,2024-05-29 00:00:00,Failed,Yes,2024-05-29 18:00:00
WFD87DD116,EVT654EEB61,VendorAnalyzer,Initiated,2024-02-17 00:00:00,Completed,Yes,2024-02-17 22:00:00
WF12A487CE,EVTD8B394C0,IncidentResponder,Updated,2024-07-07 00:00:00,Completed,No,
WF51C4BC81,EVT6455B145,IncidentResponder,Assigned,2024-04-02 00:00:00,Completed,Yes,2024-04-02 02:00:00
WF5A769027,EVT63F122B6,DeliveryTracker,Initiated,2024-02-08 00:00:00,Completed,No,
WFAAF1B1D7,EVT13BF7D24,VendorAnalyzer,Rejected,2024-11-16 00:00:00,Completed,Yes,2024-11-16 17:00:00
WFAAB52331,EVT6FFFE123,DeliveryTracker,Initiated,2024-05-04 00:00:00,Completed,Yes,2024-05-04 16:00:00
WFD44E62BE,EVT0912F435,RiskAssessment,Assigned,2024-09-01 00:00:00,Completed,No,
WFC0262A27,EVTBB5B4679,CostOptimizer,Approved,2024-06-20 00:00:00,Failed,Yes,2024-06-20 18:00:00
WF2AED658E,EVT7507AF35,CostOptimizer,Approved,2024-02-19 00:00:00,Completed,No,
WF18FFB1F6,EVT21AC2D9A,DeliveryTracker,Updated,2024-06-07 00:00:00,Completed,Yes,2024-06-07 22:00:00
WF8DF0026B,EVT7ADD4116,RiskAssessment,Updated,2024-01-07 00:00:00,Completed,No,
WF27A756D8,EVTDBB1C613,ApprovalEngine,Escalated,2024-01-07 00:00:00,Completed,No,
WF9DDCEFEA,EVT60178738,VendorAnalyzer,Escalated,2024-11-14 00:00:00,Completed,No,
WF9C59F01F,EVTD5D3EA50,ApprovalEngine,Reviewed,2024-11-15 00:00:00,Completed,Yes,2024-11-15 18:00:00
WF46E7F104,EVTA20B7FF4,DeliveryTracker,Assigned,2024-07-28 00:00:00,Completed,Yes,2024-07-28 10:00:00
WF789D2CB0,EVT52426073,InventoryOptimizer,Rejected,2024-01-22 00:00:00,In Progress,No,
WF85B99B30,EVT8AB52B08,ApprovalEngine,Assigned,2024-01-18 00:00:00,Completed,No,
WFCBED14BC,EVTBA32EE3A,ApprovalEngine,Escalated,2024-05-26 00:00:00,In Progress,No,
WF9EA387FC,EVTC8586C79,VendorAnalyzer,Rejected,2024-09-06 00:00:00,In Progress,Yes,2024-09-06 03:00:00
WF5DDF253E,EVTA24A15D9,ApprovalEngine,Updated,2024-11-06 00:00:00,Completed,No,
WFC7AB790E,EVTBE049D03,CostOptimizer,Rejected,2024-08-30 00:00:00,Completed,No,
WFD7B799E2,EVTF5FDCE43,RiskAssessment,Completed,2024-06-25 00:00:00,Completed,No,
WF62416A99,EVT637044FE,IncidentResponder,Assigned,2024-01-25 00:00:00,Completed,Yes,2024-01-25 10:00:00
WFEAEA67A6,EVTE122F26F,RiskAssessment,Initiated,2024-05-25 00:00:00,Completed,Yes,2024-05-25 07:00:00
WF6E22749F,EVT2459AEEC,CostOptimizer,Approved,2024-04-02 00:00:00,In Progress,No,
WFE5DEB260,EVT55B33264,VendorAnalyzer,Completed,2024-10-11 00:00:00,In Progress,Yes,2024-10-11 11:00:00
WFB0CCFA65,EVT938F70FC,DeliveryTracker,Initiated,2024-02-07 00:00:00,Completed,Yes,2024-02-07 12:00:00
WF1478E6F6,EVT2CEE16A8,ApprovalEngine,Assigned,2024-08-02 00:00:00,Completed,Yes,2024-08-02 03:00:00
WF8AA69A43,EVTF1C30382,DeliveryTracker,Escalated,2024-01-21 00:00:00,Completed,No,
WF643D3F6C,EVT91F2B3BE,CostOptimizer,Reviewed,2024-01-20 00:00:00,Completed,Yes,2024-01-20 19:00:00
WFB533F819,EVTD377981D,ApprovalEngine,Initiated,2024-12-16 00:00:00,Completed,No,
WF0ED7A22D,EVTB52B0983,InventoryOptimizer,Rejected,2024-12-17 00:00:00,In Progress,Yes,2024-12-18 00:00:00
WF0D4B4779,EVT5256A8D4,ApprovalEngine,Reviewed,2024-04-24 00:00:00,Completed,Yes,2024-04-24 19:00:00
WF4E04E365,EVTADD86A0A,CostOptimizer,Approved,2024-10-11 00:00:00,Completed,Yes,2024-10-11 04:00:00
WFB2E35D41,EVT8FD280B0,IncidentResponder,Approved,2024-07-14 00:00:00,Completed,No,
WF02C02B7B,EVT13F3CFDF,InventoryOptimizer,Updated,2024-11-24 00:00:00,Completed,No,
WF06BC89EE,EVT28B7B1DC,DeliveryTracker,Initiated,2024-10-11 00:00:00,Completed,No,
WF837446F1,EVT9DBAC55F,CostOptimizer,Initiated,2024-05-25 00:00:00,Completed,No,
WFE49C1E45,EVT362BB2EF,CostOptimizer,Initiated,2024-11-17 00:00:00,In Progress,No,
WFCB632977,EVTF0BEB8F2,DeliveryTracker,Escalated,2024-08-28 00:00:00,Completed,Yes,2024-08-28 16:00:00
WFA0AC9AF6,EVT5A75338E,VendorAnalyzer,Completed,2024-05-25 00:00:00,Failed,No,
WF78232881,EVT5344F631,IncidentResponder,Rejected,2024-01-06 00:00:00,Completed,Yes,2024-01-06 05:00:00
WF0005E7A1,EVTA15A53F7,RiskAssessment,Reviewed,2024-03-03 00:00:00,Completed,No,
WF7086D99E,EVT3870789E,ProcurementBot,Initiated,2024-10-21 00:00:00,In Progress,Yes,2024-10-21 02:00:00
WF787867D0,EVTE2D011D2,VendorAnalyzer,Completed,2024-12-01 00:00:00,Completed,Yes,2024-12-01 08:00:00
WF643CC9BF,EVTDF9678C1,CostOptimizer,Escalated,2024-12-23 00:00:00,Completed,No,
WF02AF7F7C,EVTD73FBA78,ApprovalEngine,Completed,2024-11-11 00:00:00,Completed,Yes,2024-11-11 15:00:00
WF6E83CE43,EVT282D1459,ProcurementBot,Escalated,2024-04-28 00:00:00,Completed,Yes,2024-04-28 06:00:00
WF5EB838A4,EVT2C391455,ProcurementBot,Initiated,2024-02-16 00:00:00,Completed,Yes,2024-02-16 19:00:00
WF15C24D76,EVTC749925F,RiskAssessment,Escalated,2024-07-09 00:00:00,Completed,Yes,2024-07-10 00:00:00
WF1F1A79C1,EVT83FEE10B,RiskAssessment,Reviewed,2024-09-14 00:00:00,Failed,Yes,2024-09-14 17:00:00
WF9F35F479,EVT7903C6BE,VendorAnalyzer,Escalated,2024-08-06 00:00:00,Failed,No,
WF0A9E4464,EVT22104C04,IncidentResponder,Initiated,2024-12-24 00:00:00,Completed,No,
WF9A25D480,EVT79F0E954,ProcurementBot,Completed,2024-05-31 00:00:00,Completed,No,
WFA0C797F0,EVT8B7898B5,DeliveryTracker,Rejected,2024-07-19 00:00:00,Completed,No,
WF30A80B2C,EVTFC580636,DeliveryTracker,Escalated,2024-10-04 00:00:00,Failed,Yes,2024-10-04 16:00:00
WF82CF4BFD,EVT957EC5DC,InventoryOptimizer,Reviewed,2024-03-08 00:00:00,Completed,Yes,2024-03-08 11:00:00
WFEE5C8E39,EVT5F78C16C,ProcurementBot,Rejected,2024-06-29 00:00:00,Completed,No,
WF6CB8E08B,EVT72E0CC8C,ApprovalEngine,Approved,2024-09-26 00:00:00,Completed,Yes,2024-09-26 18:00:00
WFF35AA510,EVTFFE61DD9,ProcurementBot,Updated,2024-06-29 00:00:00,Completed,Yes,2024-06-29 04:00:00
WFE4709BE0,EVT200AFFD5,ProcurementBot,Approved,2024-02-14 00:00:00,Completed,No,
WF9380C614,EVTF6E1BA21,RiskAssessment,Assigned,2024-06-06 00:00:00,Failed,No,
WF4C628099,EVT0FA23EAD,ApprovalEngine,Reviewed,2024-03-28 00:00:00,Completed,No,
WF390F2694,EVTFE3C3FA5,DeliveryTracker,Assigned,2024-06-26 00:00:00,In Progress,No,
WFA9CE1A92,EVT9D098AF5,InventoryOptimizer,Updated,2024-09-18 00:00:00,Completed,Yes,2024-09-18 04:00:00
WF2765653F,EVT9403D895,ApprovalEngine,Updated,2024-06-25 00:00:00,In Progress,No,
WFAE1FF697,EVTB0EC9290,ProcurementBot,Updated,2024-06-12 00:00:00,Completed,Yes,2024-06-12 16:00:00
WFFD73DF87,EVT5099FFD6,InventoryOptimizer,Approved,2024-01-30 00:00:00,Failed,No,
WF58EECAD5,EVTD61DFB34,RiskAssessment,Approved,2024-01-10 00:00:00,Completed,Yes,2024-01-10 01:00:00
WF4CC277C7,EVT0BC4A8F5,IncidentResponder,Rejected,2024-09-24 00:00:00,Completed,No,
WF3999622C,EVT0E7251F9,VendorAnalyzer,Completed,2024-09-18 00:00:00,Completed,Yes,2024-09-18 15:00:00
WF1B43D09A,EVTE3708E9F,ApprovalEngine,Reviewed,2024-10-25 00:00:00,Completed,Yes,2024-10-25 07:00:00
WFE669CDBB,EVT3176AE10,VendorAnalyzer,Updated,2024-05-18 00:00:00,Completed,No,
WF360A3C5F,EVTF5289888,ApprovalEngine,Assigned,2024-08-22 00:00:00,Completed,Yes,2024-08-22 03:00:00
WF03C33E01,EVTA4AEB7FC,InventoryOptimizer,Completed,2024-10-31 00:00:00,Failed,No,
WFB378A9C1,EVT63DA9A00,InventoryOptimizer,Reviewed,2024-12-01 00:00:00,Completed,No,
WFD287F813,EVT0CF3A626,IncidentResponder,Completed,2024-07-15 00:00:00,Completed,No,
WF4729BBB9,EVT88348378,RiskAssessment,Reviewed,2024-03-15 00:00:00,Failed,No,
WF8ABB5CA8,EVTE8B3A714,InventoryOptimizer,Escalated,2024-11-26 00:00:00,In Progress,No,
WF03349255,EVTAC602586,CostOptimizer,Escalated,2024-03-16 00:00:00,In Progress,No,
WF15A29266,EVT603790A4,VendorAnalyzer,Approved,2024-03-13 00:00:00,Failed,No,
WFB25B51EE,EVTBB0C1A1B,InventoryOptimizer,Rejected,2024-01-02 00:00:00,Completed,No,
WF094DBDAF,EVTF3D8DF53,RiskAssessment,Approved,2024-12-10 00:00:00,Completed,Yes,2024-12-10 23:00:00
WFC9502EA4,EVTA9FE6328,IncidentResponder,Assigned,2024-04-17 00:00:00,Completed,No,
WF387F280A,EVTA594185E,RiskAssessment,Rejected,2024-01-02 00:00:00,Failed,No,
WFB6EB61C6,EVT903BE43B,RiskAssessment,Approved,2024-02-03 00:00:00,Completed,No,
WF652B7854,EVT5B2D2B16,CostOptimizer,Assigned,2024-05-07 00:00:00,Completed,No,
WFFDC9823B,EVT4763A9C1,IncidentResponder,Assigned,2024-03-09 00:00:00,Completed,No,
WF6C86938F,EVT57E26223,InventoryOptimizer,Rejected,2024-11-28 00:00:00,In Progress,Yes,2024-11-28 01:00:00
WFE437841A,EVTC2B61860,IncidentResponder,Reviewed,2024-12-24 00:00:00,Completed,Yes,2024-12-24 19:00:00
WFCCECDDBB,EVTA4081F4A,IncidentResponder,Reviewed,2024-12-17 00:00:00,Completed,No,
WF03D77F86,EVTC0B2AA7B,DeliveryTracker,Approved,2024-12-19 00:00:00,Completed,No,
WFB3035008,EVTEF99F159,CostOptimizer,Updated,2024-01-28 00:00:00,Completed,Yes,2024-01-28 22:00:00
WF2826497C,EVTB6639921,ApprovalEngine,Rejected,2024-09-17 00:00:00,In Progress,No,
WF68938A2F,EVTED49960C,ProcurementBot,Assigned,2024-12-06 00:00:00,Completed,Yes,2024-12-06 23:00:00
WFB71C11F2,EVTE40FD408,CostOptimizer,Rejected,2024-08-19 00:00:00,In Progress,No,
WF6DE87FCB,EVTD40AE9A6,ProcurementBot,Updated,2024-01-21 00:00:00,Completed,No,
WF218C36DA,EVTB9B46346,CostOptimizer,Updated,2024-08-06 00:00:00,Failed,Yes,2024-08-06 03:00:00
WFDCEB446F,EVTB607083D,IncidentResponder,Updated,2024-11-21 00:00:00,Completed,Yes,2024-11-21 16:00:00
WF99B52852,EVT9E659660,CostOptimizer,Rejected,2024-01-11 00:00:00,Completed,Yes,2024-01-11 04:00:00
WF4CC151CB,EVTB2112E4E,RiskAssessment,Escalated,2024-04-14 00:00:00,Completed,No,
WFA8AA9786,EVTB4BC71BD,VendorAnalyzer,Updated,2024-11-11 00:00:00,Completed,Yes,2024-11-11 08:00:00
WF8732B749,EVT0B28F80B,RiskAssessment,Escalated,2024-07-22 00:00:00,Failed,Yes,2024-07-22 02:00:00
WF1C694053,EVTAF7862DB,InventoryOptimizer,Rejected,2024-09-20 00:00:00,Completed,Yes,2024-09-20 10:00:00
WF49649C75,EVT2B695EA7,DeliveryTracker,Initiated,2024-11-06 00:00:00,Completed,No,
WF7A2906D4,EVT3F3F852E,DeliveryTracker,Updated,2024-05-17 00:00:00,Completed,No,
WFD981C2AB,EVTE17E41F1,VendorAnalyzer,Rejected,2024-03-21 00:00:00,Completed,No,
WFE3827C9C,EVTA93E6366,ApprovalEngine,Reviewed,2024-01-20 00:00:00,Completed,No,
WF2862FADF,EVT06179099,CostOptimizer,Reviewed,2024-05-15 00:00:00,Completed,No,
WFF5FA3EE4,EVT8DB033E3,InventoryOptimizer,Completed,2024-01-07 00:00:00,Failed,Yes,2024-01-07 04:00:00
WF7A860875,EVT64D5414D,IncidentResponder,Approved,2024-07-14 00:00:00,Completed,No,
WFAD141E7B,EVT01C8A605,ApprovalEngine,Completed,2024-08-24 00:00:00,In Progress,No,
WF830EECEA,EVT1118F052,CostOptimizer,Escalated,2024-11-12 00:00:00,Completed,No,
WFBECE8A9E,EVT1F62D1F4,InventoryOptimizer,Updated,2024-10-16 00:00:00,Completed,Yes,2024-10-16 16:00:00
WFEAC977A8,EVT15B616C8,ProcurementBot,Updated,2024-06-05 00:00:00,Completed,No,
WFD0CFF548,EVTD58A1929,ApprovalEngine,Updated,2024-02-10 00:00:00,Completed,No,
WF3FD03D6B,EVT49DDE493,VendorAnalyzer,Updated,2024-07-16 00:00:00,Completed,Yes,2024-07-16 09:00:00
WF25207DA3,EVT782C6DFF,RiskAssessment,Updated,2024-08-03 00:00:00,Completed,No,
WF28F9A6A3,EVTD9BD1987,ApprovalEngine,Approved,2024-03-17 00:00:00,In Progress,No,
WFC5EB4FAB,EVT4EE70CE9,InventoryOptimizer,Initiated,2024-09-10 00:00:00,In Progress,Yes,2024-09-10 10:00:00
WFAF09B871,EVT02D1B8FB,ProcurementBot,Rejected,2024-03-28 00:00:00,Completed,No,
WF20D11A12,EVT6896BBB3,DeliveryTracker,Initiated,2024-12-15 00:00:00,Completed,Yes,2024-12-15 11:00:00
WFA01223DA,EVT42C60DF4,IncidentResponder,Completed,2024-10-08 00:00:00,Completed,No,
WF123D2CDC,EVTD53B4293,RiskAssessment,Approved,2024-07-04 00:00:00,Completed,No,
WF118F7DF2,EVT3CDE8549,RiskAssessment,Completed,2024-09-23 00:00:00,Completed,No,
WFD30F53D3,EVTB50684E9,IncidentResponder,Assigned,2024-05-03 00:00:00,Completed,Yes,2024-05-03 23:00:00
WFB317D00F,EVT2FDE62F3,DeliveryTracker,Reviewed,2024-09-25 00:00:00,Completed,No,
WFD4F464BF,EVTAEB4A4E4,CostOptimizer,Escalated,2024-12-14 00:00:00,Completed,No,
WFACFD5E1F,EVT2A4CD7B8,ProcurementBot,Reviewed,2024-11-28 00:00:00,Completed,Yes,2024-11-28 02:00:00
WF5D08B922,EVT903BE43B,VendorAnalyzer,Escalated,2024-08-14 00:00:00,Completed,No,
WFFB3B4241,EVTD659745D,RiskAssessment,Updated,2024-02-10 00:00:00,Completed,Yes,2024-02-10 10:00:00
WF35A645E5,EVT499C84B8,VendorAnalyzer,Completed,2024-01-02 00:00:00,Completed,Yes,2024-01-02 19:00:00
WF8D367B6C,EVTFD7FE7AC,CostOptimizer,Updated,2024-04-11 00:00:00,Completed,Yes,2024-04-11 22:00:00
WF82F0DD5B,EVTDABD98BC,CostOptimizer,Escalated,2024-11-02 00:00:00,Completed,No,
WF6DC6E83D,EVT113BB4DF,CostOptimizer,Initiated,2024-01-21 00:00:00,In Progress,Yes,2024-01-21 17:00:00
WF564456AD,EVTE798784A,CostOptimizer,Assigned,2024-05-21 00:00:00,In Progress,Yes,2024-05-21 14:00:00
WFED5E82BA,EVT87169BF2,DeliveryTracker,Rejected,2024-07-30 00:00:00,Completed,Yes,2024-07-30 15:00:00
WF2E9AB3C7,EVT63EB0BB9,InventoryOptimizer,Rejected,2024-08-09 00:00:00,Completed,No,
WFE5418988,EVT28E149E8,IncidentResponder,Updated,2024-09-29 00:00:00,Completed,Yes,2024-09-29 17:00:00
WF1586AC55,EVT012146A9,InventoryOptimizer,Completed,2024-07-04 00:00:00,In Progress,No,
WF0F3E9539,EVT913F6399,VendorAnalyzer,Approved,2024-09-28 00:00:00,Failed,No,
WFDB046436,EVTD9B4830C,InventoryOptimizer,Initiated,2024-10-28 00:00:00,Completed,Yes,2024-10-28 11:00:00
WF9248E927,EVT2D2C7C5A,InventoryOptimizer,Initiated,2024-03-24 00:00:00,In Progress,No,
WF2B810747,EVTC1DE49A0,CostOptimizer,Approved,2024-03-06 00:00:00,Completed,No,
WF94B64B6A,EVT7FBA6916,RiskAssessment,Reviewed,2024-03-29 00:00:00,In Progress,Yes,2024-03-29 01:00:00
WFC03517F2,EVT78E0731B,CostOptimizer,Completed,2024-04-07 00:00:00,Completed,No,
WF13ACCD58,EVT577F876A,CostOptimizer,Completed,2024-12-04 00:00:00,Completed,No,
WF363D7A91,EVT100A539C,RiskAssessment,Reviewed,2024-03-20 00:00:00,Completed,Yes,2024-03-20 09:00:00
WF9DFE10E2,EVT9A702DF6,RiskAssessment,Rejected,2024-02-27 00:00:00,Completed,No,
WF12A61769,EVT77AAFA05,RiskAssessment,Escalated,2024-11-13 00:00:00,In Progress,No,
WFE4DF04FD,EVT38533F1A,RiskAssessment,Reviewed,2024-12-09 00:00:00,Failed,Yes,2024-12-10 00:00:00
WFB388F66C,EVT721CAFA7,ApprovalEngine,Completed,2024-08-14 00:00:00,In Progress,Yes,2024-08-14 03:00:00
WF9FE58160,EVT83B9DE6A,DeliveryTracker,Reviewed,2024-04-25 00:00:00,Completed,No,
WF526D8EE3,EVTB2A1BA72,CostOptimizer,Approved,2024-01-19 00:00:00,Completed,No,
WFA74F12C0,EVTA16B7C7C,ApprovalEngine,Rejected,2024-04-17 00:00:00,Completed,Yes,2024-04-17 15:00:00
WF1A47A496,EVT932FB8E1,VendorAnalyzer,Assigned,2024-03-12 00:00:00,Completed,No,
WFFF5E6533,EVT50F8E447,CostOptimizer,Completed,2024-11-04 00:00:00,Completed,No,
WFE06DB66E,EVT1B6F4843,ApprovalEngine,Escalated,2024-12-06 00:00:00,Completed,No,
WF1306BD0C,EVTD5E4AEF1,VendorAnalyzer,Escalated,2024-06-28 00:00:00,Completed,No,
WFE5787154,EVT051A45A4,ProcurementBot,Approved,2024-04-04 00:00:00,Completed,Yes,2024-04-04 20:00:00
WF67C12D4D,EVT93924673,InventoryOptimizer,Assigned,2024-07-28 00:00:00,In Progress,No,
WFC1F45C8F,EVTE03CC0A6,ProcurementBot,Updated,2024-12-11 00:00:00,Completed,No,
WF4223E91E,EVT0CB5597B,IncidentResponder,Rejected,2024-12-01 00:00:00,Completed,No,
WFEED2B3FC,EVT78875811,RiskAssessment,Approved,2024-12-23 00:00:00,Completed,No,
WF22638E96,EVT324F5056,VendorAnalyzer,Initiated,2024-01-08 00:00:00,Completed,No,
WFBB80C5DC,EVT9ED05DD7,IncidentResponder,Reviewed,2024-11-17 00:00:00,Completed,No,
WF21F27A6E,EVTC4C9256A,VendorAnalyzer,Initiated,2024-09-04 00:00:00,In Progress,No,
WF8F553ADE,EVT8E3391CB,CostOptimizer,Escalated,2024-06-26 00:00:00,Failed,Yes,2024-06-26 07:00:00
WF29476CC6,EVTB0D75605,CostOptimizer,Updated,2024-08-07 00:00:00,Completed,No,
WFA6DB90DC,EVT96EBB379,IncidentResponder,Escalated,2024-10-04 00:00:00,Completed,No,
WF9E4D6DB0,EVTC95869BF,VendorAnalyzer,Initiated,2024-08-06 00:00:00,Failed,No,
WF5D1DA7F6,EVT9E1D550D,DeliveryTracker,Updated,2024-12-21 00:00:00,Completed,No,
WFF3454F46,EVTD61DFB34,CostOptimizer,Escalated,2024-01-08 00:00:00,Failed,No,
WF406FC6D0,EVTBB90838D,ProcurementBot,Completed,2024-08-17 00:00:00,Completed,Yes,2024-08-17 16:00:00
WF117C3F3D,EVT56E08646,DeliveryTracker,Completed,2024-05-17 00:00:00,Completed,No,
WFD082F7B7,EVTAC03251E,IncidentResponder,Initiated,2024-12-26 00:00:00,In Progress,Yes,2024-12-26 21:00:00
WF6342DEF8,EVT63ABA9F0,RiskAssessment,Assigned,2024-04-27 00:00:00,Completed,Yes,2024-04-27 06:00:00
WF6882229D,EVT745641E9,ApprovalEngine,Approved,2024-07-02 00:00:00,In Progress,No,
WFAE3AFD43,EVT50147D86,RiskAssessment,Updated,2024-03-12 00:00:00,Failed,Yes,2024-03-12 10:00:00
WFCEA902E4,EVTCAC856F2,DeliveryTracker,Rejected,2024-06-17 00:00:00,Completed,Yes,2024-06-17 12:00:00
WF91FCF6F8,EVT2DDC79E7,RiskAssessment,Initiated,2024-02-15 00:00:00,Completed,Yes,2024-02-15 07:00:00
WF5A719BBF,EVT75CAAA30,InventoryOptimizer,Assigned,2024-08-21 00:00:00,Completed,No,
WFF0267B1D,EVT2D4EC267,ProcurementBot,Updated,2024-07-22 00:00:00,Completed,Yes,2024-07-22 13:00:00
WF1644B80E,EVT0ADE1249,IncidentResponder,Assigned,2024-06-27 00:00:00,Completed,No,
WF55699C30,EVTF9A840C4,VendorAnalyzer,Approved,2024-02-03 00:00:00,In Progress,No,
WF98669DAB,EVTB34FEA40,VendorAnalyzer,Assigned,2024-03-14 00:00:00,Completed,No,
WF8AFFAE5D,EVT0D0FB018,RiskAssessment,Completed,2024-10-05 00:00:00,Completed,No,
WFBB41C38C,EVT007B811F,DeliveryTracker,Approved,2024-10-15 00:00:00,Completed,Yes,2024-10-15 11:00:00
WF10AF7F41,EVT6BA1290C,DeliveryTracker,Reviewed,2024-02-14 00:00:00,Completed,No,
WFF3D991F9,EVT0F67237F,RiskAssessment,Assigned,2024-12-23 00:00:00,Completed,No,
WF79D63EE6,EVT5DA3C7B3,ProcurementBot,Assigned,2024-12-23 00:00:00,In Progress,Yes,2024-12-23 03:00:00
WF4D3CBA69,EVTF94BE053,CostOptimizer,Updated,2024-10-17 00:00:00,In Progress,No,
WF1396C4C7,EVTFDFCADD0,ProcurementBot,Initiated,2024-02-10 00:00:00,Completed,No,
WF378CA1B5,EVT60698363,CostOptimizer,Approved,2024-07-08 00:00:00,In Progress,Yes,2024-07-08 22:00:00
WF9319A623,EVT77FD2FB9,CostOptimizer,Escalated,2024-08-13 00:00:00,Completed,No,
WFCF132ABB,EVT1D8935B8,ApprovalEngine,Escalated,2024-05-17 00:00:00,Completed,No,
WFADB4766D,EVTBD23AF0F,ProcurementBot,Rejected,2024-07-01 00:00:00,Completed,No,
WF6292B11D,EVT2C7EBEED,DeliveryTracker,Updated,2024-03-04 00:00:00,In Progress,Yes,2024-03-04 12:00:00
WF43B88923,EVT7A5E7A7A,DeliveryTracker,Assigned,2024-01-01 00:00:00,Completed,No,
WF2C8E06CD,EVT11A411EE,VendorAnalyzer,Assigned,2024-06-03 00:00:00,Completed,Yes,2024-06-03 10:00:00
WFE8B2F06C,EVT84C4612A,VendorAnalyzer,Completed,2024-12-31 00:00:00,Completed,No,
WF396147D6,EVT7D9BD00B,VendorAnalyzer,Rejected,2024-01-11 00:00:00,Completed,No,
WF460C693E,EVT36E9EA87,IncidentResponder,Assigned,2024-01-05 00:00:00,Completed,No,
WFBB38D91C,EVTB7E5781A,IncidentResponder,Completed,2024-05-07 00:00:00,Completed,Yes,2024-05-07 17:00:00
WFF242DC36,EVT89D77582,ProcurementBot,Initiated,2024-04-01 00:00:00,Completed,Yes,2024-04-01 14:00:00
WFFC3E2D4E,EVTFA89FA1A,ApprovalEngine,Updated,2024-06-15 00:00:00,Completed,No,
WF1B297F83,EVTF48119D5,InventoryOptimizer,Initiated,2024-04-23 00:00:00,Completed,No,
WF8DD913C5,EVTD6C6A851,IncidentResponder,Escalated,2024-03-31 00:00:00,In Progress,No,
WFE7E8BEC2,EVT779EC481,ProcurementBot,Reviewed,2024-08-20 00:00:00,Completed,No,
WF80295571,EVT7E6FB24F,CostOptimizer,Updated,2024-02-18 00:00:00,Completed,Yes,2024-02-18 17:00:00
WF4B655C1F,EVTF68CFA34,ProcurementBot,Rejected,2024-07-13 00:00:00,Completed,Yes,2024-07-13 04:00:00
WFD8084388,EVT69AB59D1,InventoryOptimizer,Updated,2024-07-18 00:00:00,Completed,No,
WFFA164054,EVT540FA63A,ProcurementBot,Initiated,2024-06-19 00:00:00,In Progress,Yes,2024-06-19 22:00:00
WF26B24720,EVT233A9D29,RiskAssessment,Escalated,2024-06-08 00:00:00,Completed,No,
WF9814FD7E,EVT850B2360,CostOptimizer,Approved,2024-03-21 00:00:00,Completed,No,
WF8F9B6DC3,EVTCA02101B,CostOptimizer,Completed,2024-10-21 00:00:00,Completed,No,
WF3317362F,EVT447662DF,RiskAssessment,Updated,2024-09-06 00:00:00,Completed,Yes,2024-09-06 12:00:00
WFE6E990AB,EVT33B870A1,CostOptimizer,Escalated,2024-12-29 00:00:00,Failed,Yes,2024-12-29 05:00:00
WF88FC9929,EVT4E74D5AD,ApprovalEngine,Rejected,2024-06-02 00:00:00,Completed,No,
WFD4880F5C,EVTB364337E,ApprovalEngine,Completed,2024-12-22 00:00:00,Completed,Yes,2024-12-22 06:00:00
WF052C2F03,EVT5214871F,InventoryOptimizer,Assigned,2024-01-25 00:00:00,Completed,No,
WF972CA523,EVTDB02EAC5,RiskAssessment,Approved,2024-01-15 00:00:00,Completed,Yes,2024-01-15 14:00:00
WF295C6BD9,EVTD5C359ED,ApprovalEngine,Rejected,2024-12-28 00:00:00,Completed,Yes,2024-12-28 21:00:00
WF26168D9B,EVT3D57F191,VendorAnalyzer,Reviewed,2024-03-11 00:00:00,Completed,No,
WF2C804786,EVTB0EC9290,CostOptimizer,Completed,2024-05-17 00:00:00,Completed,Yes,2024-05-17 05:00:00
WF8B1CD102,EVTE157BA8A,ApprovalEngine,Assigned,2024-09-12 00:00:00,Failed,No,
WF4D0F5364,EVTBB0D4CBC,VendorAnalyzer,Escalated,2024-12-15 00:00:00,Completed,Yes,2024-12-15 09:00:00
WFCEFED90D,EVT8C82424D,DeliveryTracker,Rejected,2024-10-10 00:00:00,In Progress,No,
WFFCEC2105,EVT2A6B0651,CostOptimizer,Assigned,2024-08-12 00:00:00,Failed,No,
WF1C587F87,EVT93649D7D,InventoryOptimizer,Escalated,2024-10-10 00:00:00,Completed,No,
WF8BC3A732,EVT989DF4BC,VendorAnalyzer,Rejected,2024-01-20 00:00:00,In Progress,Yes,2024-01-20 06:00:00
WF103E61B8,EVTDE007A91,ApprovalEngine,Reviewed,2024-12-07 00:00:00,Completed,Yes,2024-12-07 21:00:00
WF08B08003,EVT2D900F36,DeliveryTracker,Escalated,2024-10-15 00:00:00,Completed,No,
WFEEFBAC3D,EVT87FF7073,VendorAnalyzer,Updated,2024-11-13 00:00:00,Failed,Yes,2024-11-13 08:00:00
WF203704E1,EVTC41E623A,VendorAnalyzer,Assigned,2024-04-26 00:00:00,Completed,Yes,2024-04-26 14:00:00
WFD7890850,EVT280D5D70,ProcurementBot,Approved,2024-09-22 00:00:00,Completed,No,
WFF5B21953,EVTD58A1929,IncidentResponder,Updated,2024-03-06 00:00:00,Completed,No,
WF8D0E04F6,EVTDF0FF73A,DeliveryTracker,Approved,2024-07-11 00:00:00,Completed,No,
WF2A9BE0F0,EVT181C9305,DeliveryTracker,Updated,2024-07-11 00:00:00,In Progress,No,
WF3F053F1E,EVTCF912C18,IncidentResponder,Assigned,2024-11-18 00:00:00,Completed,No,
WFC36C5B43,EVT4A91EDEE,ApprovalEngine,Updated,2024-02-22 00:00:00,Completed,No,
WFEA8445ED,EVT0DF4375B,IncidentResponder,Rejected,2024-01-06 00:00:00,Completed,Yes,2024-01-06 15:00:00
WF489A759D,EVT74F77571,ProcurementBot,Assigned,2024-04-14 00:00:00,Failed,No,
WF9AF006F4,EVT0C454114,DeliveryTracker,Rejected,2024-12-19 00:00:00,Failed,No,
WF9A1C2D78,EVT2775BE5B,VendorAnalyzer,Escalated,2024-03-12 00:00:00,Completed,No,
WF74B1D4A7,EVT378D262B,RiskAssessment,Updated,2024-12-06 00:00:00,Failed,Yes,2024-12-07 00:00:00
WF7D82E21F,EVTCFAB26DD,ApprovalEngine,Assigned,2024-01-12 00:00:00,Completed,Yes,2024-01-12 11:00:00
WF962E9E9D,EVT3913CB2E,InventoryOptimizer,Initiated,2024-06-02 00:00:00,Completed,Yes,2024-06-02 08:00:00
WF5397A182,EVT4977DB78,VendorAnalyzer,Assigned,2024-08-25 00:00:00,Completed,Yes,2024-08-25 06:00:00
WF47A2893D,EVTDD11F1DE,DeliveryTracker,Completed,2024-12-27 00:00:00,Completed,No,
WF275DFCCF,EVT807B0A60,RiskAssessment,Assigned,2024-04-16 00:00:00,Completed,No,
WF82C036DE,EVTBA32EE3A,IncidentResponder,Approved,2024-03-09 00:00:00,Completed,No,
WF3BAA45CF,EVT2D019FAB,ApprovalEngine,Initiated,2024-10-25 00:00:00,Completed,No,
WFB64A7B1B,EVTA14B28F2,ProcurementBot,Approved,2024-07-21 00:00:00,Completed,Yes,2024-07-21 04:00:00
WF1E94A89D,EVT4DD5DBD7,RiskAssessment,Initiated,2024-10-06 00:00:00,In Progress,No,
WF33DAFB0D,EVT201DA001,InventoryOptimizer,Assigned,2024-10-17 00:00:00,Failed,No,
WF975DBED0,EVTD6FB701B,InventoryOptimizer,Rejected,2024-12-31 00:00:00,Failed,No,
WF6D826074,EVTB3B555D0,CostOptimizer,Assigned,2024-06-10 00:00:00,Completed,No,
WF780089DA,EVT86B46041,RiskAssessment,Updated,2024-10-19 00:00:00,Completed,No,
WF9ABC6B81,EVTC97E360B,DeliveryTracker,Initiated,2024-03-12 00:00:00,Completed,No,
WF6D8EA459,EVTA4081F4A,CostOptimizer,Updated,2024-03-07 00:00:00,Completed,No,
WFD2E559D9,EVT7305A552,ProcurementBot,Rejected,2024-04-25 00:00:00,Completed,No,
WF03D28D5C,EVT64C8013C,CostOptimizer,Approved,2024-03-04 00:00:00,Failed,No,
WF09787392,EVT0057A140,DeliveryTracker,Reviewed,2024-12-05 00:00:00,Completed,Yes,2024-12-05 03:00:00
WF53E71827,EVTFC580636,ProcurementBot,Reviewed,2024-12-03 00:00:00,In Progress,No,
WF9FF0A62C,EVT88348378,DeliveryTracker,Assigned,2024-09-03 00:00:00,Completed,No,
WF52A9BED1,EVTCC9ABADD,CostOptimizer,Updated,2024-03-04 00:00:00,Completed,No,
WFD4322F72,EVT70D2EE54,ProcurementBot,Completed,2024-06-07 00:00:00,Completed,No,
WF10CF61A3,EVTD377981D,ApprovalEngine,Escalated,2024-02-19 00:00:00,In Progress,No,
WF6EF6EA48,EVTB9582ABD,DeliveryTracker,Initiated,2024-10-20 00:00:00,Completed,No,
WF56C3DE87,EVT06CBAED0,DeliveryTracker,Updated,2024-04-09 00:00:00,Completed,No,
WF2EC8B5DF,EVTCD62B593,ApprovalEngine,Escalated,2024-04-23 00:00:00,Completed,No,
WFBD9DC3CD,EVTA32C8F80,InventoryOptimizer,Completed,2024-09-11 00:00:00,In Progress,Yes,2024-09-11 17:00:00
WF527BE216,EVT6A7490C3,RiskAssessment,Assigned,2024-05-27 00:00:00,Completed,No,
WF0A57FE42,EVT6350FCF3,DeliveryTracker,Initiated,2024-04-07 00:00:00,In Progress,Yes,2024-04-07 09:00:00
WF492CED98,EVT0C373385,VendorAnalyzer,Rejected,2024-10-08 00:00:00,In Progress,Yes,2024-10-08 16:00:00
WF4DC9B720,EVT9011A397,InventoryOptimizer,Rejected,2024-11-03 00:00:00,Completed,Yes,2024-11-03 18:00:00
WFDFE25374,EVTB4C95EE8,RiskAssessment,Assigned,2024-10-09 00:00:00,Completed,Yes,2024-10-09 22:00:00
WFD530EBD6,EVT45488D83,ProcurementBot,Initiated,2024-01-27 00:00:00,Completed,No,
WFF67EDD8C,EVTC7270258,ApprovalEngine,Initiated,2024-06-18 00:00:00,Completed,No,
WFE3317A8D,EVTB08BA738,CostOptimizer,Escalated,2024-06-15 00:00:00,Completed,No,
WF23AF6B9E,EVT6EA7E0EB,InventoryOptimizer,Initiated,2024-10-16 00:00:00,Completed,No,
WF46F74736,EVTC5CB1B93,RiskAssessment,Initiated,2024-07-27 00:00:00,Completed,No,
WF3F54224B,EVTFFCBA148,VendorAnalyzer,Completed,2024-08-31 00:00:00,Completed,No,
WF1EAD987F,EVTF9A840C4,ApprovalEngine,Assigned,2024-03-19 00:00:00,In Progress,No,
WF864CB797,EVT581A47D0,ProcurementBot,Completed,2024-09-23 00:00:00,Completed,Yes,2024-09-23 18:00:00
WFC4F8C40A,EVTEEDEB950,InventoryOptimizer,Updated,2024-01-06 00:00:00,Completed,Yes,2024-01-06 22:00:00
WF0689C32E,EVTF9A6CFD5,InventoryOptimizer,Assigned,2024-12-28 00:00:00,Completed,No,
WF6B0585AD,EVTA47DFDB7,ApprovalEngine,Reviewed,2024-07-29 00:00:00,Completed,No,
WF41CE0799,EVT8EA244DA,ApprovalEngine,Updated,2024-12-12 00:00:00,Completed,No,
WFB1E8D20B,EVT14461FA6,ProcurementBot,Assigned,2024-02-08 00:00:00,Failed,Yes,2024-02-08 18:00:00
WF2844301C,EVT9C3BEFD8,RiskAssessment,Updated,2024-05-23 00:00:00,Completed,No,
WF8971A1F6,EVTE45E6928,ApprovalEngine,Completed,2024-01-05 00:00:00,Completed,No,
WF5681F4B5,EVTC85E2560,CostOptimizer,Completed,2024-08-30 00:00:00,Completed,Yes,2024-08-30 12:00:00
WF510CF789,EVTA3C83D88,ApprovalEngine,Approved,2024-09-20 00:00:00,Completed,No,
WF6C5ED652,EVTED46AD11,RiskAssessment,Escalated,2024-12-20 00:00:00,Completed,No,
WF79DC7137,EVT3C923D12,ProcurementBot,Approved,2024-01-19 00:00:00,Completed,No,
WF50A9BFDD,EVTB066CC3F,ApprovalEngine,Reviewed,2024-08-26 00:00:00,Completed,Yes,2024-08-26 18:00:00
WF405C923E,EVT4288AED3,CostOptimizer,Approved,2024-05-21 00:00:00,In Progress,Yes,2024-05-21 04:00:00
WF2698F11A,EVT5075D3BE,VendorAnalyzer,Escalated,2024-08-11 00:00:00,Completed,Yes,2024-08-11 03:00:00
WFC7138F44,EVT0CBB45CE,CostOptimizer,Initiated,2024-07-27 00:00:00,Failed,No,
WF1E85C1CD,EVT724982AB,ApprovalEngine,Completed,2024-04-09 00:00:00,Completed,No,
WF65E01CF2,EVT9EE4657A,IncidentResponder,Reviewed,2024-06-28 00:00:00,Completed,No,
WF2B8D6993,EVT57508262,ApprovalEngine,Escalated,2024-07-31 00:00:00,Completed,No,
WF4F2E163D,EVTB3D2CD6B,DeliveryTracker,Rejected,2024-03-27 00:00:00,In Progress,No,
WF42226642,EVT96966393,RiskAssessment,Completed,2024-04-07 00:00:00,In Progress,Yes,2024-04-07 11:00:00
WF80F2102C,EVT080C0A05,CostOptimizer,Updated,2024-04-03 00:00:00,Completed,Yes,2024-04-03 18:00:00
WF2FBF7866,EVT569D8AA3,ApprovalEngine,Escalated,2024-08-07 00:00:00,Completed,No,
WF9851A57B,EVT2034DD6C,RiskAssessment,Initiated,2024-10-13 00:00:00,Failed,No,
WFFEC13173,EVTD767330C,ApprovalEngine,Reviewed,2024-04-27 00:00:00,Completed,No,
WF6E3A5787,EVTE03B80C6,DeliveryTracker,Escalated,2024-11-21 00:00:00,In Progress,No,
WF11C5D7BB,EVT50F8E447,DeliveryTracker,Reviewed,2024-06-23 00:00:00,Completed,No,
WF2B1474E9,EVT076FD383,RiskAssessment,Rejected,2024-11-22 00:00:00,Completed,Yes,2024-11-22 20:00:00
WF1B797795,EVT2E83E82C,InventoryOptimizer,Approved,2024-01-01 00:00:00,Completed,No,
WFB403A0F1,EVTFDA0B800,DeliveryTracker,Approved,2024-12-29 00:00:00,Completed,Yes,2024-12-29 01:00:00
WFE6E42687,EVTAF7862DB,InventoryOptimizer,Completed,2024-05-19 00:00:00,Completed,No,
WFB3199779,EVTD2A0F6A3,ApprovalEngine,Approved,2024-09-14 00:00:00,Completed,No,
WF5825C4A3,EVTC4DD8DB5,DeliveryTracker,Escalated,2024-04-29 00:00:00,Completed,Yes,2024-04-29 07:00:00
WF4FDC37AA,EVT846D181F,InventoryOptimizer,Rejected,2024-11-26 00:00:00,In Progress,No,
WFC4EDD6A6,EVT8E9B89C5,DeliveryTracker,Escalated,2024-05-24 00:00:00,Completed,No,
WF0D4192C9,EVTFF4FB798,RiskAssessment,Reviewed,2024-08-19 00:00:00,Failed,No,
WFCB47AAA4,EVT3CCED065,VendorAnalyzer,Updated,2024-02-07 00:00:00,Completed,Yes,2024-02-07 05:00:00
WFEDE05215,EVT932FB8E1,InventoryOptimizer,Initiated,2024-03-05 00:00:00,Completed,No,
WF1BB3B865,EVTB34FEA40,InventoryOptimizer,Rejected,2024-08-22 00:00:00,Completed,No,
WFCB77F229,EVTD428463A,IncidentResponder,Initiated,2024-06-22 00:00:00,Completed,No,
WF5DE6901A,EVT16BFABAD,InventoryOptimizer,Approved,2024-08-11 00:00:00,Completed,Yes,2024-08-11 16:00:00
WF2C128FE5,EVT0592891A,IncidentResponder,Updated,2024-11-29 00:00:00,Completed,Yes,2024-11-29 09:00:00
WF6B93C24D,EVT017EB527,ApprovalEngine,Reviewed,2024-05-01 00:00:00,Completed,No,
WF0EBEA903,EVTFB986F08,RiskAssessment,Reviewed,2024-11-28 00:00:00,Completed,No,
WF7F726E18,EVT14955998,ProcurementBot,Completed,2024-08-06 00:00:00,Completed,No,
WF8DCA633F,EVT976FFC78,DeliveryTracker,Rejected,2024-02-10 00:00:00,Failed,No,
WFE2889BB9,EVT819F1DA2,InventoryOptimizer,Completed,2024-01-26 00:00:00,Completed,No,
WF74EF51D3,EVT5AA7C044,IncidentResponder,Assigned,2024-01-16 00:00:00,In Progress,Yes,2024-01-16 20:00:00
WF00D54CDB,EVT3B9C2945,ProcurementBot,Reviewed,2024-08-01 00:00:00,Completed,No,
WF57082B18,EVT20D46F6A,IncidentResponder,Assigned,2024-11-29 00:00:00,Completed,No,
WFD06418B4,EVTD7B4E083,DeliveryTracker,Escalated,2024-12-28 00:00:00,In Progress,No,
WFB384BCA7,EVT0512C819,VendorAnalyzer,Assigned,2024-08-22 00:00:00,Failed,No,
WF68C713FB,EVT8965A3B7,ProcurementBot,Initiated,2024-11-15 00:00:00,Completed,No,
WFEE289288,EVT4122E659,CostOptimizer,Updated,2024-07-17 00:00:00,Completed,Yes,2024-07-17 20:00:00
WF023086EE,EVT8D820505,ProcurementBot,Completed,2024-09-18 00:00:00,Completed,Yes,2024-09-18 21:00:00
WF17FA2201,EVTAB93566E,ApprovalEngine,Assigned,2024-06-01 00:00:00,Completed,No,
WFE340114A,EVT4719D1E8,IncidentResponder,Updated,2024-06-09 00:00:00,Completed,Yes,2024-06-09 06:00:00
WF98DA568A,EVTF49F9FD9,DeliveryTracker,Updated,2024-09-08 00:00:00,Failed,Yes,2024-09-08 11:00:00
WF624DE5E8,EVT499C84B8,ApprovalEngine,Updated,2024-07-27 00:00:00,Completed,No,
WF290EAAEB,EVT9A702DF6,CostOptimizer,Escalated,2024-04-05 00:00:00,Completed,Yes,2024-04-05 18:00:00
WF1841E36D,EVT82A3BEE0,ProcurementBot,Approved,2024-05-31 00:00:00,Completed,No,
WF674634AF,EVT109C80C0,InventoryOptimizer,Rejected,2024-01-03 00:00:00,Completed,Yes,2024-01-03 10:00:00
WF3B29C5ED,EVTAAAF3837,InventoryOptimizer,Updated,2024-04-16 00:00:00,Completed,Yes,2024-04-16 15:00:00
WF2C6D5BDF,EVTCD558FB2,RiskAssessment,Updated,2024-06-17 00:00:00,Completed,Yes,2024-06-17 07:00:00
WF5CC767A5,EVT4719D1E8,ApprovalEngine,Initiated,2024-08-09 00:00:00,Failed,No,
WFEF5900F7,EVT20AA2BFE,CostOptimizer,Initiated,2024-01-07 00:00:00,Failed,No,
WF0592BA0B,EVT9A702DF6,DeliveryTracker,Assigned,2024-07-18 00:00:00,Completed,Yes,2024-07-18 22:00:00
WFA725CCBE,EVTB95A8127,RiskAssessment,Escalated,2024-11-20 00:00:00,Failed,Yes,2024-11-20 03:00:00
WF575EFB9C,EVTF7EBD49C,RiskAssessment,Updated,2024-02-17 00:00:00,Completed,Yes,2024-02-17 17:00:00
WFCF99690B,EVT6BFE9CE1,InventoryOptimizer,Updated,2024-03-10 00:00:00,In Progress,Yes,2024-03-10 12:00:00
WF00230899,EVTB0A13DDC,ProcurementBot,Rejected,2024-05-03 00:00:00,Completed,Yes,2024-05-03 09:00:00
WFA57CDCEF,EVTDD647B83,CostOptimizer,Rejected,2024-06-17 00:00:00,Completed,No,
WF81253044,EVTA3BBB712,RiskAssessment,Initiated,2024-08-12 00:00:00,Completed,No,
WF28B4B363,EVTE14E002B,InventoryOptimizer,Reviewed,2024-08-05 00:00:00,In Progress,Yes,2024-08-05 21:00:00
WF3C670B54,EVT2E94B33E,ProcurementBot,Escalated,2024-12-14 00:00:00,Failed,No,
WF858CA1BC,EVT848FCC1F,ApprovalEngine,Assigned,2024-10-08 00:00:00,Failed,No,
WFDDD2C45E,EVTFC6259D1,ProcurementBot,Assigned,2024-03-30 00:00:00,Completed,Yes,2024-03-30 14:00:00
WF5C40080E,EVTABACFA19,IncidentResponder,Updated,2024-04-25 00:00:00,Completed,Yes,2024-04-25 11:00:00
WF7D54380E,EVT984E9F85,VendorAnalyzer,Escalated,2024-12-05 00:00:00,Completed,No,
WFA5B9A281,EVT46D701D0,RiskAssessment,Updated,2024-09-27 00:00:00,Completed,No,
WF49F7F1AE,EVT60B65164,IncidentResponder,Completed,2024-12-31 00:00:00,Completed,No,
WF1B439FF8,EVT7D1B4072,CostOptimizer,Assigned,2024-03-24 00:00:00,Failed,No,
WFB65609DA,EVT13AA27C4,IncidentResponder,Assigned,2024-04-24 00:00:00,Failed,Yes,2024-04-24 11:00:00
WFAB8838FD,EVT76097901,ApprovalEngine,Reviewed,2024-09-02 00:00:00,Completed,No,
WFCE9AC966,EVT18E10A22,RiskAssessment,Rejected,2024-01-26 00:00:00,Completed,Yes,2024-01-26 03:00:00
WF1DCBE17B,EVT41150040,ProcurementBot,Updated,2024-08-24 00:00:00,Completed,No,
WF5BB67D09,EVTC7306D44,IncidentResponder,Initiated,2024-10-14 00:00:00,Completed,No,
WF0E56BF0F,EVTB03807DB,IncidentResponder,Completed,2024-07-09 00:00:00,Completed,No,
WFA491A6BD,EVTE020C3A0,RiskAssessment,Initiated,2024-12-13 00:00:00,Completed,No,
WF9DAEA18E,EVTC25F5726,RiskAssessment,Approved,2024-10-08 00:00:00,Completed,Yes,2024-10-09 00:00:00
WF7597E605,EVTFD99F8F7,CostOptimizer,Completed,2024-05-01 00:00:00,Failed,Yes,2024-05-01 18:00:00
WF1AA71B36,EVTDEDFC0DD,VendorAnalyzer,Updated,2024-10-28 00:00:00,Completed,No,
WF77F4AEF7,EVTE1F93E22,ApprovalEngine,Assigned,2024-02-06 00:00:00,Completed,No,
WF74419BC8,EVT778511C5,RiskAssessment,Initiated,2024-12-14 00:00:00,Failed,No,
WF8F495DD0,EVTBD71D524,InventoryOptimizer,Initiated,2024-12-03 00:00:00,Completed,No,
WF15621DC9,EVTBD530F0D,RiskAssessment,Assigned,2024-04-11 00:00:00,Completed,Yes,2024-04-11 05:00:00
WFD1B1641C,EVTCEF5E4E5,ProcurementBot,Escalated,2024-10-12 00:00:00,Completed,No,
WF3B06AB02,EVTE6DDD23C,ApprovalEngine,Updated,2024-07-26 00:00:00,Completed,No,
WF4A27E2FA,EVTADC57A82,DeliveryTracker,Escalated,2024-10-28 00:00:00,Completed,No,
WF828BF12D,EVTD6514A51,ProcurementBot,Rejected,2024-10-19 00:00:00,Completed,No,
WFA806BFF6,EVTCEF5E4E5,DeliveryTracker,Assigned,2024-10-21 00:00:00,Completed,No,
WF5D9452EE,EVT2296EE52,CostOptimizer,Rejected,2024-05-09 00:00:00,Completed,No,
WF1E2E7A4B,EVT73381D09,DeliveryTracker,Approved,2024-01-19 00:00:00,In Progress,No,
WF69F5B694,EVT0BC63E8A,RiskAssessment,Assigned,2024-02-12 00:00:00,In Progress,Yes,2024-02-12 01:00:00
WFD9A72F88,EVT74A75A38,ApprovalEngine,Assigned,2024-03-21 00:00:00,Completed,No,
WFB7C37453,EVT157F72CD,InventoryOptimizer,Completed,2024-06-03 00:00:00,Completed,Yes,2024-06-03 13:00:00
WF816440BD,EVT8FA8D20A,CostOptimizer,Updated,2024-04-21 00:00:00,Failed,No,
WF43B0ED50,EVT7D800143,RiskAssessment,Rejected,2024-02-09 00:00:00,Completed,No,
WF942873DD,EVTDEF9E159,VendorAnalyzer,Approved,2024-07-30 00:00:00,Completed,Yes,2024-07-30 08:00:00
WF9185356A,EVT2F85AC10,ProcurementBot,Updated,2024-04-20 00:00:00,Completed,No,
WFB2FCDAEC,EVTA2D87BB1,RiskAssessment,Completed,2024-04-02 00:00:00,Completed,Yes,2024-04-02 14:00:00
WFA39FB49D,EVTC940DE96,IncidentResponder,Completed,2024-02-27 00:00:00,Completed,No,
WF43876734,EVT35AB2E7C,CostOptimizer,Approved,2024-12-02 00:00:00,Completed,Yes,2024-12-02 05:00:00
WF7C6C2F92,EVTF4DD8837,CostOptimizer,Approved,2024-05-03 00:00:00,Failed,No,
WF82D8BF53,EVT639ABF1B,ProcurementBot,Completed,2024-12-17 00:00:00,Completed,Yes,2024-12-17 04:00:00
WF50A7B594,EVT592DBA77,ProcurementBot,Initiated,2024-10-16 00:00:00,Completed,No,
WF45A63456,EVT9E1D550D,RiskAssessment,Escalated,2024-02-23 00:00:00,Completed,Yes,2024-02-23 15:00:00
WF8CFA003D,EVT41EA2EF6,VendorAnalyzer,Completed,2024-02-18 00:00:00,Failed,Yes,2024-02-18 11:00:00
WF39CE6570,EVTEBC85180,CostOptimizer,Escalated,2024-07-26 00:00:00,Completed,No,
WF7F2ACE08,EVT62F1709E,DeliveryTracker,Rejected,2024-11-24 00:00:00,Completed,Yes,2024-11-24 11:00:00
WF376AA8C9,EVT5B25D6DD,DeliveryTracker,Initiated,2024-08-11 00:00:00,Completed,Yes,2024-08-11 22:00:00
WF35E3A3B5,EVT66B265F8,IncidentResponder,Approved,2024-08-21 00:00:00,Completed,No,
WFC1BEE61E,EVT38533F1A,VendorAnalyzer,Rejected,2024-08-25 00:00:00,Completed,Yes,2024-08-25 19:00:00
WF4040AAF4,EVT31CB6572,DeliveryTracker,Updated,2024-06-25 00:00:00,Completed,Yes,2024-06-25 07:00:00
WF8D4B6C56,EVT2B769879,IncidentResponder,Approved,2024-10-16 00:00:00,Completed,Yes,2024-10-16 14:00:00
WFAF97960F,EVTAE713162,ProcurementBot,Initiated,2024-11-01 00:00:00,Completed,Yes,2024-11-01 22:00:00
WF437D3E2F,EVTCB23A4DF,RiskAssessment,Escalated,2024-11-09 00:00:00,Failed,No,
WF29C00F55,EVTEAC2EDFF,VendorAnalyzer,Initiated,2024-11-11 00:00:00,Completed,No,
WF3494A7C5,EVTD761706A,InventoryOptimizer,Reviewed,2024-07-24 00:00:00,Completed,Yes,2024-07-24 21:00:00
WF5298EA27,EVT76E0F33B,CostOptimizer,Initiated,2024-12-19 00:00:00,Completed,Yes,2024-12-19 05:00:00
WF22DD9885,EVT850B2360,VendorAnalyzer,Escalated,2024-07-29 00:00:00,Failed,No,
WF59AE2850,EVT92A6D280,RiskAssessment,Approved,2024-03-01 00:00:00,Completed,No,
WF62F7746A,EVTC2393173,ProcurementBot,Completed,2024-12-18 00:00:00,Completed,Yes,2024-12-18 17:00:00
WF508CA646,EVTA0AFB489,DeliveryTracker,Updated,2024-05-13 00:00:00,Completed,No,
WFD8AB0319,EVTBF25488F,InventoryOptimizer,Completed,2024-10-16 00:00:00,Completed,No,
WF101E5C55,EVT41EA2EF6,IncidentResponder,Initiated,2024-03-28 00:00:00,Failed,No,
WFE1624F16,EVT9954A626,RiskAssessment,Initiated,2024-04-27 00:00:00,Completed,No,
WFD4CC8FE3,EVT3DE9F95F,VendorAnalyzer,Updated,2024-04-13 00:00:00,Failed,Yes,2024-04-13 07:00:00
WF40BEDD5F,EVT033B5956,DeliveryTracker,Escalated,2024-10-20 00:00:00,Completed,Yes,2024-10-20 11:00:00
WF1EBBD05B,EVT7DA17571,VendorAnalyzer,Reviewed,2024-03-19 00:00:00,In Progress,Yes,2024-03-19 14:00:00
WF831108B1,EVT098B096B,IncidentResponder,Approved,2024-02-15 00:00:00,Completed,No,
WF61211710,EVT5075D3BE,IncidentResponder,Rejected,2024-10-14 00:00:00,Failed,No,
WF25FEF921,EVT29D49E59,DeliveryTracker,Assigned,2024-05-10 00:00:00,Completed,No,
WFD20F93F9,EVT2F80895F,ProcurementBot,Completed,2024-07-17 00:00:00,Completed,No,
WF81792FC9,EVTFC23736C,DeliveryTracker,Rejected,2024-06-10 00:00:00,Completed,No,
WF793BAFF2,EVT46D701D0,ProcurementBot,Initiated,2024-06-10 00:00:00,Completed,Yes,2024-06-10 07:00:00
WF5904EA6E,EVT7B66AFF6,CostOptimizer,Updated,2024-06-29 00:00:00,Completed,No,
WFA8E69E68,EVT83B9DE6A,ApprovalEngine,Reviewed,2024-12-02 00:00:00,In Progress,Yes,2024-12-02 12:00:00
WFF9362FF8,EVT4B7FB984,RiskAssessment,Reviewed,2024-02-08 00:00:00,Completed,No,
WFA54B24F1,EVTD9EB64C5,DeliveryTracker,Initiated,2024-02-01 00:00:00,Completed,Yes,2024-02-02 00:00:00
WF32176FEF,EVTE17685E0,VendorAnalyzer,Rejected,2024-01-22 00:00:00,In Progress,No,
WF668CE480,EVTCD6F42F8,InventoryOptimizer,Escalated,2024-08-17 00:00:00,Completed,No,
WFDBA5F00A,EVT304B84A9,InventoryOptimizer,Completed,2024-12-15 00:00:00,Completed,No,
WF1CD3FB25,EVTDFA51BF5,ProcurementBot,Initiated,2024-08-21 00:00:00,Completed,No,
WF2367CE99,EVT93D9EFAC,CostOptimizer,Escalated,2024-08-22 00:00:00,Completed,No,
WFB63E426B,EVT2213A836,DeliveryTracker,Initiated,2024-07-09 00:00:00,Failed,Yes,2024-07-09 20:00:00
WF25AB8895,EVTE3CB475A,ProcurementBot,Assigned,2024-07-22 00:00:00,In Progress,No,
WF48B2969A,EVT86997DB5,RiskAssessment,Initiated,2024-03-28 00:00:00,Completed,No,
WF0B7755CD,EVT0F2F2921,CostOptimizer,Rejected,2024-10-23 00:00:00,Completed,No,
WF6C2A9B21,EVT2D198D4A,ApprovalEngine,Completed,2024-06-27 00:00:00,Failed,No,
WFFDFEE9E0,EVT160A9F38,DeliveryTracker,Approved,2024-11-20 00:00:00,Completed,Yes,2024-11-20 06:00:00
WFF64C9579,EVT51399D6E,ProcurementBot,Completed,2024-03-13 00:00:00,Completed,No,
WFDB0D82B9,EVT4952B9F8,CostOptimizer,Rejected,2024-12-18 00:00:00,Completed,No,
WF7B228FDA,EVTAFE3B5A3,CostOptimizer,Reviewed,2024-06-17 00:00:00,Completed,Yes,2024-06-17 02:00:00
WFF436D580,EVT75283E82,ApprovalEngine,Initiated,2024-07-25 00:00:00,In Progress,Yes,2024-07-25 05:00:00
WF62DFA3A3,EVTF133F916,RiskAssessment,Reviewed,2024-11-13 00:00:00,In Progress,Yes,2024-11-13 11:00:00
WFFFFE5E9F,EVT75034521,IncidentResponder,Initiated,2024-11-25 00:00:00,Completed,No,
WFE92CDF4D,EVTBFAA6668,IncidentResponder,Reviewed,2024-08-26 00:00:00,Completed,No,
WFB40BA16D,EVT4997A069,IncidentResponder,Completed,2024-11-01 00:00:00,Completed,Yes,2024-11-01 17:00:00
WFCF611919,EVTFAB82867,VendorAnalyzer,Completed,2024-11-02 00:00:00,Completed,Yes,2024-11-02 11:00:00
WFC1D53466,EVT4D4C2AD8,ProcurementBot,Rejected,2024-11-22 00:00:00,Completed,No,
WF61FC76B8,EVTD1CD3AC8,ApprovalEngine,Rejected,2024-11-17 00:00:00,Completed,Yes,2024-11-17 07:00:00
WF84042EE8,EVT4122E659,ApprovalEngine,Completed,2024-02-23 00:00:00,In Progress,No,
WFCC6E6C25,EVT4BCA3C3D,RiskAssessment,Updated,2024-03-31 00:00:00,Failed,No,
WF30FBA708,EVTCB23A4DF,DeliveryTracker,Rejected,2024-04-04 00:00:00,Completed,Yes,2024-04-04 09:00:00
WFC753E123,EVT861A243A,DeliveryTracker,Reviewed,2024-09-02 00:00:00,In Progress,Yes,2024-09-02 01:00:00
WF0DD2C54B,EVT7D54771A,CostOptimizer,Reviewed,2024-03-27 00:00:00,Failed,Yes,2024-03-27 08:00:00
WF8FB7C56C,EVT11DD94E5,InventoryOptimizer,Initiated,2024-12-12 00:00:00,Completed,No,
WFAE2C46B1,EVT4060A424,RiskAssessment,Rejected,2024-01-25 00:00:00,Completed,No,
WF0C0B0B40,EVT0D4B9049,ProcurementBot,Reviewed,2024-01-09 00:00:00,Completed,Yes,2024-01-09 11:00:00
WFD27CE713,EVT4BAF2CFC,InventoryOptimizer,Escalated,2024-05-13 00:00:00,In Progress,No,
WF220E43DD,EVT8438D932,RiskAssessment,Initiated,2024-02-05 00:00:00,Completed,No,
WFFD218234,EVT75381EE6,VendorAnalyzer,Completed,2024-01-18 00:00:00,Completed,No,
WF58609404,EVTBDA9626F,VendorAnalyzer,Completed,2024-12-30 00:00:00,Completed,Yes,2024-12-30 13:00:00
WFB74089ED,EVTECCDB55A,ApprovalEngine,Approved,2024-12-23 00:00:00,In Progress,Yes,2024-12-23 16:00:00
WF60C5FDBD,EVT1F94D5C7,CostOptimizer,Completed,2024-12-18 00:00:00,Failed,No,
WFF20A2E76,EVT4AAC2265,IncidentResponder,Initiated,2024-10-25 00:00:00,Completed,No,
WFC7161389,EVTA64A0C77,VendorAnalyzer,Approved,2024-04-15 00:00:00,Completed,No,
WFB883C2AB,EVTE1FAC9A3,VendorAnalyzer,Rejected,2024-10-11 00:00:00,Completed,No,
WF78035FE0,EVTE3BEE5DC,InventoryOptimizer,Rejected,2024-10-19 00:00:00,Completed,Yes,2024-10-19 17:00:00
WF9B097E21,EVTC7306D44,ApprovalEngine,Completed,2024-08-11 00:00:00,Completed,No,
WFA7653156,EVTA20F7CBF,IncidentResponder,Updated,2024-10-21 00:00:00,In Progress,No,
WF0D5234DC,EVT029472B4,InventoryOptimizer,Approved,2024-06-11 00:00:00,Completed,No,
WFDE28EF17,EVT08AC1EF2,InventoryOptimizer,Initiated,2024-09-26 00:00:00,Failed,Yes,2024-09-26 10:00:00
WF5D78A1DD,EVTEB49A796,ApprovalEngine,Escalated,2024-02-23 00:00:00,In Progress,No,
WF9FCCC9A5,EVT9B7FF2CA,ApprovalEngine,Initiated,2024-08-31 00:00:00,In Progress,No,
WF5500D346,EVT4BFA2A48,InventoryOptimizer,Reviewed,2024-08-03 00:00:00,Completed,Yes,2024-08-03 13:00:00
WF4CC0F43E,EVTB4E4D08C,InventoryOptimizer,Reviewed,2024-05-23 00:00:00,Completed,No,
WF8799D68F,EVT2825902B,DeliveryTracker,Assigned,2024-02-04 00:00:00,Completed,Yes,2024-02-04 03:00:00
WF21CF508B,EVT39E6F316,IncidentResponder,Rejected,2024-01-16 00:00:00,Completed,No,
WF0472DEA4,EVTB3D2CD6B,VendorAnalyzer,Assigned,2024-10-16 00:00:00,Completed,No,
WF0FFEB322,EVT7DB282BA,VendorAnalyzer,Rejected,2024-01-31 00:00:00,Completed,No,
WFEAFC928E,EVTBB2AB39A,DeliveryTracker,Initiated,2024-05-18 00:00:00,Failed,Yes,2024-05-18 15:00:00
WF651F9A21,EVT57947E4E,IncidentResponder,Completed,2024-05-05 00:00:00,Completed,No,
WF886B2790,EVTB0A38CCA,InventoryOptimizer,Assigned,2024-02-24 00:00:00,Completed,No,
WF6E618D7F,EVT61978337,CostOptimizer,Escalated,2024-02-25 00:00:00,Failed,No,
WF551B8112,EVTEF647833,ProcurementBot,Approved,2024-11-03 00:00:00,Completed,No,
WFB337194C,EVT4342D22E,DeliveryTracker,Approved,2024-05-25 00:00:00,Completed,No,
WF207F9080,EVTB95A8127,InventoryOptimizer,Reviewed,2024-02-14 00:00:00,In Progress,Yes,2024-02-14 05:00:00
WF5013D3B3,EVTA6074695,InventoryOptimizer,Completed,2024-02-18 00:00:00,Completed,Yes,2024-02-18 22:00:00
WFC4EC8EFB,EVT74CB7D96,ProcurementBot,Rejected,2024-10-12 00:00:00,Completed,Yes,2024-10-12 22:00:00
WFAC3452E8,EVT819F1DA2,IncidentResponder,Updated,2024-04-11 00:00:00,Completed,No,
WFB64601F4,EVT93124DAC,RiskAssessment,Reviewed,2024-07-27 00:00:00,Completed,Yes,2024-07-27 10:00:00
WF493F8214,EVT2F9942D3,VendorAnalyzer,Reviewed,2024-03-23 00:00:00,Completed,No,
WF6C185501,EVTEA1C92EB,IncidentResponder,Reviewed,2024-05-23 00:00:00,In Progress,No,
WF59F70967,EVTA8958DDB,DeliveryTracker,Completed,2024-05-26 00:00:00,Completed,No,
WF32CEF6C4,EVT173B157C,DeliveryTracker,Initiated,2024-01-01 00:00:00,Completed,No,
WF7F86365B,EVT79947237,VendorAnalyzer,Approved,2024-08-27 00:00:00,Completed,Yes,2024-08-27 07:00:00
WFFC1ABDCD,EVT4C09A1CA,ProcurementBot,Approved,2024-11-22 00:00:00,Completed,No,
WFC49F9D3B,EVT87FF7073,IncidentResponder,Reviewed,2024-11-22 00:00:00,Completed,Yes,2024-11-22 05:00:00
WFB7FBD938,EVTE4895FDF,VendorAnalyzer,Reviewed,2024-04-26 00:00:00,Failed,No,
WF51F608F6,EVT89EE7E89,CostOptimizer,Approved,2024-02-18 00:00:00,Completed,Yes,2024-02-18 20:00:00
WF4A10F712,EVT1978BDC2,ProcurementBot,Initiated,2024-01-12 00:00:00,In Progress,Yes,2024-01-12 10:00:00
WF19BBB368,EVT515B64C8,ProcurementBot,Completed,2024-12-20 00:00:00,Completed,Yes,2024-12-20 02:00:00
WFC4AE8C79,EVT7E3D6E1F,CostOptimizer,Updated,2024-03-01 00:00:00,Completed,Yes,2024-03-01 01:00:00
WF034DC2DE,EVT6455B145,ApprovalEngine,Rejected,2024-04-17 00:00:00,Completed,Yes,2024-04-17 18:00:00
WF606FC18D,EVT46742BBB,ProcurementBot,Assigned,2024-08-28 00:00:00,In Progress,Yes,2024-08-28 16:00:00
WF8C335901,EVTAA8F8E56,ApprovalEngine,Escalated,2024-07-14 00:00:00,Completed,Yes,2024-07-14 07:00:00
WF684A8291,EVTA9059BBF,RiskAssessment,Rejected,2024-09-15 00:00:00,Completed,No,
WF8AB53485,EVT825F5613,InventoryOptimizer,Escalated,2024-04-08 00:00:00,Completed,No,
WF1C7E08B2,EVT5C66C245,DeliveryTracker,Escalated,2024-09-21 00:00:00,Failed,No,
WF3265EF42,EVT27AF21B7,DeliveryTracker,Escalated,2024-10-13 00:00:00,Completed,No,
WF0A2138C9,EVTCE2D62E2,VendorAnalyzer,Completed,2024-08-17 00:00:00,Completed,No,
WFDC16B0F9,EVT7E6B3733,DeliveryTracker,Assigned,2024-03-01 00:00:00,In Progress,Yes,2024-03-01 20:00:00
WF129A71D9,EVT552DDD33,IncidentResponder,Updated,2024-09-23 00:00:00,Completed,Yes,2024-09-23 22:00:00
WF6CD324E9,EVT5AA1211A,RiskAssessment,Escalated,2024-12-22 00:00:00,Completed,Yes,2024-12-22 20:00:00
WFC9FFE4E6,EVTB5A311F4,InventoryOptimizer,Approved,2024-02-21 00:00:00,Completed,Yes,2024-02-21 07:00:00
WF054DD52D,EVTCEF5E4E5,DeliveryTracker,Updated,2024-04-04 00:00:00,Completed,No,
WFC83A16DA,EVTB76CE7C4,VendorAnalyzer,Rejected,2024-01-09 00:00:00,Completed,Yes,2024-01-09 03:00:00
WFA403097C,EVT22F38E94,ProcurementBot,Updated,2024-10-06 00:00:00,Completed,Yes,2024-10-06 22:00:00
WF71FBDC20,EVT74CAC4D4,DeliveryTracker,Assigned,2024-01-05 00:00:00,Failed,Yes,2024-01-05 15:00:00
WFC8DCED0F,EVT9F56EBBE,VendorAnalyzer,Rejected,2024-03-17 00:00:00,Completed,No,
WF2D1E2128,EVT950F8E4C,VendorAnalyzer,Assigned,2024-07-02 00:00:00,Completed,Yes,2024-07-02 06:00:00
WF54432B7D,EVT109C80C0,RiskAssessment,Rejected,2024-10-03 00:00:00,Completed,Yes,2024-10-03 05:00:00
WF2E9C8E53,EVTDD93395B,DeliveryTracker,Assigned,2024-07-26 00:00:00,In Progress,No,
WF38C68829,EVTDF31B8CA,IncidentResponder,Rejected,2024-12-25 00:00:00,Completed,No,
WF6F42AC0F,EVT13F42300,ProcurementBot,Reviewed,2024-12-19 00:00:00,Completed,No,
WF094BD348,EVTD0464354,CostOptimizer,Escalated,2024-02-14 00:00:00,In Progress,No,
WF25E08D5B,EVT8F88C3A2,CostOptimizer,Completed,2024-03-13 00:00:00,Completed,No,
WFBDDA1FAC,EVT9C3BEFD8,IncidentResponder,Initiated,2024-10-05 00:00:00,In Progress,Yes,2024-10-05 16:00:00
WF0F0AFBA5,EVT60E895F3,VendorAnalyzer,Initiated,2024-11-04 00:00:00,Completed,Yes,2024-11-04 14:00:00
WF8206E1FB,EVT6B0DD9E1,CostOptimizer,Updated,2024-11-29 00:00:00,Failed,No,
WF1B4A8FD2,EVT721CAFA7,ApprovalEngine,Approved,2024-05-20 00:00:00,Completed,Yes,2024-05-20 05:00:00
WF730DC51B,EVT5F423AB3,RiskAssessment,Assigned,2024-10-25 00:00:00,Completed,No,
WFE81777DB,EVTD00EB3FA,RiskAssessment,Rejected,2024-10-04 00:00:00,Completed,No,
WFC61A53C8,EVTAC73D2FE,CostOptimizer,Completed,2024-04-17 00:00:00,Completed,No,
WFF55F0016,EVTBF84182A,ProcurementBot,Escalated,2024-08-05 00:00:00,Completed,Yes,2024-08-05 09:00:00
WFEF6CEEB3,EVT629F8252,RiskAssessment,Initiated,2024-04-11 00:00:00,Completed,Yes,2024-04-11 21:00:00
WFD322E5BF,EVT5D194851,DeliveryTracker,Escalated,2024-11-17 00:00:00,Completed,No,
WF360D9B2E,EVTC849F99D,ApprovalEngine,Rejected,2024-03-30 00:00:00,Completed,No,
WF6A0DC215,EVTEFBBFBC1,RiskAssessment,Reviewed,2024-07-14 00:00:00,Completed,Yes,2024-07-14 18:00:00
WF34036485,EVTD373087E,RiskAssessment,Reviewed,2024-01-24 00:00:00,Completed,No,
WF7412B319,EVTF8C78CDA,CostOptimizer,Rejected,2024-08-10 00:00:00,In Progress,Yes,2024-08-10 23:00:00
WF58A8D628,EVT658A06A4,RiskAssessment,Initiated,2024-10-15 00:00:00,Completed,Yes,2024-10-15 22:00:00
WF7925CB97,EVT95A9E3DD,InventoryOptimizer,Assigned,2024-07-09 00:00:00,Completed,Yes,2024-07-09 20:00:00
WF7DF5C834,EVT2F9942D3,ProcurementBot,Completed,2024-05-18 00:00:00,Completed,No,
WF26C30326,EVTCB943B63,InventoryOptimizer,Reviewed,2024-04-12 00:00:00,Completed,Yes,2024-04-12 06:00:00
WF3CFFBB4B,EVTA9FE6328,CostOptimizer,Initiated,2024-06-21 00:00:00,Completed,No,
WFF85D8157,EVT8EEA3DDD,InventoryOptimizer,Updated,2024-05-27 00:00:00,Completed,Yes,2024-05-27 12:00:00
WF6A1DB4B5,EVT5C2EBCC7,InventoryOptimizer,Reviewed,2024-05-30 00:00:00,Failed,Yes,2024-05-30 15:00:00
WF7691D782,EVT415DDDF7,ProcurementBot,Initiated,2024-04-09 00:00:00,Completed,No,
WF4ADC0C11,EVT2FDAC450,IncidentResponder,Reviewed,2024-11-04 00:00:00,Completed,Yes,2024-11-04 14:00:00
WF7CB5F7DA,EVTC51C5D77,InventoryOptimizer,Rejected,2024-04-01 00:00:00,Completed,No,
WF0CE981B4,EVTDE043A53,CostOptimizer,Completed,2024-01-21 00:00:00,Completed,Yes,2024-01-21 16:00:00
WF23082CCA,EVT3DD9480E,InventoryOptimizer,Escalated,2024-02-19 00:00:00,Failed,Yes,2024-02-19 01:00:00
WFF7CF8D14,EVTF12BA4CB,RiskAssessment,Completed,2024-01-27 00:00:00,In Progress,No,
WF21FC055A,EVT0E61D095,ApprovalEngine,Rejected,2024-05-15 00:00:00,Completed,Yes,2024-05-15 13:00:00
WF9C4939DF,EVTDD9E150C,InventoryOptimizer,Initiated,2024-09-17 00:00:00,Completed,Yes,2024-09-17 15:00:00
WF6F2A4318,EVT9339612E,DeliveryTracker,Rejected,2024-08-03 00:00:00,Completed,Yes,2024-08-03 19:00:00
WFBB238068,EVT065D79D7,ApprovalEngine,Escalated,2024-12-30 00:00:00,Completed,No,
WFA94ED82F,EVT6CD8A0C0,VendorAnalyzer,Initiated,2024-06-17 00:00:00,In Progress,Yes,2024-06-17 19:00:00
WF73561D7E,EVT72A93C16,InventoryOptimizer,Initiated,2024-05-18 00:00:00,Completed,Yes,2024-05-18 15:00:00
WF3D6BC3BE,EVTCCA91E1A,ProcurementBot,Reviewed,2024-11-12 00:00:00,Completed,No,
WFEF0CC168,EVT185CE002,DeliveryTracker,Initiated,2024-12-04 00:00:00,Completed,Yes,2024-12-04 23:00:00
WFF106B1E3,EVT10B462D2,VendorAnalyzer,Initiated,2024-08-09 00:00:00,Completed,No,
WFEE84FD7C,EVT524F3CD4,ProcurementBot,Approved,2024-01-11 00:00:00,Completed,No,
WFA88AB962,EVTE01A26DC,RiskAssessment,Escalated,2024-03-19 00:00:00,Completed,No,
WF12848B16,EVTA1539BCD,CostOptimizer,Escalated,2024-02-05 00:00:00,Completed,Yes,2024-02-05 03:00:00
WF2A2BCD55,EVT76AA54D9,CostOptimizer,Rejected,2024-02-28 00:00:00,Completed,No,
WF8A2BBAC1,EVT745641E9,DeliveryTracker,Completed,2024-05-23 00:00:00,Completed,No,
WFE99B0461,EVT4474D17C,RiskAssessment,Reviewed,2024-09-04 00:00:00,Completed,Yes,2024-09-04 04:00:00
WF34B286E1,EVT269A887A,ApprovalEngine,Reviewed,2024-10-27 00:00:00,In Progress,No,
WF5A8D21A0,EVTE7274DB4,IncidentResponder,Escalated,2024-06-06 00:00:00,Completed,No,
WFC41D2D09,EVT58F9B52B,ApprovalEngine,Rejected,2024-07-18 00:00:00,Completed,No,
WF24FFD2D7,EVT7B66AFF6,VendorAnalyzer,Assigned,2024-08-03 00:00:00,Failed,No,
WFF646D16D,EVTE98CEA51,ApprovalEngine,Initiated,2024-01-16 00:00:00,Completed,Yes,2024-01-16 17:00:00
WF6F3A6DEA,EVTB25F15BD,VendorAnalyzer,Completed,2024-05-31 00:00:00,Completed,Yes,2024-05-31 19:00:00
WF09E8E706,EVTD6FB701B,CostOptimizer,Reviewed,2024-05-18 00:00:00,In Progress,No,
WF152D68C3,EVTAB04FE85,IncidentResponder,Reviewed,2024-07-01 00:00:00,Completed,No,
WFB5F04052,EVTBAD3BB84,ProcurementBot,Initiated,2024-04-09 00:00:00,Completed,No,
WF9BD2941D,EVT95074904,VendorAnalyzer,Escalated,2024-11-26 00:00:00,In Progress,No,
WF3B7671F2,EVTB8D104C9,CostOptimizer,Completed,2024-09-19 00:00:00,In Progress,No,
WF4C9D8956,EVTDA53F194,DeliveryTracker,Approved,2024-04-05 00:00:00,Completed,Yes,2024-04-05 07:00:00
WF14EC5935,EVT5180C3F8,DeliveryTracker,Initiated,2024-03-28 00:00:00,Completed,Yes,2024-03-28 07:00:00
WFE1DACEFF,EVT0CB5597B,ApprovalEngine,Reviewed,2024-05-08 00:00:00,Completed,No,
WF811481F1,EVT83B9DE6A,CostOptimizer,Reviewed,2024-05-09 00:00:00,Failed,No,
WF8EB62E31,EVT17FFCB47,CostOptimizer,Updated,2024-03-09 00:00:00,Completed,No,
WF3CAE12E8,EVT782E4975,IncidentResponder,Approved,2024-08-22 00:00:00,Completed,No,
WF700FB94E,EVT13FE8436,InventoryOptimizer,Rejected,2024-07-21 00:00:00,Completed,Yes,2024-07-21 15:00:00
WF0ECAFBEE,EVTF89471F7,RiskAssessment,Completed,2024-10-02 00:00:00,Completed,No,
WFC8879EA6,EVT40CEA921,DeliveryTracker,Assigned,2024-02-20 00:00:00,Completed,No,
WFAD123470,EVTF8EE85F5,VendorAnalyzer,Reviewed,2024-04-13 00:00:00,Failed,No,
WF78F81088,EVT8EBF49BC,IncidentResponder,Reviewed,2024-04-02 00:00:00,In Progress,No,
WF20946D42,EVTC9F020A5,DeliveryTracker,Approved,2024-09-30 00:00:00,Completed,No,
WF67180069,EVTD767330C,CostOptimizer,Reviewed,2024-03-02 00:00:00,Completed,Yes,2024-03-03 00:00:00
WFECDC4061,EVTE9518EFE,ApprovalEngine,Initiated,2024-03-07 00:00:00,In Progress,Yes,2024-03-07 09:00:00
WF086012D9,EVT947871C8,IncidentResponder,Completed,2024-02-02 00:00:00,Failed,No,
WF011346C4,EVTE8A25F57,IncidentResponder,Initiated,2024-01-02 00:00:00,Completed,Yes,2024-01-02 19:00:00
WF0778FFEE,EVT6B720C52,InventoryOptimizer,Updated,2024-02-17 00:00:00,Completed,Yes,2024-02-17 04:00:00
WFA6F782F8,EVTEB590F1F,VendorAnalyzer,Approved,2024-11-30 00:00:00,Completed,Yes,2024-11-30 18:00:00
WF646ED7F5,EVT3B16F163,ProcurementBot,Reviewed,2024-11-19 00:00:00,Completed,Yes,2024-11-19 19:00:00
WF6A2FB9E0,EVT1B84A27E,VendorAnalyzer,Updated,2024-04-17 00:00:00,Completed,Yes,2024-04-17 13:00:00
WF8FA30298,EVT108C20DE,ApprovalEngine,Approved,2024-03-13 00:00:00,Completed,No,
WF6440D5BC,EVT0057A140,ApprovalEngine,Initiated,2024-07-18 00:00:00,Completed,No,
WFF5DC839B,EVT429E7906,ApprovalEngine,Approved,2024-07-29 00:00:00,Completed,No,
WF53642141,EVT51BF6B40,RiskAssessment,Approved,2024-02-01 00:00:00,Completed,No,
WF7CE410A7,EVT8965A3B7,CostOptimizer,Assigned,2024-10-22 00:00:00,In Progress,Yes,2024-10-22 04:00:00
WF3D63E305,EVT658A06A4,VendorAnalyzer,Updated,2024-03-02 00:00:00,Completed,Yes,2024-03-03 00:00:00
WF4D0B7E21,EVTE842381C,VendorAnalyzer,Updated,2024-07-13 00:00:00,In Progress,No,
WF68B1202E,EVT38DB9FA1,IncidentResponder,Escalated,2024-10-19 00:00:00,Completed,No,
WF22D4510A,EVT50F44C6A,IncidentResponder,Approved,2024-03-12 00:00:00,In Progress,Yes,2024-03-12 06:00:00
WFF2EBC853,EVTBF25488F,IncidentResponder,Updated,2024-06-14 00:00:00,Completed,Yes,2024-06-14 23:00:00
WFD59951C1,EVT52A7F1A3,CostOptimizer,Assigned,2024-01-01 00:00:00,Completed,No,
WFF60BF78E,EVT9B58D147,ProcurementBot,Reviewed,2024-12-13 00:00:00,Completed,No,
WF9EF31F23,EVTEFCA4543,InventoryOptimizer,Rejected,2024-10-23 00:00:00,Completed,Yes,2024-10-23 05:00:00
WF02029B18,EVT0C732615,IncidentResponder,Completed,2024-11-09 00:00:00,In Progress,Yes,2024-11-09 13:00:00
WFCED6CBE7,EVTAC2B2608,DeliveryTracker,Approved,2024-03-26 00:00:00,Completed,No,
WF696D06B5,EVT39457F91,InventoryOptimizer,Assigned,2024-07-29 00:00:00,Completed,Yes,2024-07-29 07:00:00
WF8433ADCE,EVTB8816DBE,ApprovalEngine,Escalated,2024-02-19 00:00:00,Completed,No,
WFF5C05D2E,EVTD822F520,ProcurementBot,Escalated,2024-09-07 00:00:00,Completed,No,
WF0C13E6C5,EVT35C6B36D,RiskAssessment,Updated,2024-07-02 00:00:00,Completed,Yes,2024-07-02 21:00:00
WFC3DCDDFA,EVT58D9C2F0,InventoryOptimizer,Approved,2024-11-15 00:00:00,Completed,No,
WF0B6D97DB,EVT94E7B64A,RiskAssessment,Initiated,2024-07-11 00:00:00,Completed,Yes,2024-07-11 04:00:00
WFA07B2113,EVT31B9955E,InventoryOptimizer,Updated,2024-05-31 00:00:00,In Progress,Yes,2024-05-31 09:00:00
WF0910773F,EVT7B4702C4,RiskAssessment,Updated,2024-07-10 00:00:00,Completed,No,
WFFBF2A6E0,EVT13AA27C4,RiskAssessment,Escalated,2024-01-16 00:00:00,Failed,Yes,2024-01-17 00:00:00
WFEDD27D7F,EVTDD02B5F8,RiskAssessment,Assigned,2024-12-08 00:00:00,In Progress,Yes,2024-12-08 13:00:00
WF323AEABB,EVTA2FC3C64,VendorAnalyzer,Updated,2024-06-18 00:00:00,Completed,No,
WF9B240F01,EVTCB63AAAA,CostOptimizer,Updated,2024-10-05 00:00:00,Completed,No,
WF8257E93D,EVT751073A6,ProcurementBot,Escalated,2024-11-13 00:00:00,Completed,No,
WFF0F2FF5B,EVT39464C9C,InventoryOptimizer,Approved,2024-10-03 00:00:00,Completed,No,
WFDA94AAFE,EVTFA9F441A,RiskAssessment,Updated,2024-09-21 00:00:00,Completed,No,
WF128F3626,EVTEC2EB271,InventoryOptimizer,Rejected,2024-02-12 00:00:00,Completed,No,
WF4FDD4374,EVT29D49E59,IncidentResponder,Initiated,2024-03-30 00:00:00,Completed,No,
WF9C594BC1,EVT78110FDB,DeliveryTracker,Completed,2024-06-11 00:00:00,Completed,No,
WF7EA18EC8,EVT6FB7B3C6,ProcurementBot,Completed,2024-06-19 00:00:00,Completed,No,
WF7E8402E8,EVT2DC46DAE,ProcurementBot,Assigned,2024-07-02 00:00:00,Failed,No,
WF1DDE0AD2,EVT6CD8A0C0,InventoryOptimizer,Rejected,2024-08-01 00:00:00,Completed,No,
WF9D962AB2,EVT9DB81AD8,RiskAssessment,Updated,2024-07-06 00:00:00,Failed,Yes,2024-07-07 00:00:00
WF3EE30ABA,EVTB574CB97,DeliveryTracker,Reviewed,2024-12-19 00:00:00,Completed,No,
WF42C540AB,EVT6907A365,VendorAnalyzer,Completed,2024-03-14 00:00:00,Completed,No,
WFE90DBB96,EVT56861793,InventoryOptimizer,Initiated,2024-11-25 00:00:00,Completed,Yes,2024-11-25 13:00:00
WF9873C645,EVT448558F7,VendorAnalyzer,Approved,2024-04-01 00:00:00,Failed,No,
WF0F5D98F9,EVT49DDE493,InventoryOptimizer,Initiated,2024-09-18 00:00:00,Completed,Yes,2024-09-18 03:00:00
WF97BB5E59,EVTE3CB475A,RiskAssessment,Reviewed,2024-07-07 00:00:00,Completed,Yes,2024-07-07 14:00:00
WFFC5C303A,EVT86E964AE,RiskAssessment,Approved,2024-10-03 00:00:00,Completed,No,
WF8F679D09,EVTBC326F49,CostOptimizer,Rejected,2024-05-09 00:00:00,Completed,Yes,2024-05-09 18:00:00
WFBBB91E73,EVTB9088749,IncidentResponder,Approved,2024-01-04 00:00:00,Completed,Yes,2024-01-04 15:00:00
WF7EFD97D6,EVTE6F5AF47,ApprovalEngine,Rejected,2024-12-03 00:00:00,Completed,No,
WF4150B32C,EVT0BB64C52,RiskAssessment,Reviewed,2024-06-01 00:00:00,Completed,No,
WFFE96B302,EVT0C3ACF2D,InventoryOptimizer,Initiated,2024-08-15 00:00:00,In Progress,Yes,2024-08-15 09:00:00
WF048E11B6,EVTF87EF25F,DeliveryTracker,Reviewed,2024-06-28 00:00:00,Completed,No,
WFC9A18E88,EVT45566CFB,DeliveryTracker,Reviewed,2024-12-31 00:00:00,In Progress,Yes,2024-12-31 13:00:00
WF1ECD8987,EVTEF333FF1,InventoryOptimizer,Approved,2024-12-30 00:00:00,Completed,No,
WF58965B4C,EVT236AB328,VendorAnalyzer,Completed,2024-03-17 00:00:00,Failed,Yes,2024-03-17 07:00:00
WFB53752E2,EVT45488D83,IncidentResponder,Reviewed,2024-09-15 00:00:00,Completed,No,
WFED4DEAEE,EVT60698363,CostOptimizer,Reviewed,2024-07-21 00:00:00,Completed,No,
WF7765F6D6,EVT2B96A691,VendorAnalyzer,Completed,2024-03-11 00:00:00,Completed,No,
WFCFE5475E,EVT31732837,RiskAssessment,Assigned,2024-07-10 00:00:00,In Progress,Yes,2024-07-10 18:00:00
WFCD417D21,EVT8122F4B2,IncidentResponder,Escalated,2024-09-21 00:00:00,Completed,No,
WF419E7317,EVT39E6F316,RiskAssessment,Approved,2024-11-29 00:00:00,Completed,Yes,2024-11-29 21:00:00
WFBAB73C55,EVTEFF5E153,CostOptimizer,Escalated,2024-02-01 00:00:00,In Progress,No,
WF4562C4C6,EVT9742D2FB,DeliveryTracker,Rejected,2024-12-10 00:00:00,Completed,Yes,2024-12-10 18:00:00
WFE4EB4502,EVTDE627913,IncidentResponder,Reviewed,2024-02-17 00:00:00,Completed,No,
WF377A95E2,EVT2B6A4746,DeliveryTracker,Escalated,2024-10-06 00:00:00,In Progress,No,
WF5BD1FEE3,EVTAE9DEA50,RiskAssessment,Completed,2024-08-31 00:00:00,In Progress,Yes,2024-08-31 02:00:00
WF622AB6BE,EVT5ACE2F1C,VendorAnalyzer,Initiated,2024-03-30 00:00:00,In Progress,Yes,2024-03-30 20:00:00
WF07F93BC0,EVTC0043395,InventoryOptimizer,Approved,2024-08-17 00:00:00,Failed,No,
WF01E8256F,EVT6AE744C4,DeliveryTracker,Completed,2024-01-28 00:00:00,In Progress,No,
WFF1109546,EVT643E6994,InventoryOptimizer,Reviewed,2024-05-19 00:00:00,Completed,Yes,2024-05-19 10:00:00
WFA26CDE1F,EVT2B96A691,DeliveryTracker,Assigned,2024-05-21 00:00:00,Completed,No,
WFE159E4A3,EVT78AF341C,IncidentResponder,Reviewed,2024-12-15 00:00:00,Completed,No,
WFEB9256BA,EVT1AD9A0DD,ApprovalEngine,Updated,2024-04-05 00:00:00,Completed,No,
WF4C1ED3A2,EVTD6F20609,ApprovalEngine,Assigned,2024-10-31 00:00:00,Completed,Yes,2024-10-31 21:00:00
WF600A2193,EVTC1795951,IncidentResponder,Approved,2024-05-10 00:00:00,Completed,No,
WF9017AB45,EVTF10E640E,VendorAnalyzer,Initiated,2024-01-21 00:00:00,In Progress,No,
WF20862FBD,EVT75283E82,ProcurementBot,Completed,2024-10-31 00:00:00,Failed,No,
WF6DD2D5B5,EVTAB9BC0F7,InventoryOptimizer,Completed,2024-10-05 00:00:00,Completed,No,
WFDE4694E8,EVT85842B23,IncidentResponder,Approved,2024-11-21 00:00:00,Completed,No,
WF2665D9DC,EVTF5C2EA35,VendorAnalyzer,Completed,2024-07-15 00:00:00,Completed,Yes,2024-07-15 12:00:00
WF3B51D470,EVT78AF341C,ProcurementBot,Assigned,2024-02-21 00:00:00,Completed,Yes,2024-02-21 04:00:00
WF41E64CD2,EVT43B51472,VendorAnalyzer,Completed,2024-01-21 00:00:00,Completed,No,
WFC9926173,EVTC1FCC06C,ProcurementBot,Rejected,2024-10-08 00:00:00,Completed,Yes,2024-10-08 18:00:00
WFC53BF8D7,EVT890F97CA,DeliveryTracker,Completed,2024-11-09 00:00:00,Failed,Yes,2024-11-09 02:00:00
WF1A83B34C,EVT135D29C2,ProcurementBot,Rejected,2024-01-09 00:00:00,Completed,Yes,2024-01-09 02:00:00
WF6A1C0715,EVT95DD875D,VendorAnalyzer,Assigned,2024-12-20 00:00:00,Completed,No,
WFE5CBB75A,EVT50B12B40,ProcurementBot,Completed,2024-10-12 00:00:00,Completed,No,
WF97BF2BE2,EVT4952B9F8,DeliveryTracker,Initiated,2024-08-29 00:00:00,Failed,No,
WF832E8BDE,EVT2DC67414,ProcurementBot,Initiated,2024-10-10 00:00:00,Completed,No,
WFA6C28AE8,EVT769759C7,ApprovalEngine,Rejected,2024-07-03 00:00:00,Completed,Yes,2024-07-03 20:00:00
WFA2B6F8D3,EVT743CEE03,ApprovalEngine,Initiated,2024-05-15 00:00:00,Completed,Yes,2024-05-15 04:00:00
WF472751A3,EVT78E0731B,ProcurementBot,Assigned,2024-03-20 00:00:00,In Progress,No,
WF7FFF7D9C,EVTA0A74C33,IncidentResponder,Updated,2024-12-19 00:00:00,Failed,Yes,2024-12-19 03:00:00
WFEA8F4971,EVTD346ECD0,ApprovalEngine,Updated,2024-03-07 00:00:00,Completed,No,
WF2C9DA449,EVT382CE4DB,CostOptimizer,Initiated,2024-01-28 00:00:00,Completed,Yes,2024-01-28 11:00:00
WF1062920B,EVTAD500FE9,DeliveryTracker,Rejected,2024-03-29 00:00:00,Completed,Yes,2024-03-29 10:00:00
WF699FE63B,EVT684564DF,ApprovalEngine,Assigned,2024-07-22 00:00:00,Failed,No,
WF7985C8A4,EVTDFC07F96,VendorAnalyzer,Reviewed,2024-07-25 00:00:00,Completed,Yes,2024-07-26 00:00:00
WF389DC023,EVT88369D54,ProcurementBot,Updated,2024-10-11 00:00:00,Completed,No,
WF6CE7DEAB,EVTA2CF43E9,RiskAssessment,Reviewed,2024-11-04 00:00:00,Failed,Yes,2024-11-04 18:00:00
WF59E066BD,EVT7B66725B,ProcurementBot,Assigned,2024-06-12 00:00:00,Completed,Yes,2024-06-12 15:00:00
WF5A10C903,EVT8688C5BD,ApprovalEngine,Completed,2024-03-13 00:00:00,Completed,Yes,2024-03-13 11:00:00
WF2820465A,EVTFAE365F9,InventoryOptimizer,Approved,2024-12-13 00:00:00,Completed,Yes,2024-12-13 12:00:00
WFB48EDA82,EVT059EF730,ApprovalEngine,Approved,2024-12-29 00:00:00,Completed,No,
WF31CD338C,EVT421EA382,IncidentResponder,Completed,2024-01-10 00:00:00,In Progress,No,
WFDD68A42B,EVTAE04D9C4,InventoryOptimizer,Assigned,2024-08-28 00:00:00,Completed,No,
WF7B8F10F5,EVT014CDBAF,RiskAssessment,Approved,2024-11-08 00:00:00,Completed,Yes,2024-11-09 00:00:00
WF8C0294A9,EVTA90096FD,ApprovalEngine,Initiated,2024-08-21 00:00:00,Completed,Yes,2024-08-21 03:00:00
WFCDF49C29,EVT386E3E64,CostOptimizer,Initiated,2024-09-23 00:00:00,Failed,Yes,2024-09-23 08:00:00
WF250DE184,EVT1576C9D6,CostOptimizer,Reviewed,2024-04-02 00:00:00,Completed,No,
WF9899A884,EVT3026D66F,RiskAssessment,Approved,2024-08-04 00:00:00,In Progress,No,
WF6D727E65,EVT2176496B,DeliveryTracker,Approved,2024-08-06 00:00:00,Completed,No,
WFFF8128AC,EVTA2D38533,ApprovalEngine,Assigned,2024-08-15 00:00:00,Completed,No,
WF074CF206,EVTA60FCAC8,VendorAnalyzer,Rejected,2024-05-22 00:00:00,Completed,No,
WF98A58443,EVT04701D7F,InventoryOptimizer,Assigned,2024-05-05 00:00:00,Completed,No,
WFBDCB35AC,EVT029472B4,InventoryOptimizer,Completed,2024-10-11 00:00:00,Failed,No,
WFE9EF5D19,EVTCCE4303C,CostOptimizer,Completed,2024-08-30 00:00:00,Completed,Yes,2024-08-30 01:00:00
WF192F9CE1,EVT200AFFD5,IncidentResponder,Updated,2024-11-28 00:00:00,Completed,Yes,2024-11-28 12:00:00
WF7A7CBCFF,EVT1D8935B8,IncidentResponder,Completed,2024-06-29 00:00:00,Failed,No,
WF806E8373,EVTE01A26DC,RiskAssessment,Assigned,2024-03-02 00:00:00,Completed,No,
WFFA7C1A2F,EVTA2F954E4,IncidentResponder,Initiated,2024-10-19 00:00:00,Completed,No,
WF8C191856,EVT8AB52B08,RiskAssessment,Rejected,2024-12-15 00:00:00,Completed,No,
WF3610A5D1,EVT62B2C9AC,RiskAssessment,Escalated,2024-06-15 00:00:00,Completed,No,
WF2BEB2731,EVT96425D84,VendorAnalyzer,Completed,2024-04-02 00:00:00,Completed,Yes,2024-04-02 16:00:00
WF93A71A1E,EVTB50684E9,ProcurementBot,Assigned,2024-04-05 00:00:00,Completed,No,
WFCDF84D7C,EVTA64A0C77,ApprovalEngine,Initiated,2024-07-14 00:00:00,Completed,Yes,2024-07-14 01:00:00
WFF37DD390,EVTECE81C26,DeliveryTracker,Updated,2024-10-05 00:00:00,Completed,No,
WFCC1561D3,EVTC99BD270,CostOptimizer,Updated,2024-08-13 00:00:00,Completed,No,
WFADA488CB,EVT46123962,IncidentResponder,Approved,2024-07-01 00:00:00,Failed,No,
WF80CCF6BE,EVT255E714E,IncidentResponder,Escalated,2024-01-18 00:00:00,Completed,No,
WFE98415C1,EVT463077B0,ProcurementBot,Escalated,2024-11-04 00:00:00,In Progress,No,
WF2327E734,EVT37804ABD,ProcurementBot,Completed,2024-10-09 00:00:00,Completed,Yes,2024-10-09 19:00:00
WF1761F2C0,EVTD73BF763,ProcurementBot,Escalated,2024-04-29 00:00:00,Completed,No,
WF4313E4CE,EVT9B929B15,IncidentResponder,Completed,2024-06-18 00:00:00,Completed,Yes,2024-06-18 10:00:00
WFAC96C8C4,EVTDABFCAC7,DeliveryTracker,Approved,2024-09-21 00:00:00,Completed,Yes,2024-09-21 12:00:00
WF8CBB6C0B,EVTF8A40877,VendorAnalyzer,Assigned,2024-01-25 00:00:00,Completed,Yes,2024-01-25 10:00:00
WFF445D304,EVT4997A069,DeliveryTracker,Assigned,2024-10-10 00:00:00,Completed,No,
WF43F3B503,EVTDDF9BBA8,IncidentResponder,Updated,2024-10-20 00:00:00,Completed,Yes,2024-10-20 10:00:00
WF4EAF7797,EVT45B18814,CostOptimizer,Escalated,2024-01-28 00:00:00,Completed,Yes,2024-01-28 15:00:00
WF83B6AD42,EVTA20B7FF4,RiskAssessment,Completed,2024-06-18 00:00:00,Completed,No,
WFA8A595B1,EVT8F04684E,DeliveryTracker,Reviewed,2024-06-21 00:00:00,Completed,No,
WFF199EC24,EVTA618C6F5,CostOptimizer,Updated,2024-03-02 00:00:00,Completed,No,
WF7AB8F36A,EVT84F37A0E,InventoryOptimizer,Initiated,2024-05-09 00:00:00,Completed,No,
WF0D58069B,EVT2B6A4746,DeliveryTracker,Reviewed,2024-12-13 00:00:00,Failed,Yes,2024-12-13 04:00:00
WF95167A3E,EVT3349346F,ApprovalEngine,Reviewed,2024-12-10 00:00:00,Completed,No,
WFB905F168,EVTE188EA69,IncidentResponder,Assigned,2024-03-27 00:00:00,Completed,No,
WFB892FCBA,EVT4FCC1832,CostOptimizer,Approved,2024-04-05 00:00:00,Completed,Yes,2024-04-05 01:00:00
WF50BA4C68,EVTF87F9458,VendorAnalyzer,Approved,2024-01-10 00:00:00,Completed,No,
WF2B6B9952,EVT652120E0,VendorAnalyzer,Escalated,2024-02-22 00:00:00,Completed,Yes,2024-02-22 16:00:00
WFCA279FD4,EVTD0DA9E64,ApprovalEngine,Reviewed,2024-12-22 00:00:00,Failed,Yes,2024-12-22 23:00:00
WF65A0DA8E,EVTA2F954E4,CostOptimizer,Initiated,2024-09-05 00:00:00,Completed,No,
WF5D1260F2,EVTF89471F7,RiskAssessment,Initiated,2024-07-21 00:00:00,Completed,No,
WF80212A15,EVT5C130408,VendorAnalyzer,Assigned,2024-09-02 00:00:00,Failed,Yes,2024-09-02 15:00:00
WFF448AE32,EVT13BF7D24,DeliveryTracker,Assigned,2024-07-11 00:00:00,Failed,No,
WF2FF70FB4,EVT953080C8,DeliveryTracker,Approved,2024-03-31 00:00:00,Completed,No,
WF46554A10,EVT4763A9C1,RiskAssessment,Completed,2024-03-30 00:00:00,In Progress,Yes,2024-03-30 19:00:00
WF19B5916F,EVTB6A43C61,InventoryOptimizer,Initiated,2024-01-21 00:00:00,Completed,No,
WFC2CC29D1,EVTF12BA4CB,RiskAssessment,Escalated,2024-01-10 00:00:00,Completed,No,
WF20420273,EVT3A25637F,CostOptimizer,Approved,2024-01-12 00:00:00,Failed,Yes,2024-01-12 01:00:00
WFCC64B8E3,EVT2703E5C5,ApprovalEngine,Approved,2024-11-24 00:00:00,Failed,No,
WF9B33D3B9,EVT778511C5,VendorAnalyzer,Assigned,2024-02-22 00:00:00,Completed,Yes,2024-02-22 01:00:00
WF9CA987ED,EVT8D72F1B7,VendorAnalyzer,Assigned,2024-09-15 00:00:00,In Progress,Yes,2024-09-15 21:00:00
WF15E2ED9B,EVT0C732615,DeliveryTracker,Assigned,2024-01-26 00:00:00,Completed,Yes,2024-01-26 07:00:00
WF1364CD70,EVTACB89191,VendorAnalyzer,Rejected,2024-07-12 00:00:00,Completed,No,
WF12197EAF,EVTBD03F3FE,InventoryOptimizer,Updated,2024-01-01 00:00:00,In Progress,No,
WFC9B661AB,EVT95D3ACD4,CostOptimizer,Escalated,2024-05-23 00:00:00,Failed,No,
WF26EED352,EVTF12BA4CB,RiskAssessment,Initiated,2024-09-08 00:00:00,Completed,Yes,2024-09-08 09:00:00
WF74C8C826,EVTA24A15D9,CostOptimizer,Assigned,2024-10-15 00:00:00,Completed,Yes,2024-10-15 03:00:00
WF03C2C3CA,EVT485FE264,RiskAssessment,Escalated,2024-09-04 00:00:00,Completed,No,
WF894DF396,EVTE7709847,DeliveryTracker,Completed,2024-10-25 00:00:00,Completed,Yes,2024-10-25 10:00:00
WF20C794CD,EVTC8455809,RiskAssessment,Initiated,2024-05-11 00:00:00,Failed,Yes,2024-05-11 09:00:00
WF9C132A50,EVT36CEE274,IncidentResponder,Completed,2024-11-01 00:00:00,Completed,Yes,2024-11-01 15:00:00
WFA53CE699,EVTF1E6C566,DeliveryTracker,Escalated,2024-06-08 00:00:00,Completed,Yes,2024-06-08 01:00:00
WF15A1E99C,EVT01F206E4,ApprovalEngine,Initiated,2024-02-18 00:00:00,Completed,No,
WFF857110A,EVT0974BA8D,RiskAssessment,Updated,2024-11-12 00:00:00,Completed,Yes,2024-11-12 18:00:00
WF5762D4FF,EVT98646397,ApprovalEngine,Updated,2024-10-17 00:00:00,Completed,No,
WF36A17897,EVTD0464354,ApprovalEngine,Initiated,2024-05-03 00:00:00,Completed,No,
WF8759DDF9,EVTEE514349,ApprovalEngine,Escalated,2024-04-24 00:00:00,Completed,No,
WF3E8C629B,EVTAB04FE85,RiskAssessment,Assigned,2024-05-27 00:00:00,In Progress,No,
WF04AE260F,EVTC25F5726,VendorAnalyzer,Rejected,2024-06-17 00:00:00,Completed,Yes,2024-06-17 14:00:00
WF9FBC267B,EVT38DB9FA1,CostOptimizer,Initiated,2024-09-08 00:00:00,Completed,Yes,2024-09-08 07:00:00
WF6BCFD7F3,EVT199D87F7,CostOptimizer,Initiated,2024-11-26 00:00:00,Completed,No,
WF8FE0E762,EVT9BB22497,DeliveryTracker,Reviewed,2024-08-27 00:00:00,Completed,Yes,2024-08-27 17:00:00
WF161A1C09,EVT45CF60CD,InventoryOptimizer,Initiated,2024-08-06 00:00:00,In Progress,No,
WFC959E394,EVTF3D4418D,CostOptimizer,Assigned,2024-02-08 00:00:00,Completed,No,
WFDF77946B,EVT57474545,InventoryOptimizer,Completed,2024-01-29 00:00:00,Completed,No,
WF532171CE,EVT51E6F51D,InventoryOptimizer,Reviewed,2024-08-17 00:00:00,In Progress,Yes,2024-08-17 18:00:00
WF654C830F,EVT07656F44,RiskAssessment,Updated,2024-03-20 00:00:00,Completed,Yes,2024-03-20 08:00:00
WFBF0DD9E0,EVT60DC094A,ApprovalEngine,Updated,2024-04-03 00:00:00,In Progress,Yes,2024-04-03 02:00:00
WFC1871786,EVT1D325178,VendorAnalyzer,Completed,2024-04-28 00:00:00,Completed,Yes,2024-04-28 05:00:00
WF5A946FC4,EVTFA58A2C9,ApprovalEngine,Reviewed,2024-07-29 00:00:00,Completed,No,
WF7464B34E,EVTADD527E1,InventoryOptimizer,Completed,2024-10-17 00:00:00,Failed,No,
WF92DA9109,EVT552DDD33,InventoryOptimizer,Escalated,2024-10-16 00:00:00,Completed,No,
WF5045D606,EVT0FA23EAD,RiskAssessment,Completed,2024-09-06 00:00:00,Completed,No,
WF92BCE031,EVTA0059048,VendorAnalyzer,Rejected,2024-06-28 00:00:00,Completed,Yes,2024-06-28 19:00:00
WF9AB44AB5,EVTFD8C83C7,InventoryOptimizer,Approved,2024-07-04 00:00:00,Completed,Yes,2024-07-04 15:00:00
WFB6DCD519,EVT13AA27C4,InventoryOptimizer,Updated,2024-01-06 00:00:00,Completed,Yes,2024-01-06 01:00:00
WFD7ACE9DE,EVTAC45CE22,InventoryOptimizer,Initiated,2024-12-16 00:00:00,Failed,Yes,2024-12-16 05:00:00
WFD3882AF3,EVT9435B53D,CostOptimizer,Approved,2024-03-10 00:00:00,In Progress,Yes,2024-03-10 20:00:00
WF14FAF1B3,EVT696F79D5,IncidentResponder,Reviewed,2024-08-29 00:00:00,Failed,Yes,2024-08-29 07:00:00
WFB0AE244C,EVTC14CC2B1,ProcurementBot,Assigned,2024-01-29 00:00:00,Completed,No,
WFE7381958,EVTEC2F28BB,CostOptimizer,Completed,2024-11-30 00:00:00,Completed,Yes,2024-11-30 05:00:00
WFBB032DC2,EVT304B84A9,CostOptimizer,Initiated,2024-07-22 00:00:00,Completed,No,
WF5308E85B,EVT9368ED88,RiskAssessment,Assigned,2024-02-24 00:00:00,Completed,No,
WFDE61A101,EVT73A51B31,IncidentResponder,Escalated,2024-11-04 00:00:00,Completed,No,
WF3DEE6ECC,EVTF4DD8837,DeliveryTracker,Initiated,2024-11-24 00:00:00,Completed,No,
WFC654D07E,EVT0EAFEC6C,ProcurementBot,Rejected,2024-07-29 00:00:00,Completed,No,
WFE1850A01,EVTA512AF61,IncidentResponder,Approved,2024-08-03 00:00:00,Completed,No,
WFF84BF684,EVT39464C9C,CostOptimizer,Rejected,2024-06-03 00:00:00,Completed,Yes,2024-06-03 08:00:00
WFAD9B0DA6,EVTF8240A92,CostOptimizer,Escalated,2024-08-26 00:00:00,Completed,No,
WF3584BFDC,EVTB45F92F7,InventoryOptimizer,Updated,2024-04-04 00:00:00,Completed,No,
WF01C70598,EVTDDEB2121,IncidentResponder,Approved,2024-06-08 00:00:00,Completed,No,
WF240DC310,EVTBCC8D534,ApprovalEngine,Initiated,2024-03-23 00:00:00,Completed,No,
WF84BEB2F7,EVTEFDF5716,InventoryOptimizer,Rejected,2024-04-28 00:00:00,In Progress,No,
WF215916E2,EVTB26C2087,ApprovalEngine,Initiated,2024-05-27 00:00:00,Completed,Yes,2024-05-27 05:00:00
WFDCEBBDD6,EVTD65122F0,RiskAssessment,Rejected,2024-02-25 00:00:00,Completed,No,
WF2E395AB9,EVT13BC2A01,CostOptimizer,Updated,2024-03-10 00:00:00,Completed,Yes,2024-03-10 19:00:00
WF1DCDE633,EVT564F1A5C,IncidentResponder,Assigned,2024-10-30 00:00:00,In Progress,No,
WFD1108013,EVTB76CE7C4,RiskAssessment,Escalated,2024-11-27 00:00:00,Completed,No,
WF28198301,EVT3BB3AA5A,DeliveryTracker,Approved,2024-02-24 00:00:00,In Progress,Yes,2024-02-24 19:00:00
WFB08FCFBA,EVT65206A9B,ApprovalEngine,Reviewed,2024-06-11 00:00:00,Completed,No,
WFD6D03343,EVTDC8DD9C0,ProcurementBot,Completed,2024-01-10 00:00:00,Completed,No,
WF8D320C73,EVT63A6DE08,InventoryOptimizer,Approved,2024-03-24 00:00:00,In Progress,Yes,2024-03-24 13:00:00
WF0E9B0F69,EVT136D1AFD,InventoryOptimizer,Assigned,2024-02-24 00:00:00,Completed,Yes,2024-02-24 06:00:00
WFAE5673FC,EVTD13E4E62,ApprovalEngine,Assigned,2024-12-01 00:00:00,In Progress,No,
WF38B1E7D4,EVT5B25D6DD,ProcurementBot,Rejected,2024-03-25 00:00:00,Failed,No,
WFCDEAE429,EVTC7270258,ApprovalEngine,Updated,2024-09-10 00:00:00,Completed,Yes,2024-09-10 21:00:00
WFF41F904E,EVTB1B49203,DeliveryTracker,Initiated,2024-05-06 00:00:00,Completed,Yes,2024-05-07 00:00:00
WF7EE5E1A5,EVT3A25AC44,VendorAnalyzer,Completed,2024-11-11 00:00:00,Completed,No,
WF975BF0AF,EVT2FDAC450,CostOptimizer,Approved,2024-06-09 00:00:00,Failed,Yes,2024-06-09 18:00:00
WF088666A7,EVT1A69D77E,ProcurementBot,Completed,2024-02-21 00:00:00,Completed,Yes,2024-02-21 23:00:00
WF8CDCB9C0,EVT26E8C344,RiskAssessment,Rejected,2024-03-20 00:00:00,Completed,No,
WF00CC35A3,EVT89D77582,RiskAssessment,Approved,2024-09-17 00:00:00,Completed,Yes,2024-09-17 09:00:00
WFC9430D8F,EVTF7304F21,CostOptimizer,Rejected,2024-10-02 00:00:00,Completed,Yes,2024-10-02 21:00:00
WFD4F5E0DC,EVTC7270258,IncidentResponder,Reviewed,2024-11-19 00:00:00,Completed,No,
WF71FC990A,EVT2E975ABC,RiskAssessment,Escalated,2024-09-06 00:00:00,Completed,No,
WFD26331D6,EVT13BC2A01,ProcurementBot,Reviewed,2024-10-20 00:00:00,Completed,No,
WF6460E0D7,EVT8EBF49BC,InventoryOptimizer,Rejected,2024-07-21 00:00:00,Completed,Yes,2024-07-21 14:00:00
WFFE0AF864,EVT2A90C510,InventoryOptimizer,Approved,2024-10-13 00:00:00,Completed,No,
WFEFE9F7D3,EVT9C65B882,IncidentResponder,Initiated,2024-11-28 00:00:00,Completed,Yes,2024-11-28 04:00:00
WFB203A2A3,EVT9FD2B2B0,CostOptimizer,Reviewed,2024-05-05 00:00:00,Completed,No,
WF235B86B5,EVTC16F9F33,ProcurementBot,Rejected,2024-03-14 00:00:00,Completed,No,
WF6205C85B,EVT28381107,ProcurementBot,Assigned,2024-06-23 00:00:00,Completed,Yes,2024-06-23 03:00:00
WF59BC2EA7,EVTE37BFACB,VendorAnalyzer,Reviewed,2024-02-05 00:00:00,Failed,Yes,2024-02-05 16:00:00
WFE6434E9D,EVTF927E7B3,CostOptimizer,Rejected,2024-02-01 00:00:00,Failed,No,
WFFA92F34C,EVT28381107,VendorAnalyzer,Completed,2024-09-09 00:00:00,Failed,No,
WF466D97A2,EVTA15397D0,DeliveryTracker,Approved,2024-08-28 00:00:00,In Progress,Yes,2024-08-28 08:00:00
WFB72BEDE0,EVT4EAB7A3E,VendorAnalyzer,Reviewed,2024-10-29 00:00:00,Failed,No,
WF0EC53B4F,EVT9BB950AC,ApprovalEngine,Rejected,2024-09-15 00:00:00,Completed,No,
WFD5A30920,EVT00677963,VendorAnalyzer,Initiated,2024-05-14 00:00:00,Completed,No,
WF110DCAA5,EVT38EC6B8A,IncidentResponder,Updated,2024-07-12 00:00:00,In Progress,No,
WF275DB702,EVTD7872E5C,DeliveryTracker,Escalated,2024-03-04 00:00:00,Completed,No,
WF5A5D6FEA,EVTB20CA7EA,RiskAssessment,Updated,2024-08-28 00:00:00,Completed,Yes,2024-08-28 07:00:00
WFFF6B0CB4,EVTD1689CE5,InventoryOptimizer,Escalated,2024-01-06 00:00:00,Completed,Yes,2024-01-06 02:00:00
WF20D9E1E5,EVT37E85F74,InventoryOptimizer,Approved,2024-12-04 00:00:00,Completed,Yes,2024-12-04 13:00:00
WF8BD6DEA0,EVTD46375A1,ProcurementBot,Escalated,2024-09-13 00:00:00,Completed,Yes,2024-09-13 22:00:00
WF78B46355,EVT0C373385,RiskAssessment,Escalated,2024-11-21 00:00:00,In Progress,No,
WF4CDABA6E,EVTC9233836,IncidentResponder,Completed,2024-04-26 00:00:00,Completed,Yes,2024-04-27 00:00:00
WF3AF7243E,EVT81891BEA,ProcurementBot,Completed,2024-09-05 00:00:00,Completed,Yes,2024-09-05 17:00:00
WFEFD984D0,EVT1A97745C,InventoryOptimizer,Reviewed,2024-01-09 00:00:00,Completed,No,
WF5ECAC6D3,EVTB5314B27,RiskAssessment,Completed,2024-09-27 00:00:00,Failed,Yes,2024-09-27 22:00:00
WFB94B861F,EVT48D30BBD,InventoryOptimizer,Updated,2024-12-05 00:00:00,Completed,No,
WFDC2356A8,EVT7F3526A9,ApprovalEngine,Approved,2024-05-18 00:00:00,Completed,Yes,2024-05-18 14:00:00
WF6E31F21B,EVTF4F67204,IncidentResponder,Initiated,2024-10-07 00:00:00,In Progress,No,
WF81D9A930,EVTBD9F4A4B,CostOptimizer,Completed,2024-11-23 00:00:00,Completed,Yes,2024-11-23 16:00:00
WF03C96AFE,EVT8688C5BD,ProcurementBot,Initiated,2024-11-30 00:00:00,Failed,Yes,2024-11-30 22:00:00
WF8BBD2629,EVTFAB82867,CostOptimizer,Escalated,2024-10-27 00:00:00,Completed,Yes,2024-10-27 21:00:00
WFE07F5D83,EVT24A0494B,ApprovalEngine,Approved,2024-11-27 00:00:00,Completed,No,
WF91EE8BC2,EVT1C6FBE25,InventoryOptimizer,Assigned,2024-04-20 00:00:00,Failed,Yes,2024-04-20 13:00:00
WFD0C2D3F5,EVTFA9F009C,InventoryOptimizer,Rejected,2024-09-02 00:00:00,In Progress,No,
WF6FCCC8FF,EVT5D984AFD,ApprovalEngine,Assigned,2024-12-17 00:00:00,Completed,Yes,2024-12-17 12:00:00
WF13604693,EVT2443DAD0,ProcurementBot,Reviewed,2024-02-25 00:00:00,Completed,No,
WFA35811D0,EVT659D1EEC,ApprovalEngine,Rejected,2024-10-31 00:00:00,Completed,No,
WF6D67BBB7,EVT200C1467,CostOptimizer,Completed,2024-11-09 00:00:00,Completed,Yes,2024-11-09 03:00:00
WFCE76857B,EVTAD8B276B,CostOptimizer,Completed,2024-01-07 00:00:00,Completed,Yes,2024-01-07 09:00:00
WFB22596C8,EVTDB31D362,VendorAnalyzer,Updated,2024-07-24 00:00:00,Completed,Yes,2024-07-24 10:00:00
WF29257E2E,EVT78AF341C,CostOptimizer,Rejected,2024-11-15 00:00:00,Completed,Yes,2024-11-15 10:00:00
WFAB74C61F,EVT34E23C82,ApprovalEngine,Completed,2024-05-18 00:00:00,Completed,No,
WFE7915869,EVT9EBFED08,ProcurementBot,Reviewed,2024-11-16 00:00:00,Completed,No,
WF04CE9375,EVT818B0716,DeliveryTracker,Completed,2024-04-01 00:00:00,Completed,No,
WF67B7CBC9,EVT6E914F4E,RiskAssessment,Initiated,2024-07-19 00:00:00,Completed,Yes,2024-07-19 03:00:00
WFC6942894,EVT7F3526A9,InventoryOptimizer,Reviewed,2024-02-19 00:00:00,Completed,No,
WFE89B9FD8,EVT06179099,RiskAssessment,Updated,2024-08-08 00:00:00,Completed,Yes,2024-08-08 07:00:00
WFF9799E3F,EVTE8A25F57,RiskAssessment,Updated,2024-04-16 00:00:00,Completed,No,
WF1BEFF692,EVTCF4D2241,RiskAssessment,Completed,2024-11-12 00:00:00,Completed,No,
WFA516B929,EVT0F6642BA,RiskAssessment,Reviewed,2024-08-29 00:00:00,Completed,Yes,2024-08-29 10:00:00
WF71B8B2C9,EVTB6473D9C,ProcurementBot,Reviewed,2024-12-26 00:00:00,Completed,No,
WFD7E42D44,EVT3531F1E8,ApprovalEngine,Completed,2024-04-19 00:00:00,Completed,Yes,2024-04-19 10:00:00
WFE72A697C,EVTD70503D8,DeliveryTracker,Rejected,2024-04-01 00:00:00,Completed,Yes,2024-04-01 05:00:00
WF550339C6,EVTA357774E,VendorAnalyzer,Rejected,2024-10-26 00:00:00,Completed,No,
WFB5D35ABE,EVT4446FB8E,ApprovalEngine,Approved,2024-03-01 00:00:00,Completed,Yes,2024-03-01 22:00:00
WF7C411616,EVTF83A796F,DeliveryTracker,Completed,2024-08-12 00:00:00,Completed,No,
WF3D5CA2DD,EVT9254CEC1,InventoryOptimizer,Rejected,2024-04-10 00:00:00,In Progress,Yes,2024-04-10 18:00:00
WF450835AA,EVT2DC67414,VendorAnalyzer,Escalated,2024-05-27 00:00:00,Completed,Yes,2024-05-27 02:00:00
WF9A05F059,EVTB066CC3F,VendorAnalyzer,Completed,2024-08-03 00:00:00,Completed,Yes,2024-08-03 21:00:00
WF2C0BF880,EVTFF39B1E5,InventoryOptimizer,Updated,2024-03-30 00:00:00,Failed,No,
WF32B5BE02,EVT5192A62C,InventoryOptimizer,Assigned,2024-10-05 00:00:00,Completed,No,
WFEF9DFBA7,EVT4FBA4A90,VendorAnalyzer,Approved,2024-09-05 00:00:00,Completed,No,
WF5D8A91DE,EVTA05C39E6,InventoryOptimizer,Initiated,2024-09-23 00:00:00,Completed,No,
WFEAB91B81,EVT73381D09,CostOptimizer,Approved,2024-07-21 00:00:00,Completed,Yes,2024-07-21 10:00:00
WF53416EB2,EVT2296EE52,CostOptimizer,Updated,2024-07-29 00:00:00,Completed,No,
WFBCB3989A,EVT502E0A38,RiskAssessment,Initiated,2024-03-03 00:00:00,Completed,No,
WF299E9C33,EVTD2A0F6A3,CostOptimizer,Completed,2024-03-22 00:00:00,Completed,Yes,2024-03-22 23:00:00
WFFD66537A,EVT0ADD8A42,DeliveryTracker,Initiated,2024-08-01 00:00:00,In Progress,No,
WFF98D7557,EVTD9BD1987,RiskAssessment,Assigned,2024-03-03 00:00:00,Completed,Yes,2024-03-03 13:00:00
WF7624B6BF,EVT0974BA8D,DeliveryTracker,Escalated,2024-08-08 00:00:00,Completed,Yes,2024-08-09 00:00:00
WFAC75E04F,EVT51E6F51D,VendorAnalyzer,Escalated,2024-10-21 00:00:00,Failed,Yes,2024-10-21 10:00:00
WF76B57766,EVT69CD7222,DeliveryTracker,Initiated,2024-02-22 00:00:00,Completed,Yes,2024-02-22 02:00:00
WFF3B28887,EVTAFE3B5A3,IncidentResponder,Initiated,2024-10-31 00:00:00,Completed,No,
WF5DFD35C2,EVT9B3B2681,InventoryOptimizer,Reviewed,2024-12-13 00:00:00,Completed,No,
WF37AC1B27,EVTF9BB0E53,VendorAnalyzer,Initiated,2024-03-04 00:00:00,Completed,Yes,2024-03-05 00:00:00
WF2ACAD366,EVT14993C7F,IncidentResponder,Updated,2024-11-24 00:00:00,In Progress,No,
WF3D6FA67D,EVTDE007A91,VendorAnalyzer,Escalated,2024-07-10 00:00:00,Completed,No,
WFAAE69B84,EVTA09A2579,CostOptimizer,Initiated,2024-05-09 00:00:00,Completed,No,
WFC70F0739,EVT45CC9460,ProcurementBot,Updated,2024-10-21 00:00:00,Completed,No,
WFEEEB8BE0,EVT2027A0B6,CostOptimizer,Completed,2024-10-22 00:00:00,Completed,Yes,2024-10-22 14:00:00
WF4C1F92A3,EVT7D9BD00B,InventoryOptimizer,Assigned,2024-02-08 00:00:00,Completed,No,
WFBCCEC60F,EVTF3628940,ApprovalEngine,Reviewed,2024-12-08 00:00:00,Completed,No,
WF126C5B75,EVT1F94D5C7,DeliveryTracker,Rejected,2024-12-14 00:00:00,Completed,No,
WF796DDC1B,EVTD4FDCB8C,ApprovalEngine,Approved,2024-10-20 00:00:00,Completed,Yes,2024-10-20 12:00:00
WF2058635D,EVT5C49F706,VendorAnalyzer,Completed,2024-10-22 00:00:00,Completed,Yes,2024-10-22 10:00:00
WF77D41544,EVT0FE6587E,DeliveryTracker,Updated,2024-09-27 00:00:00,Completed,No,
WF54B5C489,EVTEAE5447B,InventoryOptimizer,Rejected,2024-12-23 00:00:00,Completed,No,
WF9407E5C4,EVT3C7316D1,CostOptimizer,Escalated,2024-07-06 00:00:00,Failed,No,
WF430FD0E9,EVT6D79DD77,InventoryOptimizer,Reviewed,2024-09-27 00:00:00,Completed,No,
WF64B319C5,EVT9B621BFE,DeliveryTracker,Rejected,2024-01-12 00:00:00,Completed,No,
WF27AC1C03,EVT834AC9BE,InventoryOptimizer,Assigned,2024-05-24 00:00:00,In Progress,Yes,2024-05-24 21:00:00
WF9DB4736B,EVTF154E707,ProcurementBot,Rejected,2024-09-06 00:00:00,Completed,Yes,2024-09-06 22:00:00
WFB713C4E8,EVT461D4E80,ApprovalEngine,Initiated,2024-06-02 00:00:00,Completed,Yes,2024-06-02 09:00:00
WFBDC89DAB,EVT22162AA4,VendorAnalyzer,Completed,2024-09-19 00:00:00,In Progress,Yes,2024-09-19 08:00:00
WFDBD8A8AE,EVT4060A424,CostOptimizer,Initiated,2024-02-21 00:00:00,In Progress,No,
WFF8D7FB81,EVTF154E707,InventoryOptimizer,Completed,2024-06-13 00:00:00,Completed,Yes,2024-06-13 12:00:00
WFB7155CDF,EVT9433A8E5,DeliveryTracker,Assigned,2024-04-19 00:00:00,Completed,Yes,2024-04-19 13:00:00
WF7939A8ED,EVT200AFFD5,VendorAnalyzer,Rejected,2024-01-13 00:00:00,Completed,No,
WFC924A3A2,EVTED66C373,IncidentResponder,Completed,2024-03-05 00:00:00,Completed,No,
WFC823C3FC,EVT6162AE04,IncidentResponder,Assigned,2024-01-07 00:00:00,Completed,Yes,2024-01-08 00:00:00
WFEAB15B26,EVT4B869D21,CostOptimizer,Updated,2024-04-22 00:00:00,Failed,No,
WFE14B615C,EVTD53B4293,ProcurementBot,Reviewed,2024-11-26 00:00:00,Completed,No,
WFEDE5BC8A,EVT7A9B604C,DeliveryTracker,Initiated,2024-07-07 00:00:00,Completed,No,
WFB1F1075B,EVTED05905B,ProcurementBot,Updated,2024-06-25 00:00:00,Failed,No,
WF36659B0F,EVTB5B48883,ApprovalEngine,Updated,2024-10-02 00:00:00,Completed,No,
WF47447BCF,EVTD893D3C0,VendorAnalyzer,Initiated,2024-01-09 00:00:00,Completed,Yes,2024-01-09 14:00:00
WFDB737024,EVT832CCD14,InventoryOptimizer,Escalated,2024-06-12 00:00:00,Completed,No,
WF2E48D670,EVTFC1DE23C,VendorAnalyzer,Approved,2024-09-14 00:00:00,In Progress,No,
WF8A114CE8,EVT5740AE47,IncidentResponder,Updated,2024-12-07 00:00:00,Completed,No,
WF106D5391,EVT30C0229C,ProcurementBot,Approved,2024-02-20 00:00:00,Completed,No,
WFB188943C,EVTE41078EF,VendorAnalyzer,Escalated,2024-12-24 00:00:00,In Progress,Yes,2024-12-24 13:00:00
WF6992DF94,EVTE8A25F57,InventoryOptimizer,Reviewed,2024-10-10 00:00:00,Completed,No,
WFA4201438,EVT86E964AE,CostOptimizer,Completed,2024-08-19 00:00:00,Completed,No,
WF6E187E90,EVT6ACADB41,DeliveryTracker,Initiated,2024-10-06 00:00:00,Completed,Yes,2024-10-06 04:00:00
WF78B044CF,EVT27F014FC,RiskAssessment,Escalated,2024-01-26 00:00:00,Completed,No,
WFC72CCF68,EVT601A534F,InventoryOptimizer,Reviewed,2024-02-27 00:00:00,Completed,Yes,2024-02-27 03:00:00
WF1A8E5789,EVT01CE9EF2,CostOptimizer,Escalated,2024-12-04 00:00:00,Completed,No,
WF643C1455,EVTFF17102F,CostOptimizer,Rejected,2024-04-13 00:00:00,Completed,Yes,2024-04-13 09:00:00
WF4B96E741,EVT6C0EC16F,IncidentResponder,Rejected,2024-01-24 00:00:00,Completed,No,
WF4D6526FA,EVTB995FB05,DeliveryTracker,Updated,2024-06-19 00:00:00,Completed,Yes,2024-06-19 15:00:00
WFCBC97C98,EVT82F4DA9F,DeliveryTracker,Assigned,2024-08-08 00:00:00,Completed,No,
WFDDBF12CA,EVTB2FF295C,VendorAnalyzer,Approved,2024-05-20 00:00:00,Completed,No,
WF0E238FF2,EVTF5C5A884,InventoryOptimizer,Initiated,2024-12-23 00:00:00,Completed,Yes,2024-12-23 13:00:00
WFB847411E,EVT21A59B9A,InventoryOptimizer,Completed,2024-01-15 00:00:00,In Progress,Yes,2024-01-15 08:00:00
WFCB5DF94C,EVT71FE2C88,RiskAssessment,Escalated,2024-03-31 00:00:00,In Progress,No,
WFCC0E0AC3,EVTB3CF8B02,InventoryOptimizer,Assigned,2024-02-28 00:00:00,In Progress,No,
WF1D356243,EVT3935B3C6,ProcurementBot,Assigned,2024-01-27 00:00:00,In Progress,Yes,2024-01-27 03:00:00
WFD337B484,EVTDDEB2121,CostOptimizer,Updated,2024-07-25 00:00:00,Completed,Yes,2024-07-25 23:00:00
WFE5D42497,EVTB6473D9C,VendorAnalyzer,Approved,2024-12-14 00:00:00,Completed,Yes,2024-12-14 04:00:00
WFE084CAE4,EVT6C1F4D8C,VendorAnalyzer,Assigned,2024-01-31 00:00:00,Completed,No,
WF6347F6B6,EVT3E7B1AA7,ApprovalEngine,Escalated,2024-06-29 00:00:00,Failed,No,
WF3AD195DD,EVTD73FBA78,RiskAssessment,Escalated,2024-08-11 00:00:00,Failed,No,
WF4E3B4E60,EVTFA58A2C9,InventoryOptimizer,Rejected,2024-06-16 00:00:00,Failed,No,
WFA7BFA872,EVTD077D776,DeliveryTracker,Updated,2024-02-25 00:00:00,Completed,Yes,2024-02-25 23:00:00
WF9A2D1280,EVTF8A40877,CostOptimizer,Approved,2024-09-17 00:00:00,Completed,No,
WF71B05743,EVTB88569A5,ApprovalEngine,Updated,2024-09-08 00:00:00,Completed,No,
WF44312447,EVT03AD37F6,DeliveryTracker,Reviewed,2024-10-28 00:00:00,Completed,No,
WF4D490216,EVT458F9E07,RiskAssessment,Assigned,2024-11-26 00:00:00,Completed,No,
WF4941A461,EVT9954A626,VendorAnalyzer,Reviewed,2024-10-01 00:00:00,Completed,No,
WF05BC3AB9,EVTDD0FB6FD,ApprovalEngine,Updated,2024-02-18 00:00:00,In Progress,No,
WF14F69025,EVT5D0C2CCC,ProcurementBot,Approved,2024-06-20 00:00:00,Completed,No,
WF8DAF8A55,EVT2C391455,IncidentResponder,Rejected,2024-02-21 00:00:00,Completed,No,
WF4940BC83,EVT98354294,ProcurementBot,Approved,2024-05-22 00:00:00,Failed,No,
WF3CCF8650,EVT36E832B7,VendorAnalyzer,Completed,2024-11-19 00:00:00,Completed,Yes,2024-11-19 05:00:00
WF8BE82668,EVTEDFD4E92,RiskAssessment,Approved,2024-03-31 00:00:00,Completed,Yes,2024-03-31 10:00:00
WF2BDA9678,EVT35BE2AEF,DeliveryTracker,Initiated,2024-09-29 00:00:00,Completed,No,
WFA12B92F7,EVTB707C5AF,RiskAssessment,Initiated,2024-06-30 00:00:00,In Progress,Yes,2024-06-30 17:00:00
WF1E611564,EVTAF7862DB,IncidentResponder,Rejected,2024-11-25 00:00:00,In Progress,No,
WFF065B3E5,EVTD470F2F2,DeliveryTracker,Completed,2024-04-15 00:00:00,In Progress,No,
WFAB306A6C,EVTFB12E8C3,DeliveryTracker,Reviewed,2024-05-06 00:00:00,In Progress,Yes,2024-05-06 03:00:00
WF32E69A1F,EVT6BAB87AE,DeliveryTracker,Completed,2024-07-01 00:00:00,Completed,No,
WF2B535F86,EVT39457F91,ProcurementBot,Completed,2024-05-17 00:00:00,Completed,Yes,2024-05-17 10:00:00
WF1C8D3255,EVT4F60180F,VendorAnalyzer,Assigned,2024-07-28 00:00:00,Failed,Yes,2024-07-28 10:00:00
WFA3450DE5,EVTE6DDD23C,DeliveryTracker,Reviewed,2024-08-01 00:00:00,Completed,No,
WFB6760DB2,EVTE3B30270,VendorAnalyzer,Rejected,2024-06-15 00:00:00,In Progress,No,
WFD2C4C72D,EVTF3C6F033,CostOptimizer,Reviewed,2024-10-23 00:00:00,Completed,No,
WFA3007193,EVT8A748A2D,VendorAnalyzer,Rejected,2024-01-28 00:00:00,Failed,No,
WF8A66732A,EVT9D5D130A,VendorAnalyzer,Reviewed,2024-09-02 00:00:00,Completed,No,
WF9F6C46A5,EVTFF78F4DF,DeliveryTracker,Assigned,2024-09-01 00:00:00,In Progress,Yes,2024-09-01 01:00:00
WFE87BFD2D,EVT7F6880F5,RiskAssessment,Initiated,2024-03-12 00:00:00,Failed,No,
WF1006A515,EVT54D596E7,RiskAssessment,Completed,2024-02-06 00:00:00,Completed,No,
WF8A33CA84,EVTC8586C79,ApprovalEngine,Assigned,2024-12-20 00:00:00,Completed,No,
WFAE1B89C8,EVT848FCC1F,RiskAssessment,Completed,2024-10-04 00:00:00,In Progress,Yes,2024-10-04 12:00:00
WF12F0006F,EVT2F766B58,ApprovalEngine,Rejected,2024-06-21 00:00:00,Completed,Yes,2024-06-21 06:00:00
WFD458BD99,EVT185CE002,ProcurementBot,Assigned,2024-01-01 00:00:00,Completed,No,
WF5C7944FF,EVT45488D83,VendorAnalyzer,Initiated,2024-12-13 00:00:00,In Progress,No,
WF5A8F0748,EVT791385FA,VendorAnalyzer,Escalated,2024-08-07 00:00:00,Completed,No,
WF7CE54A2F,EVTD659745D,CostOptimizer,Reviewed,2024-09-08 00:00:00,In Progress,No,
WF6559B719,EVTC1AF5D26,InventoryOptimizer,Escalated,2024-07-28 00:00:00,Completed,No,
WF1FED6664,EVT24985308,IncidentResponder,Escalated,2024-02-19 00:00:00,Completed,Yes,2024-02-19 14:00:00
WF5B6607D2,EVT9C87FFF0,CostOptimizer,Escalated,2024-10-21 00:00:00,Completed,Yes,2024-10-21 10:00:00
WF133AFCD8,EVT0F2D0452,IncidentResponder,Updated,2024-08-05 00:00:00,In Progress,Yes,2024-08-05 23:00:00
WF2CFBACCD,EVTB8D62FA4,CostOptimizer,Completed,2024-10-28 00:00:00,Completed,Yes,2024-10-28 18:00:00
WFA9970475,EVTDF31B8CA,InventoryOptimizer,Reviewed,2024-05-26 00:00:00,Completed,No,
WF8C84CA7C,EVT737569A7,DeliveryTracker,Escalated,2024-01-14 00:00:00,Completed,No,
WFB74C6A1E,EVT29C0F6A3,DeliveryTracker,Reviewed,2024-11-30 00:00:00,Failed,No,
WF6ECB3336,EVTFF16FCE0,ProcurementBot,Updated,2024-10-03 00:00:00,Failed,No,
WFBC4FB9EF,EVTD7457E49,ProcurementBot,Reviewed,2024-11-03 00:00:00,Failed,Yes,2024-11-03 17:00:00
WF4B2DF7A1,EVTE872106F,DeliveryTracker,Rejected,2024-01-20 00:00:00,Completed,No,
WFC46EA297,EVT3C5D882C,IncidentResponder,Initiated,2024-04-11 00:00:00,Completed,No,
WF7F4B4826,EVTF47C9CBB,DeliveryTracker,Reviewed,2024-09-08 00:00:00,Completed,Yes,2024-09-08 06:00:00
WF67C67BFE,EVT60DC094A,IncidentResponder,Assigned,2024-04-25 00:00:00,Completed,No,
WF578B6B03,EVT7D8A081C,InventoryOptimizer,Rejected,2024-11-07 00:00:00,Completed,No,
WF270E213A,EVTFFE61DD9,InventoryOptimizer,Reviewed,2024-04-09 00:00:00,In Progress,No,
WFCC61FAFD,EVTB9B46346,CostOptimizer,Initiated,2024-12-09 00:00:00,Completed,No,
WFC6F6C36F,EVT993554A4,ApprovalEngine,Completed,2024-03-27 00:00:00,Completed,No,
WF2C845C48,EVT8A748A2D,RiskAssessment,Updated,2024-02-19 00:00:00,Completed,Yes,2024-02-19 09:00:00
WF9040BD43,EVT890F97CA,RiskAssessment,Reviewed,2024-02-27 00:00:00,Failed,No,
WF07747B61,EVTBB2AB39A,InventoryOptimizer,Rejected,2024-03-27 00:00:00,Failed,Yes,2024-03-27 09:00:00
WF38E3B421,EVT1AEDCED0,IncidentResponder,Approved,2024-08-17 00:00:00,Completed,Yes,2024-08-17 18:00:00
WF5DB940EE,EVT82F4DA9F,IncidentResponder,Reviewed,2024-06-11 00:00:00,Completed,No,
WFAD87B816,EVTA8874907,ProcurementBot,Rejected,2024-07-24 00:00:00,Completed,No,
WF842CC89D,EVT0BA6A035,CostOptimizer,Approved,2024-08-28 00:00:00,Completed,Yes,2024-08-28 01:00:00
WF41FC057C,EVTBC673BB0,ApprovalEngine,Escalated,2024-07-11 00:00:00,Completed,No,
WF8EB0ECBA,EVTA41409F3,IncidentResponder,Approved,2024-12-02 00:00:00,Failed,No,
WF0C1C2E0D,EVT8658D331,RiskAssessment,Rejected,2024-01-22 00:00:00,In Progress,Yes,2024-01-22 09:00:00
WF198C55C0,EVT1BE01C71,ProcurementBot,Assigned,2024-08-05 00:00:00,Completed,No,
WF605F9187,EVT8AFEB59D,ApprovalEngine,Initiated,2024-01-11 00:00:00,Failed,No,
WFC9DDAE3B,EVTD46375A1,ApprovalEngine,Escalated,2024-07-09 00:00:00,In Progress,No,
WF90441543,EVTAEF629C8,InventoryOptimizer,Escalated,2024-03-27 00:00:00,Completed,Yes,2024-03-27 01:00:00
WF4B28CDFA,EVTC51C5D77,VendorAnalyzer,Reviewed,2024-04-02 00:00:00,Completed,No,
WFF838744F,EVT485FE264,RiskAssessment,Rejected,2024-12-24 00:00:00,Failed,No,
WF013B603F,EVTFFA2D125,ProcurementBot,Assigned,2024-04-26 00:00:00,Completed,No,
WF00E1E1E6,EVT1157F13C,IncidentResponder,Initiated,2024-08-18 00:00:00,Completed,No,
WF9217BE47,EVT51D833E1,VendorAnalyzer,Reviewed,2024-08-14 00:00:00,Completed,No,
WF93622318,EVT1FFCD07D,DeliveryTracker,Rejected,2024-12-07 00:00:00,Completed,No,
WFF56CD5C1,EVTE3BEE5DC,DeliveryTracker,Rejected,2024-01-25 00:00:00,Completed,No,
WF17EAC641,EVTD63F7055,ApprovalEngine,Initiated,2024-12-08 00:00:00,Completed,No,
WFE1793BD6,EVT91D61171,ApprovalEngine,Escalated,2024-11-07 00:00:00,In Progress,No,
WFF7B42C24,EVT076E9B2D,InventoryOptimizer,Escalated,2024-07-02 00:00:00,Failed,No,
WFEFB7F3C0,EVT070B9D6A,RiskAssessment,Initiated,2024-07-16 00:00:00,Completed,Yes,2024-07-16 17:00:00
WF885B218E,EVT908B961A,ApprovalEngine,Initiated,2024-06-04 00:00:00,Failed,No,
WF5008E0CA,EVT797A6BFF,IncidentResponder,Assigned,2024-01-28 00:00:00,Completed,Yes,2024-01-28 05:00:00
WF93E6299C,EVT001F0ADF,RiskAssessment,Updated,2024-04-01 00:00:00,Completed,Yes,2024-04-01 23:00:00
WF876F4708,EVT7516431F,InventoryOptimizer,Approved,2024-07-27 00:00:00,Failed,Yes,2024-07-27 12:00:00
WFFC62FEEA,EVT95D3ACD4,VendorAnalyzer,Reviewed,2024-03-22 00:00:00,Failed,No,
WF946FDFA6,EVT25EAF178,DeliveryTracker,Escalated,2024-10-25 00:00:00,Completed,No,
WF0DC3587F,EVTC9233836,RiskAssessment,Updated,2024-09-07 00:00:00,Failed,No,
WF65980120,EVTAAEC5E73,ApprovalEngine,Initiated,2024-02-15 00:00:00,Completed,No,
WFFFBCD02C,EVT70D2EE54,InventoryOptimizer,Initiated,2024-08-25 00:00:00,Completed,Yes,2024-08-26 00:00:00
WFD0665724,EVTFCDAF4F8,DeliveryTracker,Escalated,2024-08-18 00:00:00,Completed,No,
WF65F2F410,EVT5C130408,VendorAnalyzer,Rejected,2024-01-22 00:00:00,Failed,No,
WF05ABEAA8,EVT1C6FBE25,ProcurementBot,Completed,2024-08-28 00:00:00,Completed,No,
WFF8A7A11A,EVT67F752A2,CostOptimizer,Reviewed,2024-10-23 00:00:00,Completed,No,
WF76986255,EVTEB9D4487,InventoryOptimizer,Approved,2024-03-01 00:00:00,Completed,No,
WFC548A057,EVT2D019FAB,VendorAnalyzer,Approved,2024-01-16 00:00:00,Failed,No,
WF3049E14A,EVTCF912C18,RiskAssessment,Reviewed,2024-02-18 00:00:00,Completed,Yes,2024-02-18 02:00:00
WFED1DB4C4,EVT911953C9,VendorAnalyzer,Updated,2024-11-30 00:00:00,Completed,Yes,2024-11-30 17:00:00
WF2D45D401,EVTE157BA8A,VendorAnalyzer,Updated,2024-12-09 00:00:00,Completed,Yes,2024-12-09 16:00:00
WFA35F1ACD,EVT8F88C3A2,ProcurementBot,Initiated,2024-06-28 00:00:00,In Progress,Yes,2024-06-28 14:00:00
WF0B5DDC01,EVTFF4FB798,RiskAssessment,Assigned,2024-03-12 00:00:00,Completed,No,
WF0D1BB8AD,EVT3935B3C6,CostOptimizer,Updated,2024-12-15 00:00:00,In Progress,Yes,2024-12-15 08:00:00
WFAE10298C,EVTB37F6523,ApprovalEngine,Initiated,2024-10-14 00:00:00,Completed,Yes,2024-10-14 03:00:00
WF7345724E,EVT047CC338,ProcurementBot,Reviewed,2024-08-10 00:00:00,In Progress,No,
WF02484610,EVT30275BC5,RiskAssessment,Completed,2024-01-16 00:00:00,Completed,No,
WF47AB9F0E,EVT2427E1D6,VendorAnalyzer,Escalated,2024-11-02 00:00:00,In Progress,No,
WFFAA90AC4,EVTACE4936B,CostOptimizer,Updated,2024-10-12 00:00:00,In Progress,Yes,2024-10-12 08:00:00
WF36659F27,EVTA3C83D88,ApprovalEngine,Rejected,2024-03-25 00:00:00,Completed,Yes,2024-03-25 14:00:00
WFB019073F,EVTA7F17403,ProcurementBot,Initiated,2024-11-18 00:00:00,Completed,Yes,2024-11-18 18:00:00
WF60EC2A1F,EVT11291063,ApprovalEngine,Escalated,2024-02-22 00:00:00,Completed,Yes,2024-02-22 11:00:00
WFE63059E1,EVTF3D4418D,RiskAssessment,Updated,2024-07-29 00:00:00,Completed,No,
WF8DBC32A4,EVT93332B82,IncidentResponder,Initiated,2024-09-04 00:00:00,Completed,No,
WF83FC1B0E,EVT5401EEC4,IncidentResponder,Reviewed,2024-12-16 00:00:00,In Progress,Yes,2024-12-16 14:00:00
WFD9D76C20,EVT4BA50977,CostOptimizer,Reviewed,2024-05-10 00:00:00,Completed,No,
WF37D0FDA6,EVT0F6642BA,ProcurementBot,Reviewed,2024-06-18 00:00:00,Completed,Yes,2024-06-18 08:00:00
WF6194167A,EVTF6CEA5F7,ApprovalEngine,Assigned,2024-05-27 00:00:00,In Progress,No,
WF4290FEC5,EVTAC5A851A,DeliveryTracker,Assigned,2024-06-29 00:00:00,In Progress,Yes,2024-06-29 14:00:00
WF9528BC4F,EVTB250BE3F,InventoryOptimizer,Completed,2024-11-14 00:00:00,Failed,Yes,2024-11-14 14:00:00
WF131C4EE3,EVT9DBCA58C,RiskAssessment,Updated,2024-11-07 00:00:00,Completed,Yes,2024-11-07 20:00:00
WF4A8F64B7,EVT55B33264,ApprovalEngine,Reviewed,2024-07-30 00:00:00,Completed,Yes,2024-07-30 07:00:00
WF131D51CA,EVT546AA2B4,InventoryOptimizer,Approved,2024-09-16 00:00:00,In Progress,Yes,2024-09-16 19:00:00
WF9D47597B,EVTD082C2B4,DeliveryTracker,Reviewed,2024-01-02 00:00:00,Completed,Yes,2024-01-02 02:00:00
WFCE00EBD8,EVTF61EC384,ProcurementBot,Approved,2024-03-26 00:00:00,Completed,No,
WFC189EAAB,EVTFD7FE7AC,RiskAssessment,Completed,2024-07-17 00:00:00,Completed,Yes,2024-07-17 03:00:00
WF5EAA8AEF,EVT4A9E2E6C,RiskAssessment,Reviewed,2024-07-28 00:00:00,Completed,No,
WFC21BC061,EVT2703E5C5,ProcurementBot,Updated,2024-09-08 00:00:00,Completed,Yes,2024-09-08 23:00:00
WF6448DA18,EVTE069372B,RiskAssessment,Completed,2024-05-15 00:00:00,In Progress,No,
WF174D13C1,EVT5925AB28,IncidentResponder,Reviewed,2024-04-08 00:00:00,Completed,Yes,2024-04-08 17:00:00
WF5EAED5B8,EVTB2BFC55C,ApprovalEngine,Approved,2024-07-08 00:00:00,In Progress,No,
WFFB91DCC9,EVT724E45F8,ApprovalEngine,Assigned,2024-01-01 00:00:00,Completed,No,
WFF1A7ECC8,EVTC8EED890,ApprovalEngine,Rejected,2024-08-22 00:00:00,Completed,Yes,2024-08-22 23:00:00
WFA1F740F7,EVT221BF3E5,InventoryOptimizer,Reviewed,2024-02-04 00:00:00,Completed,Yes,2024-02-04 14:00:00
WFAAD1E5C8,EVT4A49BE85,CostOptimizer,Assigned,2024-10-29 00:00:00,Failed,Yes,2024-10-29 08:00:00
WF8DF68866,EVTBFBE0ECD,RiskAssessment,Assigned,2024-04-23 00:00:00,Completed,Yes,2024-04-23 07:00:00
WF697A2E7C,EVT73E1FDD3,IncidentResponder,Updated,2024-09-07 00:00:00,Completed,No,
WF5A016F60,EVT0AB286AE,VendorAnalyzer,Completed,2024-05-15 00:00:00,In Progress,No,
WFBE756BD7,EVT473E9978,ApprovalEngine,Initiated,2024-10-21 00:00:00,Failed,Yes,2024-10-21 04:00:00
WF7BBF7E20,EVT83AEE1F0,DeliveryTracker,Initiated,2024-01-29 00:00:00,Completed,No,
WF3CD1EBA3,EVT47A15F91,ApprovalEngine,Rejected,2024-03-25 00:00:00,Completed,No,
WF96F98A6B,EVT91D61171,ProcurementBot,Escalated,2024-12-22 00:00:00,In Progress,Yes,2024-12-22 03:00:00
WF22FD8207,EVT6152B861,CostOptimizer,Rejected,2024-05-03 00:00:00,Completed,No,
WF1DC65ADD,EVTD70503D8,CostOptimizer,Completed,2024-12-26 00:00:00,Failed,Yes,2024-12-26 04:00:00
WF58A4220D,EVT0F96623A,InventoryOptimizer,Completed,2024-08-12 00:00:00,Completed,Yes,2024-08-12 11:00:00
WFCEA0E690,EVT8E3391CB,ApprovalEngine,Rejected,2024-12-17 00:00:00,Failed,No,
WF2E21E17B,EVT1A69D77E,RiskAssessment,Assigned,2024-09-05 00:00:00,Failed,No,
WFBD3F9990,EVT66312B53,InventoryOptimizer,Approved,2024-10-31 00:00:00,Completed,No,
WFEF7A9420,EVT9256C9C5,DeliveryTracker,Completed,2024-11-24 00:00:00,Completed,No,
WF519B1C09,EVTD8322A3C,DeliveryTracker,Completed,2024-07-10 00:00:00,In Progress,Yes,2024-07-10 15:00:00
WFC30363C0,EVT76AA54D9,RiskAssessment,Assigned,2024-12-23 00:00:00,Completed,Yes,2024-12-23 02:00:00
WF2AE6E8A0,EVT82E73045,ProcurementBot,Escalated,2024-12-23 00:00:00,Failed,No,
WF2D7DE96A,EVTD082C2B4,RiskAssessment,Approved,2024-03-10 00:00:00,Completed,Yes,2024-03-10 14:00:00
WF8FD73D01,EVT2940CA46,RiskAssessment,Escalated,2024-11-17 00:00:00,In Progress,Yes,2024-11-18 00:00:00
WF9E464EC3,EVT6907A365,InventoryOptimizer,Initiated,2024-05-19 00:00:00,Completed,Yes,2024-05-19 22:00:00
WFC789C1D9,EVT2BFFAE52,RiskAssessment,Updated,2024-09-09 00:00:00,Completed,No,
WFA39CEA3D,EVT3870789E,VendorAnalyzer,Escalated,2024-12-22 00:00:00,Completed,No,
WF3671DAAD,EVT225FB9E5,ApprovalEngine,Completed,2024-12-13 00:00:00,Completed,No,
WF46A5FFB5,EVTEC386091,ProcurementBot,Updated,2024-07-04 00:00:00,In Progress,Yes,2024-07-04 05:00:00
WFE6533BE7,EVT4B1D1E16,IncidentResponder,Updated,2024-07-18 00:00:00,Completed,Yes,2024-07-18 10:00:00
WF12DF476E,EVTAFA874DA,ApprovalEngine,Initiated,2024-12-22 00:00:00,Failed,Yes,2024-12-22 15:00:00
WFB8EA3794,EVT2E011651,CostOptimizer,Escalated,2024-01-20 00:00:00,In Progress,No,
WFD36A9EF1,EVT0F6642BA,RiskAssessment,Approved,2024-10-11 00:00:00,Completed,Yes,2024-10-11 06:00:00
WFFB9E8C69,EVT890F97CA,CostOptimizer,Initiated,2024-02-03 00:00:00,Completed,Yes,2024-02-03 07:00:00
WFA96AD0C7,EVTC2393173,ProcurementBot,Initiated,2024-11-03 00:00:00,Completed,Yes,2024-11-03 02:00:00
WFE33DB156,EVTE2D011D2,VendorAnalyzer,Assigned,2024-08-01 00:00:00,Completed,Yes,2024-08-01 03:00:00
WF5E0D5B90,EVTD4FDCB8C,IncidentResponder,Rejected,2024-12-11 00:00:00,Completed,No,
WF57C7DC54,EVTE5B9B19D,ApprovalEngine,Assigned,2024-05-10 00:00:00,Failed,No,
WFFB18BBE9,EVT19C946D9,InventoryOptimizer,Initiated,2024-04-11 00:00:00,Completed,No,
WF1C5FB091,EVT982151A8,ProcurementBot,Assigned,2024-01-03 00:00:00,In Progress,No,
WF9D9AE2AB,EVT215C6358,ApprovalEngine,Approved,2024-10-25 00:00:00,Completed,Yes,2024-10-25 20:00:00
WF600697DD,EVTFB406E19,ApprovalEngine,Approved,2024-10-31 00:00:00,Completed,Yes,2024-10-31 13:00:00
WF41EA30E6,EVT34B67976,VendorAnalyzer,Updated,2024-03-03 00:00:00,Completed,No,
WF09E00759,EVT7FBA6916,IncidentResponder,Reviewed,2024-04-05 00:00:00,Completed,No,
WF6734A1EF,EVT55ED9682,RiskAssessment,Escalated,2024-03-13 00:00:00,Completed,No,
WFE4F23AE5,EVT14461FA6,InventoryOptimizer,Initiated,2024-02-08 00:00:00,Completed,No,
WF3000A413,EVTEF77B097,IncidentResponder,Rejected,2024-05-02 00:00:00,In Progress,Yes,2024-05-02 06:00:00
WF9EB2C9AE,EVTA91C8D67,ProcurementBot,Escalated,2024-09-02 00:00:00,Completed,No,
WF327ABC19,EVT098B096B,InventoryOptimizer,Initiated,2024-07-26 00:00:00,Completed,No,
WFBF7D5860,EVT2E48AB21,RiskAssessment,Completed,2024-05-07 00:00:00,Completed,No,
WFA0F2BABA,EVT7B3E72B0,RiskAssessment,Approved,2024-02-03 00:00:00,Completed,Yes,2024-02-03 01:00:00
WF84706304,EVTC9E1CC43,CostOptimizer,Approved,2024-12-05 00:00:00,Completed,No,
WFE4809E1D,EVTF1C30382,DeliveryTracker,Initiated,2024-06-14 00:00:00,In Progress,No,
WF7716C19A,EVTD373087E,VendorAnalyzer,Completed,2024-05-27 00:00:00,Completed,No,
WF5D7A9D0F,EVT0FA06C55,RiskAssessment,Completed,2024-07-31 00:00:00,Completed,No,
WF05A6A74D,EVT74FC8265,RiskAssessment,Approved,2024-05-18 00:00:00,Completed,No,
WFA05E1611,EVT0F9C8C26,RiskAssessment,Updated,2024-03-31 00:00:00,Completed,Yes,2024-03-31 16:00:00
WFA1903CDD,EVTE9320D0D,ProcurementBot,Rejected,2024-01-21 00:00:00,In Progress,No,
WF3C6DCCC5,EVTF91FCD30,RiskAssessment,Rejected,2024-12-27 00:00:00,Completed,Yes,2024-12-27 12:00:00
WFA61086AD,EVT20AA2BFE,IncidentResponder,Assigned,2024-01-21 00:00:00,In Progress,No,
WF935FBD97,EVTCE01832E,ApprovalEngine,Approved,2024-12-28 00:00:00,Completed,No,
WFD8B813B8,EVT6781742C,DeliveryTracker,Initiated,2024-07-21 00:00:00,Failed,No,
WF56A65B9F,EVTAD8B276B,ProcurementBot,Rejected,2024-10-10 00:00:00,Completed,No,
WF3CD7637B,EVT6FB7B3C6,ApprovalEngine,Assigned,2024-09-03 00:00:00,Failed,Yes,2024-09-03 06:00:00
WFE5A2BACB,EVT201DA001,DeliveryTracker,Initiated,2024-04-09 00:00:00,In Progress,No,
WF2F049673,EVT402EF43E,ApprovalEngine,Assigned,2024-05-14 00:00:00,Completed,No,
WFB03EBD7F,EVTD2072349,ProcurementBot,Updated,2024-12-14 00:00:00,In Progress,No,
WF7339D419,EVT3780B05A,RiskAssessment,Completed,2024-05-14 00:00:00,In Progress,Yes,2024-05-14 18:00:00
WF6CC0DD35,EVTC8A8A6AE,VendorAnalyzer,Initiated,2024-09-23 00:00:00,Completed,Yes,2024-09-23 05:00:00
WFEB6943C4,EVTC99BD270,InventoryOptimizer,Rejected,2024-08-19 00:00:00,Completed,Yes,2024-08-19 16:00:00
WF48B6341B,EVTB42FA2E0,ApprovalEngine,Initiated,2024-02-29 00:00:00,Completed,No,
WF3B648D60,EVT5B9AC078,CostOptimizer,Escalated,2024-05-02 00:00:00,In Progress,No,
WF443F8CE1,EVT2A4BF204,ProcurementBot,Rejected,2024-12-02 00:00:00,In Progress,No,
WFF64F4A39,EVT7D800143,InventoryOptimizer,Initiated,2024-02-11 00:00:00,Completed,No,
WF13B7B995,EVT935965A1,ProcurementBot,Assigned,2024-02-10 00:00:00,In Progress,No,
WFEA156EAD,EVTF9982AE7,InventoryOptimizer,Updated,2024-07-28 00:00:00,Completed,Yes,2024-07-28 19:00:00
WF6E8F3F72,EVT20AB9340,InventoryOptimizer,Rejected,2024-03-11 00:00:00,Completed,Yes,2024-03-11 21:00:00
WFCC204EEA,EVTC1795951,IncidentResponder,Completed,2024-06-03 00:00:00,Failed,Yes,2024-06-03 12:00:00
WF71BFEAA0,EVTFAC16C45,RiskAssessment,Reviewed,2024-03-21 00:00:00,In Progress,No,
WF45375B69,EVT075244D0,InventoryOptimizer,Escalated,2024-12-05 00:00:00,In Progress,No,
WF9EACF813,EVTE09DA5DF,ApprovalEngine,Reviewed,2024-11-22 00:00:00,Completed,Yes,2024-11-22 17:00:00
WF619555AF,EVTF4999D40,ProcurementBot,Approved,2024-11-02 00:00:00,Completed,No,
WF2460DF5A,EVT696F79D5,DeliveryTracker,Escalated,2024-11-24 00:00:00,In Progress,No,
WF5CDC1B10,EVT2FDAC450,VendorAnalyzer,Initiated,2024-02-22 00:00:00,Completed,No,
WF4AE29D9E,EVTE2CAD671,DeliveryTracker,Assigned,2024-05-29 00:00:00,Completed,Yes,2024-05-29 02:00:00
WFEF5536AE,EVT1A1B18CE,DeliveryTracker,Reviewed,2024-07-26 00:00:00,Completed,Yes,2024-07-26 01:00:00
WF2F4C86A2,EVTEC386091,CostOptimizer,Updated,2024-01-26 00:00:00,Completed,Yes,2024-01-26 22:00:00
WF497182D3,EVT50986AFC,IncidentResponder,Reviewed,2024-12-16 00:00:00,In Progress,Yes,2024-12-16 03:00:00
WF6FA1DB3D,EVTB69B2C9C,ProcurementBot,Reviewed,2024-10-13 00:00:00,Completed,Yes,2024-10-13 13:00:00
WFBDB95FC6,EVT0C027BF0,RiskAssessment,Assigned,2024-10-16 00:00:00,Completed,Yes,2024-10-16 22:00:00
WF617E2D92,EVTE841A7CD,RiskAssessment,Completed,2024-10-30 00:00:00,Completed,Yes,2024-10-30 22:00:00
WF1DCF9045,EVTF4BE03C8,InventoryOptimizer,Reviewed,2024-10-19 00:00:00,Completed,No,
WFD9EF373B,EVTE40C5339,ProcurementBot,Completed,2024-07-14 00:00:00,Failed,No,
WFBC0D7138,EVTDDED9C0F,VendorAnalyzer,Rejected,2024-08-05 00:00:00,Completed,Yes,2024-08-05 13:00:00
WF84A55F9D,EVTCC9ABADD,ApprovalEngine,Approved,2024-04-26 00:00:00,Completed,No,
WF4EABD00D,EVT93124DAC,RiskAssessment,Initiated,2024-02-26 00:00:00,In Progress,No,
WF15326120,EVT378D262B,VendorAnalyzer,Escalated,2024-06-20 00:00:00,Completed,Yes,2024-06-20 16:00:00
WF20D3FAD5,EVT185CE002,ApprovalEngine,Approved,2024-01-27 00:00:00,Completed,No,
WF505DE67B,EVTD00EB3FA,ApprovalEngine,Approved,2024-11-18 00:00:00,Failed,No,
WFA7ED703D,EVTC2BB7F15,IncidentResponder,Completed,2024-04-27 00:00:00,Completed,Yes,2024-04-28 00:00:00
WFC7956CA7,EVTC19F5BD0,InventoryOptimizer,Reviewed,2024-06-25 00:00:00,In Progress,Yes,2024-06-25 13:00:00
WFDE9438FA,EVTB69B2C9C,DeliveryTracker,Escalated,2024-04-19 00:00:00,Completed,No,
WF365B215F,EVT029441E1,CostOptimizer,Reviewed,2024-06-07 00:00:00,Completed,Yes,2024-06-07 02:00:00
WF4F1A218B,EVTAB9459BE,InventoryOptimizer,Approved,2024-11-18 00:00:00,Completed,No,
WFACD0C880,EVTCCE4303C,CostOptimizer,Approved,2024-11-13 00:00:00,Completed,No,
WF23E9C226,EVT984E9F85,CostOptimizer,Initiated,2024-08-27 00:00:00,Completed,No,
WFE7A3AD9A,EVT41150040,ProcurementBot,Updated,2024-07-13 00:00:00,Completed,No,
WFE7A92593,EVTD1AEC91D,VendorAnalyzer,Escalated,2024-01-15 00:00:00,Completed,No,
WF2ED77A0D,EVT43EE92B9,RiskAssessment,Updated,2024-05-02 00:00:00,Failed,No,
WF9FF6C3F2,EVTC27705B8,DeliveryTracker,Updated,2024-08-07 00:00:00,Completed,No,
WFD039A673,EVTEAE5447B,ApprovalEngine,Reviewed,2024-07-25 00:00:00,Completed,No,
WF6C0D6A46,EVT7E6F9537,ProcurementBot,Updated,2024-03-07 00:00:00,Completed,No,
WFAAE829F6,EVTFA081967,CostOptimizer,Rejected,2024-06-18 00:00:00,Completed,No,
WF812CFC02,EVTA8958DDB,CostOptimizer,Escalated,2024-10-12 00:00:00,Completed,No,
WF51B003A1,EVTAAAF3837,RiskAssessment,Escalated,2024-01-01 00:00:00,Completed,No,
WF3E64C7A0,EVTAC2B2608,IncidentResponder,Approved,2024-12-22 00:00:00,Completed,No,
WF0AB9485A,EVT85842B23,RiskAssessment,Approved,2024-04-06 00:00:00,In Progress,No,
WFB20CB4E7,EVTEEA9E1DD,IncidentResponder,Rejected,2024-08-12 00:00:00,Completed,No,
WF2A51A652,EVT1F2CFCE9,InventoryOptimizer,Reviewed,2024-05-30 00:00:00,Failed,No,
WFA8D1A552,EVT4F3225C3,InventoryOptimizer,Approved,2024-09-06 00:00:00,Completed,No,
WFEE936FD1,EVT6F06E33D,RiskAssessment,Initiated,2024-04-05 00:00:00,In Progress,Yes,2024-04-05 11:00:00
WF1E68697D,EVT26EAF516,VendorAnalyzer,Escalated,2024-02-23 00:00:00,In Progress,No,
WF8CF408CF,EVT6152B861,ProcurementBot,Assigned,2024-03-09 00:00:00,Completed,No,
WFAD303E79,EVT1CDB3346,IncidentResponder,Rejected,2024-12-26 00:00:00,Completed,No,
WF8D28DB2B,EVTA420472B,CostOptimizer,Reviewed,2024-06-11 00:00:00,Completed,Yes,2024-06-11 10:00:00
WF22991414,EVT50B12B40,IncidentResponder,Escalated,2024-04-24 00:00:00,Completed,No,
WF540A0801,EVTA2A859D4,VendorAnalyzer,Assigned,2024-02-29 00:00:00,Completed,Yes,2024-02-29 06:00:00
WF043D7515,EVT256B5F5B,ApprovalEngine,Reviewed,2024-06-07 00:00:00,Failed,No,
WF91787C7D,EVTBEE7B292,InventoryOptimizer,Escalated,2024-09-11 00:00:00,Completed,Yes,2024-09-11 07:00:00
WF08EC3E7E,EVTBFAA6668,IncidentResponder,Approved,2024-04-04 00:00:00,Completed,Yes,2024-04-04 21:00:00
WFA9D2D4AA,EVT1A3D363A,IncidentResponder,Updated,2024-04-03 00:00:00,Completed,Yes,2024-04-03 22:00:00
WF8D7D1ABA,EVTA15397D0,IncidentResponder,Assigned,2024-03-14 00:00:00,Completed,Yes,2024-03-14 01:00:00
WF3F33D3FB,EVTBA32EE3A,ProcurementBot,Updated,2024-07-28 00:00:00,Failed,Yes,2024-07-28 02:00:00
WF7386C151,EVTD893D3C0,RiskAssessment,Escalated,2024-02-10 00:00:00,Completed,Yes,2024-02-10 10:00:00
WF302A7132,EVT6A5B5955,CostOptimizer,Initiated,2024-04-15 00:00:00,Completed,Yes,2024-04-15 09:00:00
WF58307DD0,EVT5FE730F1,DeliveryTracker,Initiated,2024-01-13 00:00:00,Completed,No,
WF349A284B,EVT91E5C8EA,IncidentResponder,Rejected,2024-02-15 00:00:00,Failed,Yes,2024-02-15 12:00:00
WFED6B5EA5,EVT6CD8A0C0,ApprovalEngine,Approved,2024-10-20 00:00:00,Completed,No,
WF94ED5528,EVT81FE3D82,ApprovalEngine,Initiated,2024-06-11 00:00:00,Completed,No,
WF2883D22F,EVTD377981D,CostOptimizer,Initiated,2024-11-10 00:00:00,Failed,No,
WF4DB98EF8,EVT5A5169A6,ProcurementBot,Updated,2024-10-14 00:00:00,Completed,Yes,2024-10-14 16:00:00
WF2B32C51B,EVT96A38993,ProcurementBot,Assigned,2024-12-27 00:00:00,Completed,No,
WF48D6EC63,EVTDC19617F,InventoryOptimizer,Reviewed,2024-03-20 00:00:00,Completed,Yes,2024-03-20 14:00:00
WF50B99CED,EVTB6473D9C,IncidentResponder,Completed,2024-05-16 00:00:00,In Progress,No,
WF12764836,EVT0E9A2A03,DeliveryTracker,Approved,2024-04-15 00:00:00,In Progress,Yes,2024-04-15 08:00:00
WFB9F7F4B5,EVT310AAD57,RiskAssessment,Completed,2024-03-26 00:00:00,Completed,No,
WF1D29B4C6,EVT9011A397,InventoryOptimizer,Escalated,2024-10-27 00:00:00,In Progress,Yes,2024-10-27 17:00:00
WF0CD9FD64,EVTF83D60A4,VendorAnalyzer,Updated,2024-06-27 00:00:00,In Progress,No,
WF219598AA,EVTDDFD74C8,IncidentResponder,Reviewed,2024-01-18 00:00:00,Completed,No,
WF240FDE18,EVT012688EB,RiskAssessment,Initiated,2024-05-22 00:00:00,Completed,No,
WF7BBBC837,EVTCC0ACC3B,DeliveryTracker,Approved,2024-12-07 00:00:00,Completed,No,
WFFBA26F35,EVTE6C176D9,IncidentResponder,Approved,2024-03-11 00:00:00,Completed,Yes,2024-03-11 12:00:00
WF55C84877,EVT4F9A1B16,InventoryOptimizer,Escalated,2024-08-03 00:00:00,Completed,No,
WF0E8FC700,EVTB236FEBA,IncidentResponder,Escalated,2024-06-02 00:00:00,Completed,Yes,2024-06-03 00:00:00
WF0D3B6A02,EVT64FF9883,ApprovalEngine,Reviewed,2024-11-26 00:00:00,Completed,No,
WF047F01AF,EVT0F67237F,ApprovalEngine,Assigned,2024-07-30 00:00:00,Completed,Yes,2024-07-30 08:00:00
WFEAE83551,EVTDE007A91,IncidentResponder,Rejected,2024-04-30 00:00:00,Completed,No,
WFEDFA0679,EVT2443DAD0,InventoryOptimizer,Approved,2024-11-14 00:00:00,Completed,No,
WF79976D86,EVTD581989A,VendorAnalyzer,Reviewed,2024-08-22 00:00:00,Completed,Yes,2024-08-22 14:00:00
WF7F9B94A3,EVTFC69E592,CostOptimizer,Completed,2024-10-02 00:00:00,Completed,Yes,2024-10-02 12:00:00
WF42064639,EVT4996192D,DeliveryTracker,Approved,2024-12-07 00:00:00,Completed,No,
WF85F664AD,EVT68078366,DeliveryTracker,Approved,2024-02-16 00:00:00,Completed,No,
WFCC04FC5B,EVT9B41B59D,DeliveryTracker,Assigned,2024-07-21 00:00:00,Completed,No,
WFD6141DF9,EVT9EAF0EE9,ProcurementBot,Completed,2024-10-04 00:00:00,Completed,No,
WFB57CF9D3,EVT3176AE10,RiskAssessment,Completed,2024-01-21 00:00:00,Completed,No,
WF4D7D0E3B,EVT76E0F33B,InventoryOptimizer,Initiated,2024-11-15 00:00:00,Completed,Yes,2024-11-15 20:00:00
WFEAE6CB31,EVT45EFA950,RiskAssessment,Rejected,2024-08-21 00:00:00,Failed,No,
WF235C2869,EVTF1B56371,CostOptimizer,Approved,2024-06-01 00:00:00,Completed,Yes,2024-06-01 11:00:00
WF69C17309,EVTB6BD838A,RiskAssessment,Initiated,2024-09-27 00:00:00,Completed,Yes,2024-09-27 03:00:00
WF0BDBCD3C,EVT42B28207,IncidentResponder,Reviewed,2024-10-16 00:00:00,Completed,No,
WF6CAC9E5A,EVTCD5E7809,RiskAssessment,Assigned,2024-04-15 00:00:00,Completed,Yes,2024-04-15 07:00:00
WF236A96BB,EVT7B461304,RiskAssessment,Reviewed,2024-11-10 00:00:00,Failed,No,
WFEAC7101C,EVT36BFBD05,ProcurementBot,Initiated,2024-12-08 00:00:00,Completed,No,
WFA82D9806,EVTBEA8D5FC,ApprovalEngine,Reviewed,2024-06-09 00:00:00,Completed,No,
WFE44337CE,EVTC2540A38,DeliveryTracker,Updated,2024-09-01 00:00:00,Completed,No,
WF8C2661A3,EVT1637309F,VendorAnalyzer,Initiated,2024-05-22 00:00:00,Completed,Yes,2024-05-22 20:00:00
WFADD48C64,EVT84C4612A,IncidentResponder,Escalated,2024-12-17 00:00:00,Completed,Yes,2024-12-17 05:00:00
WFFB9C3D9C,EVTB9088749,VendorAnalyzer,Approved,2024-09-14 00:00:00,Completed,No,
WF233E867A,EVT847A866A,VendorAnalyzer,Completed,2024-04-19 00:00:00,Completed,Yes,2024-04-19 17:00:00
WF9E61550A,EVT272A0779,ApprovalEngine,Assigned,2024-12-04 00:00:00,Completed,Yes,2024-12-05 00:00:00
WF0FEBD05A,EVT3B8475BE,ApprovalEngine,Approved,2024-02-22 00:00:00,Completed,No,
WF536A85CD,EVTEAC2EDFF,ApprovalEngine,Escalated,2024-03-06 00:00:00,In Progress,No,
WF1BD17F55,EVTED4DC7BF,ProcurementBot,Escalated,2024-07-05 00:00:00,Completed,No,
WF2B27C138,EVT7F8001B6,CostOptimizer,Initiated,2024-01-27 00:00:00,Failed,No,
WF35A524D2,EVT2C76932F,ApprovalEngine,Approved,2024-08-27 00:00:00,Completed,Yes,2024-08-27 01:00:00
WF6EB89E61,EVT6455B145,ProcurementBot,Approved,2024-08-09 00:00:00,Completed,No,
WF290C0078,EVT4288AED3,IncidentResponder,Approved,2024-07-16 00:00:00,Completed,No,
WF4FFB226F,EVT682F049A,VendorAnalyzer,Assigned,2024-10-25 00:00:00,Failed,No,
WF032758EF,EVT1CBA99CA,CostOptimizer,Updated,2024-07-25 00:00:00,In Progress,No,
WF6E01F0E7,EVT010E6E28,RiskAssessment,Escalated,2024-12-25 00:00:00,Completed,Yes,2024-12-26 00:00:00
WFE1905152,EVTED0F8B79,ApprovalEngine,Updated,2024-10-20 00:00:00,Completed,No,
WF4ECE26D3,EVT11E24D7B,ApprovalEngine,Approved,2024-01-31 00:00:00,Completed,Yes,2024-01-31 06:00:00
WF299B64EC,EVTC25F5726,ProcurementBot,Rejected,2024-05-24 00:00:00,Failed,No,
WF845340D7,EVTDEF9E159,IncidentResponder,Escalated,2024-01-21 00:00:00,Completed,Yes,2024-01-21 14:00:00
WFC598F24C,EVT333FCA5C,VendorAnalyzer,Assigned,2024-06-12 00:00:00,Completed,No,
WFC1652F86,EVT2891EDEA,ApprovalEngine,Assigned,2024-06-02 00:00:00,Completed,No,
WF00E5CA97,EVTFB12E8C3,ProcurementBot,Escalated,2024-06-05 00:00:00,Completed,No,
WFE454CF10,EVTB8904253,ApprovalEngine,Completed,2024-01-24 00:00:00,Completed,Yes,2024-01-24 21:00:00
WF8BBF1E3A,EVT775ACC5F,IncidentResponder,Rejected,2024-11-01 00:00:00,Completed,Yes,2024-11-01 04:00:00
WFC4231924,EVTC2DA97D4,InventoryOptimizer,Initiated,2024-12-20 00:00:00,Completed,No,
WF580E3070,EVT16BFABAD,RiskAssessment,Escalated,2024-05-11 00:00:00,Completed,Yes,2024-05-11 17:00:00
WF867F8A83,EVT94BF8276,RiskAssessment,Approved,2024-11-13 00:00:00,In Progress,No,
WFD270AF2A,EVTC8751F87,DeliveryTracker,Assigned,2024-06-17 00:00:00,Completed,No,
WF10CE32E0,EVTA60FCAC8,ApprovalEngine,Completed,2024-12-23 00:00:00,In Progress,No,
WF4345A415,EVT0B28F80B,RiskAssessment,Escalated,2024-03-31 00:00:00,Completed,No,
WF25D84094,EVTAEDDA505,RiskAssessment,Reviewed,2024-02-12 00:00:00,Failed,No,
WF95DC3ABA,EVTFF17102F,ProcurementBot,Assigned,2024-04-19 00:00:00,Completed,No,
WFEC3ABAEB,EVTD687D59E,InventoryOptimizer,Rejected,2024-07-22 00:00:00,In Progress,Yes,2024-07-22 12:00:00
WF74AA69F7,EVT4B7FB984,CostOptimizer,Reviewed,2024-03-27 00:00:00,Completed,Yes,2024-03-27 14:00:00
WFBD311372,EVT009136C5,InventoryOptimizer,Assigned,2024-08-28 00:00:00,Completed,Yes,2024-08-28 10:00:00
WF1BD90598,EVT3F330145,RiskAssessment,Escalated,2024-01-21 00:00:00,Failed,Yes,2024-01-21 03:00:00
WF97FFF996,EVT3349346F,ProcurementBot,Reviewed,2024-05-24 00:00:00,In Progress,No,
WFCC6644E3,EVT10B462D2,InventoryOptimizer,Assigned,2024-11-11 00:00:00,Completed,No,
WF6F347ED5,EVTD0AD11B4,ProcurementBot,Completed,2024-05-05 00:00:00,Completed,Yes,2024-05-05 22:00:00
WFEBB8EE2B,EVT1157F13C,ProcurementBot,Assigned,2024-12-12 00:00:00,Completed,No,
WFC68F5460,EVT934AFAD0,RiskAssessment,Rejected,2024-05-28 00:00:00,In Progress,No,
WF705EF784,EVTF0EBA0C7,IncidentResponder,Rejected,2024-12-29 00:00:00,Completed,No,
WF12B8948B,EVT7E6F9537,ApprovalEngine,Assigned,2024-11-24 00:00:00,Completed,No,
WF3181EE61,EVTCCBD54D4,CostOptimizer,Escalated,2024-10-18 00:00:00,Completed,No,
WF6D1CBEA1,EVT1B592711,CostOptimizer,Updated,2024-10-11 00:00:00,In Progress,No,
WF4785644D,EVT56482984,IncidentResponder,Rejected,2024-11-01 00:00:00,Failed,No,
WF3C2AA82F,EVT27D07267,ProcurementBot,Initiated,2024-07-07 00:00:00,Completed,No,
WFC1223201,EVTB21ABE3B,ProcurementBot,Rejected,2024-09-02 00:00:00,Completed,No,
WF4CBC1AFB,EVT9D098AF5,VendorAnalyzer,Approved,2024-11-17 00:00:00,Completed,No,
WF0331DF23,EVTB8BCE82F,ProcurementBot,Completed,2024-09-19 00:00:00,Completed,Yes,2024-09-19 21:00:00
WF5751EE44,EVT42A8BA0C,RiskAssessment,Initiated,2024-04-15 00:00:00,Completed,No,
WFE23F30B3,EVT4997A069,VendorAnalyzer,Rejected,2024-09-28 00:00:00,Completed,No,
WF31630B64,EVT6B720C52,ProcurementBot,Completed,2024-01-22 00:00:00,Completed,Yes,2024-01-22 05:00:00
WFDB7C1CDF,EVTEFE3D3D7,DeliveryTracker,Updated,2024-12-20 00:00:00,Completed,No,
WF2B56BF75,EVT5681BCDB,RiskAssessment,Rejected,2024-08-31 00:00:00,Completed,No,
WFC3F38877,EVTDF64936F,CostOptimizer,Updated,2024-03-29 00:00:00,Completed,No,
WFE27BB429,EVTA594185E,ApprovalEngine,Reviewed,2024-11-22 00:00:00,Completed,Yes,2024-11-22 18:00:00
WF6AB2D145,EVT22A34F6A,ProcurementBot,Escalated,2024-03-22 00:00:00,Completed,Yes,2024-03-22 03:00:00
WF74133315,EVT4397FB09,IncidentResponder,Escalated,2024-04-26 00:00:00,Completed,No,
WF57B3EC41,EVT6BFE9CE1,DeliveryTracker,Initiated,2024-09-01 00:00:00,Completed,Yes,2024-09-01 09:00:00
WF847734FD,EVT010E6E28,RiskAssessment,Assigned,2024-04-03 00:00:00,Completed,No,
WF8345381A,EVT4D75809F,RiskAssessment,Updated,2024-09-19 00:00:00,In Progress,Yes,2024-09-19 06:00:00
WF2503BEF6,EVT0DE07005,ProcurementBot,Approved,2024-05-09 00:00:00,Failed,No,
WF4C80A001,EVTD00735EC,ApprovalEngine,Initiated,2024-04-10 00:00:00,Completed,Yes,2024-04-10 09:00:00
WFF71AF4E5,EVTA3FDF9FE,InventoryOptimizer,Approved,2024-12-01 00:00:00,In Progress,No,
WF0CBA80D1,EVT9B41B59D,ApprovalEngine,Escalated,2024-01-21 00:00:00,Completed,No,
WF15DF7B9C,EVT96425D84,RiskAssessment,Escalated,2024-09-17 00:00:00,Completed,No,
WF3C17E612,EVTE7BAB9E1,InventoryOptimizer,Approved,2024-11-21 00:00:00,Completed,No,
WFB6B13F59,EVTE9B86411,DeliveryTracker,Completed,2024-06-09 00:00:00,Completed,No,
WF3022C91E,EVTDEDFC0DD,CostOptimizer,Rejected,2024-01-09 00:00:00,Completed,No,
WFB50E0B2E,EVT7DA17571,ProcurementBot,Rejected,2024-02-27 00:00:00,Completed,No,
WF8D104367,EVT2DC46DAE,VendorAnalyzer,Escalated,2024-11-27 00:00:00,Completed,Yes,2024-11-27 06:00:00
WFA7786BF6,EVT671CDA72,CostOptimizer,Assigned,2024-09-06 00:00:00,Completed,No,
WFE0E6C7A1,EVT7634ABEF,ProcurementBot,Completed,2024-10-13 00:00:00,Completed,Yes,2024-10-13 01:00:00
WF6A87F8F7,EVT684564DF,CostOptimizer,Updated,2024-01-24 00:00:00,Completed,Yes,2024-01-24 04:00:00
WFD153D5D1,EVT0535EDC6,ApprovalEngine,Completed,2024-09-15 00:00:00,Completed,Yes,2024-09-15 04:00:00
WFAF63C916,EVT1A024B8A,VendorAnalyzer,Assigned,2024-02-11 00:00:00,In Progress,Yes,2024-02-11 22:00:00
WF0E88BAD0,EVT4F99FA28,IncidentResponder,Approved,2024-02-10 00:00:00,Completed,No,
WF80F2EDA3,EVT9F7BC9E4,CostOptimizer,Initiated,2024-11-15 00:00:00,Completed,No,
WFAD0305F0,EVTB1DA6A68,RiskAssessment,Reviewed,2024-03-21 00:00:00,Completed,Yes,2024-03-21 16:00:00
WF1323FA9E,EVT60178738,IncidentResponder,Completed,2024-04-16 00:00:00,Completed,No,
WFE790540B,EVTBBC04F90,ProcurementBot,Rejected,2024-12-18 00:00:00,Completed,No,
WF53C006AB,EVT4763A9C1,InventoryOptimizer,Approved,2024-01-03 00:00:00,In Progress,No,
WF3F11C91B,EVT74F77571,RiskAssessment,Completed,2024-04-02 00:00:00,Completed,No,
WFC94FDB2A,EVTF7DA39A1,IncidentResponder,Rejected,2024-12-27 00:00:00,Completed,Yes,2024-12-27 09:00:00
WF7A4AE9D7,EVT70B9DAFF,ApprovalEngine,Escalated,2024-07-18 00:00:00,Completed,Yes,2024-07-18 03:00:00
WF133749D2,EVT2FDE62F3,ApprovalEngine,Assigned,2024-02-19 00:00:00,Failed,No,
WF3E1DE71F,EVT8168A16D,ApprovalEngine,Approved,2024-11-08 00:00:00,Completed,Yes,2024-11-08 21:00:00
WF0EAE54B4,EVTB81B1524,InventoryOptimizer,Reviewed,2024-09-19 00:00:00,Failed,No,
WF4C040ADF,EVT57508262,RiskAssessment,Assigned,2024-01-01 00:00:00,In Progress,No,
WF01113478,EVTBECAEA3C,ProcurementBot,Assigned,2024-04-01 00:00:00,Completed,No,
WF23DFCFE2,EVTDF9D5EE5,InventoryOptimizer,Approved,2024-09-13 00:00:00,Completed,No,
WFD868EAD1,EVT7D89AA06,DeliveryTracker,Updated,2024-05-11 00:00:00,In Progress,Yes,2024-05-11 21:00:00
WFAE056ACD,EVTFD0706C5,IncidentResponder,Assigned,2024-05-14 00:00:00,In Progress,Yes,2024-05-14 04:00:00
WF9741A888,EVTAA8F8E56,ApprovalEngine,Initiated,2024-02-20 00:00:00,Completed,No,
WFF04FC7C7,EVTA4BA2E2D,IncidentResponder,Updated,2024-04-28 00:00:00,Completed,Yes,2024-04-28 23:00:00
WFAC2089D9,EVT0CB209E6,InventoryOptimizer,Approved,2024-08-26 00:00:00,In Progress,No,
WFD25C8820,EVT69AB59D1,ApprovalEngine,Assigned,2024-10-30 00:00:00,Failed,No,
WF71C40EE2,EVT0B28F80B,VendorAnalyzer,Initiated,2024-05-01 00:00:00,Completed,No,
WF168DBF77,EVTA9323471,ApprovalEngine,Approved,2024-04-12 00:00:00,Completed,No,
WFFE03FCAD,EVTF17A8506,VendorAnalyzer,Reviewed,2024-02-01 00:00:00,Completed,No,
WF1662D9DA,EVT577F876A,InventoryOptimizer,Initiated,2024-07-28 00:00:00,Failed,No,
WF95028046,EVTA376C5B8,InventoryOptimizer,Rejected,2024-02-22 00:00:00,Completed,Yes,2024-02-22 08:00:00
WFF2AF5171,EVT908B961A,RiskAssessment,Approved,2024-07-25 00:00:00,Completed,No,
WFC5DDC0D3,EVTED0F8B79,ProcurementBot,Escalated,2024-12-04 00:00:00,Completed,No,
WF96270CF5,EVT96C0BF56,IncidentResponder,Initiated,2024-01-04 00:00:00,Completed,No,
WFA661A8B8,EVT709941A0,CostOptimizer,Assigned,2024-12-13 00:00:00,Completed,Yes,2024-12-13 16:00:00
WFA519ECC6,EVT393FE530,VendorAnalyzer,Initiated,2024-07-19 00:00:00,Failed,Yes,2024-07-19 14:00:00
WF461C137E,EVT15F2F854,VendorAnalyzer,Approved,2024-04-13 00:00:00,Completed,No,
WF4167F004,EVTE841A7CD,InventoryOptimizer,Escalated,2024-09-05 00:00:00,Completed,Yes,2024-09-05 05:00:00
WF78DAFBC6,EVT25026353,CostOptimizer,Updated,2024-04-06 00:00:00,Completed,No,
WFCDFFBB75,EVTBA17F51E,DeliveryTracker,Approved,2024-11-21 00:00:00,Completed,Yes,2024-11-21 15:00:00
WFB60E6BB6,EVT5F44EB2F,RiskAssessment,Reviewed,2024-05-04 00:00:00,Completed,No,
WF01E4FFED,EVTDF174770,CostOptimizer,Initiated,2024-02-20 00:00:00,Completed,Yes,2024-02-21 00:00:00
WF054FFBDD,EVTF133F916,InventoryOptimizer,Updated,2024-04-28 00:00:00,Completed,No,
WF8E366365,EVT7C7CF54A,DeliveryTracker,Approved,2024-11-18 00:00:00,Completed,Yes,2024-11-18 01:00:00
WF49EBA60C,EVT012688EB,ApprovalEngine,Approved,2024-03-26 00:00:00,Completed,Yes,2024-03-26 03:00:00
WFB66D8448,EVTA610C3F0,ProcurementBot,Rejected,2024-01-01 00:00:00,Completed,Yes,2024-01-01 16:00:00
WF82D99812,EVT200AFFD5,CostOptimizer,Completed,2024-03-03 00:00:00,In Progress,No,
WF2D049B08,EVTDDF9BBA8,ApprovalEngine,Escalated,2024-09-09 00:00:00,Completed,Yes,2024-09-09 17:00:00
WF53E902DD,EVTE79FAE0A,InventoryOptimizer,Assigned,2024-03-30 00:00:00,Completed,Yes,2024-03-30 09:00:00
WFCDE9677E,EVT13BC2A01,DeliveryTracker,Approved,2024-11-25 00:00:00,Completed,No,
WFE70050F0,EVT56E4160B,IncidentResponder,Updated,2024-11-16 00:00:00,Completed,No,
WF8ED41528,EVT185CE002,VendorAnalyzer,Initiated,2024-02-09 00:00:00,Failed,Yes,2024-02-09 11:00:00
WF65AD4BB0,EVT68463CAB,VendorAnalyzer,Completed,2024-12-15 00:00:00,Failed,No,
WF8D29950A,EVTFA50D094,ProcurementBot,Updated,2024-03-07 00:00:00,Failed,Yes,2024-03-07 16:00:00
WFB5C7EE35,EVT033B5956,RiskAssessment,Updated,2024-02-10 00:00:00,Completed,No,
WF850C805C,EVT5CBD5E05,RiskAssessment,Completed,2024-03-02 00:00:00,Completed,Yes,2024-03-02 17:00:00
WF4A17B0F4,EVTDE2073F5,ApprovalEngine,Rejected,2024-08-29 00:00:00,Completed,No,
WFD02898FE,EVT12542E18,IncidentResponder,Assigned,2024-08-26 00:00:00,Completed,No,
WFD3579B55,EVT603790A4,ApprovalEngine,Approved,2024-06-19 00:00:00,Completed,No,
WFF0CBE6FB,EVT601A534F,InventoryOptimizer,Approved,2024-11-03 00:00:00,Completed,No,
WFA2463A1F,EVT564F1A5C,IncidentResponder,Completed,2024-01-31 00:00:00,Completed,Yes,2024-01-31 16:00:00
WF745A6E90,EVTE37BFACB,ApprovalEngine,Updated,2024-06-26 00:00:00,Completed,Yes,2024-06-26 06:00:00
WF75AB5ED4,EVTF6887D18,ApprovalEngine,Completed,2024-08-01 00:00:00,Completed,Yes,2024-08-01 08:00:00
WF4B9626A8,EVTA221D566,ApprovalEngine,Updated,2024-07-25 00:00:00,Completed,No,
WF87BFC7B3,EVT5141CA5E,ApprovalEngine,Updated,2024-06-06 00:00:00,Failed,No,
WFEAEEDF12,EVT001F0ADF,DeliveryTracker,Approved,2024-02-05 00:00:00,Completed,Yes,2024-02-05 18:00:00
WF16E1ED20,EVT770F0A07,IncidentResponder,Reviewed,2024-09-24 00:00:00,Completed,No,
WF6D951EF8,EVT5875DDDB,DeliveryTracker,Assigned,2024-05-11 00:00:00,Completed,No,
WF5AAFB187,EVTA35A6431,ProcurementBot,Reviewed,2024-09-10 00:00:00,Completed,No,
WF77E93B10,EVTF0EBA0C7,InventoryOptimizer,Reviewed,2024-03-28 00:00:00,Completed,No,
WF1C683469,EVT374CDEDF,DeliveryTracker,Assigned,2024-03-09 00:00:00,Completed,No,
WF126D1CD0,EVTD9186ED9,ApprovalEngine,Assigned,2024-12-01 00:00:00,Completed,No,
WF2D37C82C,EVTA380AD28,RiskAssessment,Approved,2024-10-03 00:00:00,Completed,Yes,2024-10-03 17:00:00
WF55405B99,EVT98D6D470,DeliveryTracker,Initiated,2024-10-15 00:00:00,Failed,No,
WFAA830FFD,EVT24A0494B,ApprovalEngine,Assigned,2024-02-23 00:00:00,Completed,No,
WF334E8F8D,EVTE93EE6BD,CostOptimizer,Completed,2024-03-08 00:00:00,Completed,Yes,2024-03-08 12:00:00
WF95A9C0F5,EVTEF77B097,CostOptimizer,Reviewed,2024-11-29 00:00:00,Failed,Yes,2024-11-29 20:00:00
WFBB4FC554,EVTB5CEFBD3,InventoryOptimizer,Reviewed,2024-12-26 00:00:00,Completed,Yes,2024-12-26 19:00:00
WF0DA08E0B,EVTA0415D15,CostOptimizer,Reviewed,2024-05-16 00:00:00,Completed,Yes,2024-05-16 11:00:00
WFD73FB5E2,EVT7DC7D6E2,ProcurementBot,Updated,2024-08-23 00:00:00,Completed,No,
WF84F5B488,EVT3D6DBB9C,RiskAssessment,Completed,2024-07-24 00:00:00,Completed,No,
WF52F6BF64,EVT5198F410,ApprovalEngine,Initiated,2024-09-11 00:00:00,Completed,No,
WFB650FE20,EVT93840050,ApprovalEngine,Rejected,2024-11-06 00:00:00,Completed,No,
WF3FA18A96,EVT96BC457C,IncidentResponder,Completed,2024-01-08 00:00:00,Completed,No,
WFA5C5FEDD,EVT817C0D2A,ApprovalEngine,Reviewed,2024-04-04 00:00:00,Completed,No,
WF519A1445,EVT0EDC5A49,DeliveryTracker,Assigned,2024-10-08 00:00:00,Completed,No,
WF9296BB4D,EVT169B757D,ProcurementBot,Initiated,2024-12-19 00:00:00,Completed,No,
WFCC70272D,EVT677BB40B,CostOptimizer,Approved,2024-06-02 00:00:00,Completed,No,
WF15DEC72E,EVT3E3DDF25,RiskAssessment,Assigned,2024-06-08 00:00:00,Completed,No,
WFDE509485,EVT38CC57B8,InventoryOptimizer,Reviewed,2024-10-13 00:00:00,Completed,Yes,2024-10-13 05:00:00
WFD7A07219,EVTA7077453,IncidentResponder,Approved,2024-07-03 00:00:00,Completed,No,
WF70FD57D4,EVT1B994A1B,DeliveryTracker,Initiated,2024-01-28 00:00:00,Completed,No,
WF3E34D5A3,EVTFFFDDEEB,InventoryOptimizer,Rejected,2024-02-03 00:00:00,Completed,No,
WF16C5E426,EVT1EF58869,ProcurementBot,Updated,2024-09-13 00:00:00,Completed,No,
WF210028AB,EVTA41409F3,DeliveryTracker,Assigned,2024-11-18 00:00:00,Completed,No,
WF2BD225AB,EVT73381D09,VendorAnalyzer,Approved,2024-11-11 00:00:00,Completed,Yes,2024-11-11 11:00:00
WF38FD1600,EVT846D181F,VendorAnalyzer,Rejected,2024-03-05 00:00:00,In Progress,Yes,2024-03-05 15:00:00
WFE6B78286,EVT4543417B,DeliveryTracker,Escalated,2024-08-08 00:00:00,Completed,No,
WFBBB9175F,EVT22858A0A,CostOptimizer,Assigned,2024-12-03 00:00:00,Failed,No,
WF0E924245,EVTF451D955,IncidentResponder,Initiated,2024-03-04 00:00:00,Completed,Yes,2024-03-04 19:00:00
WFD5711DCA,EVT5141CA5E,VendorAnalyzer,Escalated,2024-12-28 00:00:00,Failed,Yes,2024-12-28 09:00:00
WF1B622855,EVTA83096FC,CostOptimizer,Initiated,2024-03-18 00:00:00,Completed,Yes,2024-03-19 00:00:00
WFD9631FB0,EVT34817714,ProcurementBot,Rejected,2024-05-17 00:00:00,Completed,Yes,2024-05-17 08:00:00
WF184A6E70,EVT628A2AFF,IncidentResponder,Assigned,2024-02-19 00:00:00,Completed,Yes,2024-02-19 23:00:00
WF496F5A70,EVTF6DC57B0,IncidentResponder,Approved,2024-03-25 00:00:00,Completed,No,
WF48BD18C9,EVT3B953C2B,ApprovalEngine,Assigned,2024-04-24 00:00:00,Completed,No,
WF4F33BD14,EVTCFE0F21B,CostOptimizer,Completed,2024-02-04 00:00:00,Completed,No,
WFD6A5B762,EVT65A6D3B2,DeliveryTracker,Updated,2024-06-29 00:00:00,Completed,Yes,2024-06-29 18:00:00
WF9FFA3BD8,EVT029472B4,VendorAnalyzer,Approved,2024-07-28 00:00:00,Completed,No,
WFB5F8897F,EVTE79FA6FD,IncidentResponder,Approved,2024-08-15 00:00:00,Completed,No,
WFAB3486A3,EVT65DC1598,VendorAnalyzer,Approved,2024-03-11 00:00:00,Completed,Yes,2024-03-11 10:00:00
WF7A813072,EVT97148134,CostOptimizer,Reviewed,2024-01-22 00:00:00,In Progress,No,
WF5891BA2D,EVTAF539039,RiskAssessment,Assigned,2024-09-12 00:00:00,In Progress,No,
WFBDBBC6A9,EVT280D5D70,InventoryOptimizer,Approved,2024-02-10 00:00:00,Failed,No,
WFD59FAC63,EVT5E30ADE5,IncidentResponder,Escalated,2024-03-29 00:00:00,Failed,No,
WF04F9D399,EVT1744613D,ApprovalEngine,Completed,2024-05-25 00:00:00,Completed,No,
WFEAA33932,EVTECF752FD,RiskAssessment,Reviewed,2024-12-11 00:00:00,Completed,No,
WF67E4BCC2,EVT993554A4,ProcurementBot,Initiated,2024-02-26 00:00:00,Completed,No,
WF06DED2B1,EVTD56166C1,ApprovalEngine,Initiated,2024-02-13 00:00:00,Completed,No,
WF2A221DA4,EVTCE2D62E2,ApprovalEngine,Reviewed,2024-12-19 00:00:00,Completed,No,
WF20478C22,EVT226A7781,DeliveryTracker,Rejected,2024-09-10 00:00:00,Completed,Yes,2024-09-10 09:00:00
WFEA35E3C2,EVTF00CD368,InventoryOptimizer,Completed,2024-10-15 00:00:00,Completed,No,
WF515C9972,EVT9C8FB205,InventoryOptimizer,Initiated,2024-01-20 00:00:00,Completed,Yes,2024-01-20 22:00:00
WFB62B2896,EVT49D32997,RiskAssessment,Initiated,2024-10-25 00:00:00,Completed,Yes,2024-10-25 05:00:00
WF789A411E,EVT665473D8,CostOptimizer,Approved,2024-01-03 00:00:00,Completed,Yes,2024-01-03 20:00:00
WFE3738466,EVTE86EE11F,DeliveryTracker,Initiated,2024-09-26 00:00:00,Completed,Yes,2024-09-26 22:00:00
WFECF27CF9,EVT0BB64C52,RiskAssessment,Reviewed,2024-08-14 00:00:00,Completed,No,
WF4DFB191B,EVT4122E659,DeliveryTracker,Initiated,2024-02-10 00:00:00,Completed,No,
WF0500A42C,EVT9CAC9C56,DeliveryTracker,Approved,2024-12-31 00:00:00,Completed,No,
WF887781B1,EVT9C4D4A95,VendorAnalyzer,Assigned,2024-01-08 00:00:00,Completed,No,
WFFE71F303,EVTE79FA6FD,RiskAssessment,Completed,2024-09-02 00:00:00,Completed,Yes,2024-09-02 09:00:00
WF300571F4,EVTDCD5F196,ProcurementBot,Rejected,2024-01-10 00:00:00,Completed,No,
WFA2C8B508,EVTD7872E5C,IncidentResponder,Updated,2024-09-17 00:00:00,Completed,Yes,2024-09-17 07:00:00
WF36E25A36,EVT3C1BA6D7,DeliveryTracker,Escalated,2024-02-17 00:00:00,Completed,No,
WF4E94D6E1,EVTB5CEFBD3,InventoryOptimizer,Initiated,2024-01-12 00:00:00,Completed,No,
WFC94D0F6F,EVT5F2C9AC8,IncidentResponder,Reviewed,2024-08-18 00:00:00,Completed,No,
WF49E98F77,EVTAB34E6D9,InventoryOptimizer,Escalated,2024-12-11 00:00:00,Completed,No,
WFD6D02244,EVTC85E2560,ApprovalEngine,Updated,2024-06-17 00:00:00,Completed,No,
WF957768F0,EVT9C824D50,DeliveryTracker,Reviewed,2024-06-15 00:00:00,Failed,No,
WF8E27AE38,EVT1AFF8AB3,DeliveryTracker,Approved,2024-09-03 00:00:00,Completed,No,
WF2D7A061F,EVT29D5923B,ProcurementBot,Assigned,2024-04-28 00:00:00,Failed,No,
WFE64A507B,EVT594DB9FB,ApprovalEngine,Reviewed,2024-05-24 00:00:00,Completed,Yes,2024-05-24 23:00:00
WFBDBBFD11,EVT74D6A3B4,DeliveryTracker,Completed,2024-05-01 00:00:00,Completed,No,
WF66EA1E4E,EVTF48119D5,CostOptimizer,Rejected,2024-08-02 00:00:00,Completed,Yes,2024-08-02 01:00:00
WF4EA714FF,EVT088A0792,ProcurementBot,Escalated,2024-07-06 00:00:00,Completed,No,
WF1AE873A8,EVTF5289888,DeliveryTracker,Reviewed,2024-10-23 00:00:00,Completed,Yes,2024-10-23 22:00:00
WF6339E7CC,EVT43DC3E3E,VendorAnalyzer,Approved,2024-10-30 00:00:00,In Progress,Yes,2024-10-30 09:00:00
WF64C68482,EVT85375FC4,RiskAssessment,Updated,2024-09-12 00:00:00,Completed,Yes,2024-09-12 11:00:00
WFD73EE7E2,EVT9403D895,VendorAnalyzer,Initiated,2024-07-22 00:00:00,Completed,No,
WFF2895269,EVT56E448A7,ApprovalEngine,Assigned,2024-09-10 00:00:00,Failed,Yes,2024-09-10 21:00:00
WF5F7EA183,EVTBA355CB3,InventoryOptimizer,Reviewed,2024-07-15 00:00:00,Completed,No,
WF8108D630,EVT0B8EA8AC,RiskAssessment,Assigned,2024-05-24 00:00:00,Completed,Yes,2024-05-24 05:00:00
WF326BF8B0,EVT5214871F,DeliveryTracker,Updated,2024-08-02 00:00:00,Completed,Yes,2024-08-02 23:00:00
WFA8C22AF4,EVT7F3526A9,ApprovalEngine,Reviewed,2024-07-19 00:00:00,In Progress,No,
WF5BA12672,EVT63A6DE08,RiskAssessment,Escalated,2024-03-28 00:00:00,Completed,Yes,2024-03-28 07:00:00
WF3D9A1EAB,EVT1744613D,ApprovalEngine,Escalated,2024-12-25 00:00:00,In Progress,Yes,2024-12-25 14:00:00
WF7FA44F9A,EVT8CAF808A,VendorAnalyzer,Reviewed,2024-01-25 00:00:00,Completed,No,
WFAD1DE789,EVT25D6CF15,VendorAnalyzer,Approved,2024-01-18 00:00:00,Completed,No,
WFC18803F8,EVT4FDD320F,IncidentResponder,Initiated,2024-12-18 00:00:00,Completed,No,
WF35B4ED82,EVTD58A1929,VendorAnalyzer,Updated,2024-01-28 00:00:00,Failed,Yes,2024-01-28 03:00:00
WF8BD739AD,EVT017FCB16,ApprovalEngine,Updated,2024-12-15 00:00:00,Completed,Yes,2024-12-15 15:00:00
WF694A2355,EVTF1C30382,IncidentResponder,Reviewed,2024-08-24 00:00:00,In Progress,Yes,2024-08-24 10:00:00
WFDB5B7694,EVT0CB209E6,RiskAssessment,Assigned,2024-10-30 00:00:00,Completed,Yes,2024-10-30 02:00:00
WF05A78D36,EVT9BB22497,ApprovalEngine,Approved,2024-06-14 00:00:00,In Progress,Yes,2024-06-14 04:00:00
WFE6874F8B,EVT3E753F50,ProcurementBot,Reviewed,2024-10-09 00:00:00,In Progress,No,
WF3E6EFCDC,EVT37D2208E,IncidentResponder,Rejected,2024-05-24 00:00:00,Failed,No,
WFD68B87E9,EVT11E24D7B,InventoryOptimizer,Rejected,2024-04-04 00:00:00,Completed,No,
WF373F885A,EVT17123472,ProcurementBot,Assigned,2024-11-08 00:00:00,Completed,Yes,2024-11-08 16:00:00
WF1FBB753D,EVTB7F36B8A,ProcurementBot,Updated,2024-11-11 00:00:00,In Progress,Yes,2024-11-11 07:00:00
WF4D51CA3A,EVT8B23903D,RiskAssessment,Approved,2024-11-16 00:00:00,Completed,No,
WF55F8ECE5,EVTFE67424E,DeliveryTracker,Assigned,2024-06-07 00:00:00,Completed,Yes,2024-06-07 06:00:00
WF8CB10E08,EVT9B6FAD2F,VendorAnalyzer,Initiated,2024-11-02 00:00:00,Completed,No,
WF6BB2FC76,EVTCD62B593,RiskAssessment,Rejected,2024-12-09 00:00:00,Completed,Yes,2024-12-09 12:00:00
WF6B99E883,EVTC8EED890,CostOptimizer,Escalated,2024-09-05 00:00:00,Failed,No,
WFEE31B9B6,EVTBD71D524,RiskAssessment,Updated,2024-02-01 00:00:00,Completed,No,
WFDDC763A8,EVT11291063,InventoryOptimizer,Completed,2024-09-07 00:00:00,In Progress,Yes,2024-09-07 04:00:00
WF27047EE6,EVT96425D84,InventoryOptimizer,Assigned,2024-10-30 00:00:00,Completed,No,
WF901BD96A,EVT5B2D2B16,VendorAnalyzer,Assigned,2024-09-28 00:00:00,Completed,Yes,2024-09-28 15:00:00
WF20B01108,EVT9BB22497,ApprovalEngine,Updated,2024-03-15 00:00:00,Completed,Yes,2024-03-15 04:00:00
WFFFEDCCA8,EVT4F9A1B16,VendorAnalyzer,Initiated,2024-10-28 00:00:00,Completed,Yes,2024-10-28 10:00:00
